date,vendor_id,city,market,product_category,day_of_week,month,month_num,is_weekend,is_holiday,rain_season,is_big_market_day,is_payday_period,n_transactions,avg_transaction_value_xaf,daily_revenue_xaf
2025-09-01,V001,Buea,Sandpit Market,Fresh Vegetables,Monday,September,9,0,0,1,0,0,7,1528.0,10693.0
2025-09-02,V001,Buea,Sandpit Market,Fresh Vegetables,Tuesday,September,9,0,0,1,0,0,4,2564.0,10258.0
2025-09-03,V001,Buea,Sandpit Market,Fresh Vegetables,Wednesday,September,9,0,0,1,0,0,9,1412.0,12708.0
2025-09-04,V001,Buea,Sandpit Market,Fresh Vegetables,Thursday,September,9,0,0,1,0,0,5,2192.0,10959.0
2025-09-05,V001,Buea,Sandpit Market,Fresh Vegetables,Friday,September,9,0,0,1,0,0,12,1436.0,17230.0
2025-09-06,V001,Buea,Sandpit Market,Fresh Vegetables,Saturday,September,9,1,0,1,1,0,21,2043.0,42902.0
2025-09-07,V001,Buea,Sandpit Market,Fresh Vegetables,Sunday,September,9,1,0,1,0,0,8,1957.0,15654.0
2025-09-08,V001,Buea,Sandpit Market,Fresh Vegetables,Monday,September,9,0,0,1,0,0,6,1976.0,11854.0
2025-09-09,V001,Buea,Sandpit Market,Fresh Vegetables,Tuesday,September,9,0,0,1,0,0,6,2303.0,13819.0
2025-09-10,V001,Buea,Sandpit Market,Fresh Vegetables,Wednesday,September,9,0,0,1,0,0,5,2113.0,10567.0
2025-09-11,V001,Buea,Sandpit Market,Fresh Vegetables,Thursday,September,9,0,0,1,0,0,8,1713.0,13707.0
2025-09-12,V001,Buea,Sandpit Market,Fresh Vegetables,Friday,September,9,0,0,1,0,0,11,1879.0,20667.0
2025-09-13,V001,Buea,Sandpit Market,Fresh Vegetables,Saturday,September,9,1,0,1,0,0,9,1940.0,17462.0
2025-09-14,V001,Buea,Sandpit Market,Fresh Vegetables,Sunday,September,9,1,0,1,0,0,8,2132.0,17056.0
2025-09-15,V001,Buea,Sandpit Market,Fresh Vegetables,Monday,September,9,0,0,1,0,0,5,2292.0,11459.0
2025-09-16,V001,Buea,Sandpit Market,Fresh Vegetables,Tuesday,September,9,0,0,1,0,0,5,2242.0,11208.0
2025-09-17,V001,Buea,Sandpit Market,Fresh Vegetables,Wednesday,September,9,0,0,1,0,0,6,1777.0,10664.0
2025-09-18,V001,Buea,Sandpit Market,Fresh Vegetables,Thursday,September,9,0,0,1,0,0,9,1239.0,11147.0
2025-09-19,V001,Buea,Sandpit Market,Fresh Vegetables,Friday,September,9,0,0,1,0,0,6,1905.0,11430.0
2025-09-20,V001,Buea,Sandpit Market,Fresh Vegetables,Saturday,September,9,1,0,1,1,0,10,2096.0,20958.0
2025-09-21,V001,Buea,Sandpit Market,Fresh Vegetables,Sunday,September,9,1,0,1,0,0,8,1861.0,14887.0
2025-09-22,V001,Buea,Sandpit Market,Fresh Vegetables,Monday,September,9,0,0,1,0,0,5,2142.0,10710.0
2025-09-23,V001,Buea,Sandpit Market,Fresh Vegetables,Tuesday,September,9,0,0,1,0,0,8,1626.0,13010.0
2025-09-24,V001,Buea,Sandpit Market,Fresh Vegetables,Wednesday,September,9,0,0,1,0,0,8,1188.0,9503.0
2025-09-25,V001,Buea,Sandpit Market,Fresh Vegetables,Thursday,September,9,0,0,1,0,0,12,1223.0,14681.0
2025-09-26,V001,Buea,Sandpit Market,Fresh Vegetables,Friday,September,9,0,0,1,0,0,9,1444.0,13000.0
2025-09-27,V001,Buea,Sandpit Market,Fresh Vegetables,Saturday,September,9,1,0,1,0,0,8,2219.0,17752.0
2025-09-28,V001,Buea,Sandpit Market,Fresh Vegetables,Sunday,September,9,1,0,1,0,1,9,1972.0,17752.0
2025-09-29,V001,Buea,Sandpit Market,Fresh Vegetables,Monday,September,9,0,0,1,0,1,6,1595.0,9569.0
2025-09-30,V001,Buea,Sandpit Market,Fresh Vegetables,Tuesday,September,9,0,0,1,0,1,8,1935.0,15476.0
2025-10-01,V001,Buea,Sandpit Market,Fresh Vegetables,Wednesday,October,10,0,0,1,0,0,4,2384.0,9535.0
2025-10-02,V001,Buea,Sandpit Market,Fresh Vegetables,Thursday,October,10,0,0,1,0,0,7,1770.0,12388.0
2025-10-03,V001,Buea,Sandpit Market,Fresh Vegetables,Friday,October,10,0,0,1,0,0,11,1529.0,16820.0
2025-10-04,V001,Buea,Sandpit Market,Fresh Vegetables,Saturday,October,10,1,0,1,1,0,11,2005.0,22054.0
2025-10-05,V001,Buea,Sandpit Market,Fresh Vegetables,Sunday,October,10,1,0,1,0,0,10,1615.0,16149.0
2025-10-06,V001,Buea,Sandpit Market,Fresh Vegetables,Monday,October,10,0,0,1,0,0,5,2546.0,12729.0
2025-10-07,V001,Buea,Sandpit Market,Fresh Vegetables,Tuesday,October,10,0,0,1,0,0,7,1799.0,12590.0
2025-10-08,V001,Buea,Sandpit Market,Fresh Vegetables,Wednesday,October,10,0,0,1,0,0,8,1624.0,12994.0
2025-10-09,V001,Buea,Sandpit Market,Fresh Vegetables,Thursday,October,10,0,0,1,0,0,5,2451.0,12254.0
2025-10-10,V001,Buea,Sandpit Market,Fresh Vegetables,Friday,October,10,0,0,1,0,0,5,2932.0,14662.0
2025-10-11,V001,Buea,Sandpit Market,Fresh Vegetables,Saturday,October,10,1,0,1,0,0,10,1599.0,15990.0
2025-10-12,V001,Buea,Sandpit Market,Fresh Vegetables,Sunday,October,10,1,0,1,0,0,5,2692.0,13462.0
2025-10-13,V001,Buea,Sandpit Market,Fresh Vegetables,Monday,October,10,0,0,1,0,0,8,1702.0,13616.0
2025-10-14,V001,Buea,Sandpit Market,Fresh Vegetables,Tuesday,October,10,0,0,1,0,0,6,1716.0,10295.0
2025-10-15,V001,Buea,Sandpit Market,Fresh Vegetables,Wednesday,October,10,0,0,1,0,0,3,3118.0,9354.0
2025-10-16,V001,Buea,Sandpit Market,Fresh Vegetables,Thursday,October,10,0,0,1,0,0,8,1934.0,15473.0
2025-10-17,V001,Buea,Sandpit Market,Fresh Vegetables,Friday,October,10,0,0,1,0,0,11,1471.0,16183.0
2025-10-18,V001,Buea,Sandpit Market,Fresh Vegetables,Saturday,October,10,1,0,1,1,0,10,1815.0,18152.0
2025-10-19,V001,Buea,Sandpit Market,Fresh Vegetables,Sunday,October,10,1,0,1,0,0,8,1589.0,12709.0
2025-10-20,V001,Buea,Sandpit Market,Fresh Vegetables,Monday,October,10,0,0,1,0,0,7,1599.0,11195.0
2025-10-21,V001,Buea,Sandpit Market,Fresh Vegetables,Tuesday,October,10,0,0,1,0,0,3,3445.0,10334.0
2025-10-22,V001,Buea,Sandpit Market,Fresh Vegetables,Wednesday,October,10,0,0,1,0,0,4,2640.0,10560.0
2025-10-23,V001,Buea,Sandpit Market,Fresh Vegetables,Thursday,October,10,0,0,1,0,0,8,1703.0,13628.0
2025-10-24,V001,Buea,Sandpit Market,Fresh Vegetables,Friday,October,10,0,0,1,0,0,7,2404.0,16830.0
2025-10-25,V001,Buea,Sandpit Market,Fresh Vegetables,Saturday,October,10,1,0,1,0,0,8,2503.0,20023.0
2025-10-26,V001,Buea,Sandpit Market,Fresh Vegetables,Sunday,October,10,1,0,1,0,0,12,1503.0,18032.0
2025-10-27,V001,Buea,Sandpit Market,Fresh Vegetables,Monday,October,10,0,0,1,0,0,3,2978.0,8934.0
2025-10-28,V001,Buea,Sandpit Market,Fresh Vegetables,Tuesday,October,10,0,0,1,0,0,7,1816.0,12713.0
2025-10-29,V001,Buea,Sandpit Market,Fresh Vegetables,Wednesday,October,10,0,0,1,0,1,16,984.0,15741.0
2025-10-30,V001,Buea,Sandpit Market,Fresh Vegetables,Thursday,October,10,0,0,1,0,1,12,1609.0,19303.0
2025-10-31,V001,Buea,Sandpit Market,Fresh Vegetables,Friday,October,10,0,0,1,0,1,11,1595.0,17542.0
2025-11-01,V001,Buea,Sandpit Market,Fresh Vegetables,Saturday,November,11,1,0,0,1,0,10,2034.0,20344.0
2025-11-02,V001,Buea,Sandpit Market,Fresh Vegetables,Sunday,November,11,1,0,0,0,0,8,1765.0,14122.0
2025-11-03,V001,Buea,Sandpit Market,Fresh Vegetables,Monday,November,11,0,0,0,0,0,5,3473.0,17365.0
2025-11-04,V001,Buea,Sandpit Market,Fresh Vegetables,Tuesday,November,11,0,0,0,0,0,4,3404.0,13618.0
2025-11-05,V001,Buea,Sandpit Market,Fresh Vegetables,Wednesday,November,11,0,0,0,0,0,8,1432.0,11460.0
2025-11-06,V001,Buea,Sandpit Market,Fresh Vegetables,Thursday,November,11,0,0,0,0,0,5,2673.0,13363.0
2025-11-07,V001,Buea,Sandpit Market,Fresh Vegetables,Friday,November,11,0,0,0,0,0,9,1577.0,14194.0
2025-11-08,V001,Buea,Sandpit Market,Fresh Vegetables,Saturday,November,11,1,0,0,0,0,10,1737.0,17373.0
2025-11-09,V001,Buea,Sandpit Market,Fresh Vegetables,Sunday,November,11,1,0,0,0,0,7,2220.0,15538.0
2025-11-10,V001,Buea,Sandpit Market,Fresh Vegetables,Monday,November,11,0,0,0,0,0,10,1684.0,16840.0
2025-11-11,V001,Buea,Sandpit Market,Fresh Vegetables,Tuesday,November,11,0,0,0,0,0,5,1672.0,8359.0
2025-11-12,V001,Buea,Sandpit Market,Fresh Vegetables,Wednesday,November,11,0,0,0,0,0,7,1582.0,11075.0
2025-11-13,V001,Buea,Sandpit Market,Fresh Vegetables,Thursday,November,11,0,0,0,0,0,6,1909.0,11453.0
2025-11-14,V001,Buea,Sandpit Market,Fresh Vegetables,Friday,November,11,0,0,0,0,0,11,1607.0,17681.0
2025-11-15,V001,Buea,Sandpit Market,Fresh Vegetables,Saturday,November,11,1,0,0,1,0,9,2093.0,18838.0
2025-11-16,V001,Buea,Sandpit Market,Fresh Vegetables,Sunday,November,11,1,0,0,0,0,6,2358.0,14148.0
2025-11-17,V001,Buea,Sandpit Market,Fresh Vegetables,Monday,November,11,0,0,0,0,0,9,1748.0,15731.0
2025-11-18,V001,Buea,Sandpit Market,Fresh Vegetables,Tuesday,November,11,0,0,0,0,0,7,1370.0,9592.0
2025-11-19,V001,Buea,Sandpit Market,Fresh Vegetables,Wednesday,November,11,0,0,0,0,0,12,1523.0,18279.0
2025-11-20,V001,Buea,Sandpit Market,Fresh Vegetables,Thursday,November,11,0,0,0,0,0,4,2512.0,10049.0
2025-11-21,V001,Buea,Sandpit Market,Fresh Vegetables,Friday,November,11,0,0,0,0,0,9,2253.0,20280.0
2025-11-22,V001,Buea,Sandpit Market,Fresh Vegetables,Saturday,November,11,1,0,0,0,0,13,1651.0,21462.0
2025-11-23,V001,Buea,Sandpit Market,Fresh Vegetables,Sunday,November,11,1,0,0,0,0,7,1863.0,13043.0
2025-11-24,V001,Buea,Sandpit Market,Fresh Vegetables,Monday,November,11,0,0,0,0,0,3,2129.0,6388.0
2025-11-25,V001,Buea,Sandpit Market,Fresh Vegetables,Tuesday,November,11,0,0,0,0,0,3,3833.0,11500.0
2025-11-26,V001,Buea,Sandpit Market,Fresh Vegetables,Wednesday,November,11,0,0,0,0,0,6,2789.0,16737.0
2025-11-27,V001,Buea,Sandpit Market,Fresh Vegetables,Thursday,November,11,0,0,0,0,0,7,1743.0,12204.0
2025-11-28,V001,Buea,Sandpit Market,Fresh Vegetables,Friday,November,11,0,0,0,0,1,10,2407.0,24066.0
2025-11-29,V001,Buea,Sandpit Market,Fresh Vegetables,Saturday,November,11,1,0,0,0,1,15,1873.0,28093.0
2025-11-30,V001,Buea,Sandpit Market,Fresh Vegetables,Sunday,November,11,1,0,0,0,1,9,1650.0,14853.0
2025-12-01,V001,Buea,Sandpit Market,Fresh Vegetables,Monday,December,12,0,0,0,0,0,5,2373.0,11866.0
2025-12-02,V001,Buea,Sandpit Market,Fresh Vegetables,Tuesday,December,12,0,0,0,0,0,6,2031.0,12187.0
2025-12-03,V001,Buea,Sandpit Market,Fresh Vegetables,Wednesday,December,12,0,0,0,0,0,8,1592.0,12733.0
2025-12-04,V001,Buea,Sandpit Market,Fresh Vegetables,Thursday,December,12,0,0,0,0,0,7,2511.0,17574.0
2025-12-05,V001,Buea,Sandpit Market,Fresh Vegetables,Friday,December,12,0,0,0,0,0,9,2634.0,23702.0
2025-12-06,V001,Buea,Sandpit Market,Fresh Vegetables,Saturday,December,12,1,0,0,1,0,13,1750.0,22751.0
2025-12-07,V001,Buea,Sandpit Market,Fresh Vegetables,Sunday,December,12,1,0,0,0,0,7,2316.0,16211.0
2025-12-08,V001,Buea,Sandpit Market,Fresh Vegetables,Monday,December,12,0,0,0,0,0,5,2205.0,11027.0
2025-12-09,V001,Buea,Sandpit Market,Fresh Vegetables,Tuesday,December,12,0,0,0,0,0,7,1546.0,10824.0
2025-12-10,V001,Buea,Sandpit Market,Fresh Vegetables,Wednesday,December,12,0,0,0,0,0,6,2217.0,13304.0
2025-12-11,V001,Buea,Sandpit Market,Fresh Vegetables,Thursday,December,12,0,0,0,0,0,9,1726.0,15531.0
2025-12-12,V001,Buea,Sandpit Market,Fresh Vegetables,Friday,December,12,0,0,0,0,0,11,1699.0,18689.0
2025-12-13,V001,Buea,Sandpit Market,Fresh Vegetables,Saturday,December,12,1,0,0,0,0,8,2133.0,17068.0
2025-12-14,V001,Buea,Sandpit Market,Fresh Vegetables,Sunday,December,12,1,0,0,0,0,11,1603.0,17630.0
2025-12-15,V001,Buea,Sandpit Market,Fresh Vegetables,Monday,December,12,0,0,0,0,0,6,1901.0,11405.0
2025-12-16,V001,Buea,Sandpit Market,Fresh Vegetables,Tuesday,December,12,0,0,0,0,0,7,2164.0,15147.0
2025-12-17,V001,Buea,Sandpit Market,Fresh Vegetables,Wednesday,December,12,0,0,0,0,0,7,1967.0,13767.0
2025-12-18,V001,Buea,Sandpit Market,Fresh Vegetables,Thursday,December,12,0,0,0,0,0,9,1411.0,12702.0
2025-12-19,V001,Buea,Sandpit Market,Fresh Vegetables,Friday,December,12,0,0,0,0,0,12,1561.0,18731.0
2025-12-20,V001,Buea,Sandpit Market,Fresh Vegetables,Saturday,December,12,1,0,0,1,0,16,1848.0,29574.0
2025-12-21,V001,Buea,Sandpit Market,Fresh Vegetables,Sunday,December,12,1,0,0,0,0,9,1936.0,17424.0
2025-12-22,V001,Buea,Sandpit Market,Fresh Vegetables,Monday,December,12,0,0,0,0,0,6,2023.0,12136.0
2025-12-23,V001,Buea,Sandpit Market,Fresh Vegetables,Tuesday,December,12,0,0,0,0,0,7,1750.0,12247.0
2025-12-24,V001,Buea,Sandpit Market,Fresh Vegetables,Wednesday,December,12,0,0,0,0,0,10,1077.0,10767.0
2025-12-25,V001,Buea,Sandpit Market,Fresh Vegetables,Thursday,December,12,0,1,0,0,0,5,2755.0,13777.0
2025-12-26,V001,Buea,Sandpit Market,Fresh Vegetables,Friday,December,12,0,0,0,0,0,12,1657.0,19887.0
2025-12-27,V001,Buea,Sandpit Market,Fresh Vegetables,Saturday,December,12,1,0,0,0,0,13,1705.0,22170.0
2025-12-28,V001,Buea,Sandpit Market,Fresh Vegetables,Sunday,December,12,1,0,0,0,0,6,2563.0,15377.0
2025-12-29,V001,Buea,Sandpit Market,Fresh Vegetables,Monday,December,12,0,0,0,0,1,6,2224.0,13346.0
2025-12-30,V001,Buea,Sandpit Market,Fresh Vegetables,Tuesday,December,12,0,0,0,0,1,8,2062.0,16496.0
2025-12-31,V001,Buea,Sandpit Market,Fresh Vegetables,Wednesday,December,12,0,0,0,0,1,6,2061.0,12366.0
2026-01-01,V001,Buea,Sandpit Market,Fresh Vegetables,Thursday,January,1,0,1,0,0,0,8,2223.0,17786.0
2026-01-02,V001,Buea,Sandpit Market,Fresh Vegetables,Friday,January,1,0,0,0,0,0,8,1740.0,13924.0
2026-01-03,V001,Buea,Sandpit Market,Fresh Vegetables,Saturday,January,1,1,0,0,1,0,12,2036.0,24435.0
2026-01-04,V001,Buea,Sandpit Market,Fresh Vegetables,Sunday,January,1,1,0,0,0,0,8,1770.0,14158.0
2026-01-05,V001,Buea,Sandpit Market,Fresh Vegetables,Monday,January,1,0,0,0,0,0,3,2940.0,8821.0
2026-01-06,V001,Buea,Sandpit Market,Fresh Vegetables,Tuesday,January,1,0,0,0,0,0,5,2115.0,10575.0
2026-01-07,V001,Buea,Sandpit Market,Fresh Vegetables,Wednesday,January,1,0,0,0,0,0,10,1319.0,13194.0
2026-01-08,V001,Buea,Sandpit Market,Fresh Vegetables,Thursday,January,1,0,0,0,0,0,8,1927.0,15415.0
2026-01-09,V001,Buea,Sandpit Market,Fresh Vegetables,Friday,January,1,0,0,0,0,0,6,2682.0,16090.0
2026-01-10,V001,Buea,Sandpit Market,Fresh Vegetables,Saturday,January,1,1,0,0,0,0,10,1975.0,19748.0
2026-01-11,V001,Buea,Sandpit Market,Fresh Vegetables,Sunday,January,1,1,0,0,0,0,7,2333.0,16333.0
2026-01-12,V001,Buea,Sandpit Market,Fresh Vegetables,Monday,January,1,0,0,0,0,0,10,1257.0,12570.0
2026-01-13,V001,Buea,Sandpit Market,Fresh Vegetables,Tuesday,January,1,0,0,0,0,0,7,1686.0,11802.0
2026-01-14,V001,Buea,Sandpit Market,Fresh Vegetables,Wednesday,January,1,0,0,0,0,0,7,2018.0,14126.0
2026-01-15,V001,Buea,Sandpit Market,Fresh Vegetables,Thursday,January,1,0,0,0,0,0,7,1965.0,13753.0
2026-01-16,V001,Buea,Sandpit Market,Fresh Vegetables,Friday,January,1,0,0,0,0,0,7,2347.0,16431.0
2026-01-17,V001,Buea,Sandpit Market,Fresh Vegetables,Saturday,January,1,1,0,0,1,0,14,1677.0,23484.0
2026-01-18,V001,Buea,Sandpit Market,Fresh Vegetables,Sunday,January,1,1,0,0,0,0,13,1539.0,20011.0
2026-01-19,V001,Buea,Sandpit Market,Fresh Vegetables,Monday,January,1,0,0,0,0,0,7,2410.0,16868.0
2026-01-20,V001,Buea,Sandpit Market,Fresh Vegetables,Tuesday,January,1,0,0,0,0,0,8,1760.0,14082.0
2026-01-21,V001,Buea,Sandpit Market,Fresh Vegetables,Wednesday,January,1,0,0,0,0,0,8,2313.0,18503.0
2026-01-22,V001,Buea,Sandpit Market,Fresh Vegetables,Thursday,January,1,0,0,0,0,0,5,2271.0,11356.0
2026-01-23,V001,Buea,Sandpit Market,Fresh Vegetables,Friday,January,1,0,0,0,0,0,5,2203.0,11016.0
2026-01-24,V001,Buea,Sandpit Market,Fresh Vegetables,Saturday,January,1,1,0,0,0,0,9,1920.0,17284.0
2026-01-25,V001,Buea,Sandpit Market,Fresh Vegetables,Sunday,January,1,1,0,0,0,0,12,1366.0,16389.0
2026-01-26,V001,Buea,Sandpit Market,Fresh Vegetables,Monday,January,1,0,0,0,0,0,6,2264.0,13584.0
2026-01-27,V001,Buea,Sandpit Market,Fresh Vegetables,Tuesday,January,1,0,0,0,0,0,6,1706.0,10238.0
2026-01-28,V001,Buea,Sandpit Market,Fresh Vegetables,Wednesday,January,1,0,0,0,0,0,9,1093.0,9837.0
2026-01-29,V001,Buea,Sandpit Market,Fresh Vegetables,Thursday,January,1,0,0,0,0,1,9,2087.0,18784.0
2026-01-30,V001,Buea,Sandpit Market,Fresh Vegetables,Friday,January,1,0,0,0,0,1,10,1364.0,13640.0
2026-01-31,V001,Buea,Sandpit Market,Fresh Vegetables,Saturday,January,1,1,0,0,0,1,14,1594.0,22321.0
2026-02-01,V001,Buea,Sandpit Market,Fresh Vegetables,Sunday,February,2,1,0,0,0,0,5,2313.0,11566.0
2026-02-02,V001,Buea,Sandpit Market,Fresh Vegetables,Monday,February,2,0,0,0,0,0,6,1910.0,11459.0
2026-02-03,V001,Buea,Sandpit Market,Fresh Vegetables,Tuesday,February,2,0,0,0,0,0,7,1586.0,11099.0
2026-02-04,V001,Buea,Sandpit Market,Fresh Vegetables,Wednesday,February,2,0,0,0,0,0,5,2059.0,10294.0
2026-02-05,V001,Buea,Sandpit Market,Fresh Vegetables,Thursday,February,2,0,0,0,0,0,8,1687.0,13499.0
2026-02-06,V001,Buea,Sandpit Market,Fresh Vegetables,Friday,February,2,0,0,0,0,0,7,2622.0,18351.0
2026-02-07,V001,Buea,Sandpit Market,Fresh Vegetables,Saturday,February,2,1,0,0,1,0,12,1478.0,17739.0
2026-02-08,V001,Buea,Sandpit Market,Fresh Vegetables,Sunday,February,2,1,0,0,0,0,7,2337.0,16361.0
2026-02-09,V001,Buea,Sandpit Market,Fresh Vegetables,Monday,February,2,0,0,0,0,0,8,1892.0,15135.0
2026-02-10,V001,Buea,Sandpit Market,Fresh Vegetables,Tuesday,February,2,0,0,0,0,0,8,1860.0,14881.0
2026-02-11,V001,Buea,Sandpit Market,Fresh Vegetables,Wednesday,February,2,0,1,0,0,0,16,1412.0,22598.0
2026-02-12,V001,Buea,Sandpit Market,Fresh Vegetables,Thursday,February,2,0,0,0,0,0,8,1579.0,12631.0
2026-02-13,V001,Buea,Sandpit Market,Fresh Vegetables,Friday,February,2,0,0,0,0,0,12,1511.0,18134.0
2026-02-14,V001,Buea,Sandpit Market,Fresh Vegetables,Saturday,February,2,1,0,0,0,0,10,1666.0,16655.0
2026-02-15,V001,Buea,Sandpit Market,Fresh Vegetables,Sunday,February,2,1,0,0,0,0,6,3108.0,18645.0
2026-02-16,V001,Buea,Sandpit Market,Fresh Vegetables,Monday,February,2,0,0,0,0,0,3,3084.0,9252.0
2026-02-17,V001,Buea,Sandpit Market,Fresh Vegetables,Tuesday,February,2,0,0,0,0,0,7,1638.0,11466.0
2026-02-18,V001,Buea,Sandpit Market,Fresh Vegetables,Wednesday,February,2,0,0,0,0,0,9,1817.0,16350.0
2026-02-19,V001,Buea,Sandpit Market,Fresh Vegetables,Thursday,February,2,0,0,0,0,0,7,2530.0,17709.0
2026-02-20,V001,Buea,Sandpit Market,Fresh Vegetables,Friday,February,2,0,0,0,0,0,6,1980.0,11882.0
2026-02-21,V001,Buea,Sandpit Market,Fresh Vegetables,Saturday,February,2,1,0,0,1,0,13,1927.0,25054.0
2026-02-22,V001,Buea,Sandpit Market,Fresh Vegetables,Sunday,February,2,1,0,0,0,0,5,2124.0,10622.0
2026-02-23,V001,Buea,Sandpit Market,Fresh Vegetables,Monday,February,2,0,0,0,0,0,6,1509.0,9052.0
2026-02-24,V001,Buea,Sandpit Market,Fresh Vegetables,Tuesday,February,2,0,0,0,0,0,5,2571.0,12856.0
2026-02-25,V001,Buea,Sandpit Market,Fresh Vegetables,Wednesday,February,2,0,0,0,0,0,4,2843.0,11373.0
2026-02-26,V001,Buea,Sandpit Market,Fresh Vegetables,Thursday,February,2,0,0,0,0,1,10,1502.0,15020.0
2026-02-27,V001,Buea,Sandpit Market,Fresh Vegetables,Friday,February,2,0,0,0,0,1,9,1728.0,15548.0
2026-02-28,V001,Buea,Sandpit Market,Fresh Vegetables,Saturday,February,2,1,0,0,0,1,9,2301.0,20712.0
2026-03-01,V001,Buea,Sandpit Market,Fresh Vegetables,Sunday,March,3,1,0,0,0,0,6,2520.0,15117.0
2026-03-02,V001,Buea,Sandpit Market,Fresh Vegetables,Monday,March,3,0,0,0,0,0,3,3454.0,10362.0
2026-03-03,V001,Buea,Sandpit Market,Fresh Vegetables,Tuesday,March,3,0,0,0,0,0,9,1905.0,17141.0
2026-03-04,V001,Buea,Sandpit Market,Fresh Vegetables,Wednesday,March,3,0,0,0,0,0,6,1833.0,10999.0
2026-03-05,V001,Buea,Sandpit Market,Fresh Vegetables,Thursday,March,3,0,0,0,0,0,6,2158.0,12945.0
2026-03-06,V001,Buea,Sandpit Market,Fresh Vegetables,Friday,March,3,0,0,0,0,0,11,1639.0,18032.0
2026-03-07,V001,Buea,Sandpit Market,Fresh Vegetables,Saturday,March,3,1,0,0,1,0,10,2125.0,21251.0
2026-03-08,V001,Buea,Sandpit Market,Fresh Vegetables,Sunday,March,3,1,1,0,0,0,5,3667.0,18333.0
2026-03-09,V001,Buea,Sandpit Market,Fresh Vegetables,Monday,March,3,0,0,0,0,0,7,1245.0,8715.0
2026-03-10,V001,Buea,Sandpit Market,Fresh Vegetables,Tuesday,March,3,0,0,0,0,0,8,2023.0,16183.0
2026-03-11,V001,Buea,Sandpit Market,Fresh Vegetables,Wednesday,March,3,0,0,0,0,0,8,1730.0,13840.0
2026-03-12,V001,Buea,Sandpit Market,Fresh Vegetables,Thursday,March,3,0,0,0,0,0,15,1533.0,22992.0
2026-03-13,V001,Buea,Sandpit Market,Fresh Vegetables,Friday,March,3,0,0,0,0,0,6,2630.0,15777.0
2026-03-14,V001,Buea,Sandpit Market,Fresh Vegetables,Saturday,March,3,1,0,0,0,0,8,1855.0,14839.0
2026-03-15,V001,Buea,Sandpit Market,Fresh Vegetables,Sunday,March,3,1,0,0,0,0,4,3362.0,13450.0
2026-03-16,V001,Buea,Sandpit Market,Fresh Vegetables,Monday,March,3,0,0,0,0,0,3,3397.0,10190.0
2026-03-17,V001,Buea,Sandpit Market,Fresh Vegetables,Tuesday,March,3,0,0,0,0,0,10,1631.0,16306.0
2026-03-18,V001,Buea,Sandpit Market,Fresh Vegetables,Wednesday,March,3,0,0,0,0,0,9,1384.0,12458.0
2026-03-19,V001,Buea,Sandpit Market,Fresh Vegetables,Thursday,March,3,0,0,0,0,0,5,2679.0,13395.0
2026-03-20,V001,Buea,Sandpit Market,Fresh Vegetables,Friday,March,3,0,0,0,0,0,12,1770.0,21237.0
2026-03-21,V001,Buea,Sandpit Market,Fresh Vegetables,Saturday,March,3,1,0,0,1,0,10,1940.0,19399.0
2026-03-22,V001,Buea,Sandpit Market,Fresh Vegetables,Sunday,March,3,1,0,0,0,0,4,3291.0,13164.0
2026-03-23,V001,Buea,Sandpit Market,Fresh Vegetables,Monday,March,3,0,0,0,0,0,11,1230.0,13525.0
2026-03-24,V001,Buea,Sandpit Market,Fresh Vegetables,Tuesday,March,3,0,0,0,0,0,6,1559.0,9357.0
2026-03-25,V001,Buea,Sandpit Market,Fresh Vegetables,Wednesday,March,3,0,0,0,0,0,5,2219.0,11097.0
2026-03-26,V001,Buea,Sandpit Market,Fresh Vegetables,Thursday,March,3,0,0,0,0,0,4,2968.0,11873.0
2026-03-27,V001,Buea,Sandpit Market,Fresh Vegetables,Friday,March,3,0,0,0,0,0,7,2327.0,16287.0
2026-03-28,V001,Buea,Sandpit Market,Fresh Vegetables,Saturday,March,3,1,0,0,0,0,11,1891.0,20803.0
2026-03-29,V001,Buea,Sandpit Market,Fresh Vegetables,Sunday,March,3,1,0,0,0,1,7,2425.0,16977.0
2026-03-30,V001,Buea,Sandpit Market,Fresh Vegetables,Monday,March,3,0,0,0,0,1,8,1483.0,11867.0
2026-03-31,V001,Buea,Sandpit Market,Fresh Vegetables,Tuesday,March,3,0,0,0,0,1,6,2524.0,15147.0
2025-09-01,V002,Buea,Mile 17 Motor Park Market,Fruits (Mango/Avocado/Pineapple),Monday,September,9,0,0,1,0,0,14,1472.0,20610.0
2025-09-02,V002,Buea,Mile 17 Motor Park Market,Fruits (Mango/Avocado/Pineapple),Tuesday,September,9,0,0,1,0,0,7,1674.0,11715.0
2025-09-03,V002,Buea,Mile 17 Motor Park Market,Fruits (Mango/Avocado/Pineapple),Wednesday,September,9,0,0,1,0,0,3,4796.0,14389.0
2025-09-04,V002,Buea,Mile 17 Motor Park Market,Fruits (Mango/Avocado/Pineapple),Thursday,September,9,0,0,1,0,0,6,2530.0,15180.0
2025-09-05,V002,Buea,Mile 17 Motor Park Market,Fruits (Mango/Avocado/Pineapple),Friday,September,9,0,0,1,0,0,8,1803.0,14424.0
2025-09-06,V002,Buea,Mile 17 Motor Park Market,Fruits (Mango/Avocado/Pineapple),Saturday,September,9,1,0,1,1,0,14,1851.0,25913.0
2025-09-07,V002,Buea,Mile 17 Motor Park Market,Fruits (Mango/Avocado/Pineapple),Sunday,September,9,1,0,1,0,0,9,1685.0,15166.0
2025-09-08,V002,Buea,Mile 17 Motor Park Market,Fruits (Mango/Avocado/Pineapple),Monday,September,9,0,0,1,0,0,11,1427.0,15695.0
2025-09-09,V002,Buea,Mile 17 Motor Park Market,Fruits (Mango/Avocado/Pineapple),Tuesday,September,9,0,0,1,0,0,3,3635.0,10906.0
2025-09-10,V002,Buea,Mile 17 Motor Park Market,Fruits (Mango/Avocado/Pineapple),Wednesday,September,9,0,0,1,0,0,8,2078.0,16622.0
2025-09-11,V002,Buea,Mile 17 Motor Park Market,Fruits (Mango/Avocado/Pineapple),Thursday,September,9,0,0,1,0,0,13,1383.0,17974.0
2025-09-12,V002,Buea,Mile 17 Motor Park Market,Fruits (Mango/Avocado/Pineapple),Friday,September,9,0,0,1,0,0,11,1944.0,21381.0
2025-09-13,V002,Buea,Mile 17 Motor Park Market,Fruits (Mango/Avocado/Pineapple),Saturday,September,9,1,0,1,0,0,10,2052.0,20520.0
2025-09-14,V002,Buea,Mile 17 Motor Park Market,Fruits (Mango/Avocado/Pineapple),Sunday,September,9,1,0,1,0,0,15,1349.0,20235.0
2025-09-15,V002,Buea,Mile 17 Motor Park Market,Fruits (Mango/Avocado/Pineapple),Monday,September,9,0,0,1,0,0,8,1495.0,11959.0
2025-09-16,V002,Buea,Mile 17 Motor Park Market,Fruits (Mango/Avocado/Pineapple),Tuesday,September,9,0,0,1,0,0,3,3464.0,10393.0
2025-09-17,V002,Buea,Mile 17 Motor Park Market,Fruits (Mango/Avocado/Pineapple),Wednesday,September,9,0,0,1,0,0,8,2348.0,18788.0
2025-09-18,V002,Buea,Mile 17 Motor Park Market,Fruits (Mango/Avocado/Pineapple),Thursday,September,9,0,0,1,0,0,9,1940.0,17460.0
2025-09-19,V002,Buea,Mile 17 Motor Park Market,Fruits (Mango/Avocado/Pineapple),Friday,September,9,0,0,1,0,0,11,1890.0,20792.0
2025-09-20,V002,Buea,Mile 17 Motor Park Market,Fruits (Mango/Avocado/Pineapple),Saturday,September,9,1,0,1,1,0,14,1595.0,22330.0
2025-09-21,V002,Buea,Mile 17 Motor Park Market,Fruits (Mango/Avocado/Pineapple),Sunday,September,9,1,0,1,0,0,12,1544.0,18524.0
2025-09-22,V002,Buea,Mile 17 Motor Park Market,Fruits (Mango/Avocado/Pineapple),Monday,September,9,0,0,1,0,0,8,1843.0,14742.0
2025-09-23,V002,Buea,Mile 17 Motor Park Market,Fruits (Mango/Avocado/Pineapple),Tuesday,September,9,0,0,1,0,0,4,2711.0,10845.0
2025-09-24,V002,Buea,Mile 17 Motor Park Market,Fruits (Mango/Avocado/Pineapple),Wednesday,September,9,0,0,1,0,0,7,2250.0,15749.0
2025-09-25,V002,Buea,Mile 17 Motor Park Market,Fruits (Mango/Avocado/Pineapple),Thursday,September,9,0,0,1,0,0,10,1546.0,15464.0
2025-09-26,V002,Buea,Mile 17 Motor Park Market,Fruits (Mango/Avocado/Pineapple),Friday,September,9,0,0,1,0,0,8,2396.0,19167.0
2025-09-27,V002,Buea,Mile 17 Motor Park Market,Fruits (Mango/Avocado/Pineapple),Saturday,September,9,1,0,1,0,0,11,2079.0,22865.0
2025-09-28,V002,Buea,Mile 17 Motor Park Market,Fruits (Mango/Avocado/Pineapple),Sunday,September,9,1,0,1,0,1,17,1519.0,25830.0
2025-09-29,V002,Buea,Mile 17 Motor Park Market,Fruits (Mango/Avocado/Pineapple),Monday,September,9,0,0,1,0,1,7,1747.0,12231.0
2025-09-30,V002,Buea,Mile 17 Motor Park Market,Fruits (Mango/Avocado/Pineapple),Tuesday,September,9,0,0,1,0,1,9,1224.0,11020.0
2025-10-01,V002,Buea,Mile 17 Motor Park Market,Fruits (Mango/Avocado/Pineapple),Wednesday,October,10,0,0,1,0,0,14,1147.0,16061.0
2025-10-02,V002,Buea,Mile 17 Motor Park Market,Fruits (Mango/Avocado/Pineapple),Thursday,October,10,0,0,1,0,0,10,1679.0,16790.0
2025-10-03,V002,Buea,Mile 17 Motor Park Market,Fruits (Mango/Avocado/Pineapple),Friday,October,10,0,0,1,0,0,12,1743.0,20922.0
2025-10-04,V002,Buea,Mile 17 Motor Park Market,Fruits (Mango/Avocado/Pineapple),Saturday,October,10,1,0,1,1,0,22,1636.0,35981.0
2025-10-05,V002,Buea,Mile 17 Motor Park Market,Fruits (Mango/Avocado/Pineapple),Sunday,October,10,1,0,1,0,0,11,1805.0,19853.0
2025-10-06,V002,Buea,Mile 17 Motor Park Market,Fruits (Mango/Avocado/Pineapple),Monday,October,10,0,0,1,0,0,6,1990.0,11939.0
2025-10-07,V002,Buea,Mile 17 Motor Park Market,Fruits (Mango/Avocado/Pineapple),Tuesday,October,10,0,0,1,0,0,14,1692.0,23688.0
2025-10-08,V002,Buea,Mile 17 Motor Park Market,Fruits (Mango/Avocado/Pineapple),Wednesday,October,10,0,0,1,0,0,6,2216.0,13298.0
2025-10-09,V002,Buea,Mile 17 Motor Park Market,Fruits (Mango/Avocado/Pineapple),Thursday,October,10,0,0,1,0,0,6,3199.0,19192.0
2025-10-10,V002,Buea,Mile 17 Motor Park Market,Fruits (Mango/Avocado/Pineapple),Friday,October,10,0,0,1,0,0,6,2659.0,15952.0
2025-10-11,V002,Buea,Mile 17 Motor Park Market,Fruits (Mango/Avocado/Pineapple),Saturday,October,10,1,0,1,0,0,9,2093.0,18841.0
2025-10-12,V002,Buea,Mile 17 Motor Park Market,Fruits (Mango/Avocado/Pineapple),Sunday,October,10,1,0,1,0,0,9,2042.0,18375.0
2025-10-13,V002,Buea,Mile 17 Motor Park Market,Fruits (Mango/Avocado/Pineapple),Monday,October,10,0,0,1,0,0,8,2061.0,16490.0
2025-10-14,V002,Buea,Mile 17 Motor Park Market,Fruits (Mango/Avocado/Pineapple),Tuesday,October,10,0,0,1,0,0,12,1534.0,18411.0
2025-10-15,V002,Buea,Mile 17 Motor Park Market,Fruits (Mango/Avocado/Pineapple),Wednesday,October,10,0,0,1,0,0,7,1628.0,11393.0
2025-10-16,V002,Buea,Mile 17 Motor Park Market,Fruits (Mango/Avocado/Pineapple),Thursday,October,10,0,0,1,0,0,6,2614.0,15685.0
2025-10-17,V002,Buea,Mile 17 Motor Park Market,Fruits (Mango/Avocado/Pineapple),Friday,October,10,0,0,1,0,0,10,1771.0,17708.0
2025-10-18,V002,Buea,Mile 17 Motor Park Market,Fruits (Mango/Avocado/Pineapple),Saturday,October,10,1,0,1,1,0,16,1826.0,29212.0
2025-10-19,V002,Buea,Mile 17 Motor Park Market,Fruits (Mango/Avocado/Pineapple),Sunday,October,10,1,0,1,0,0,9,1840.0,16556.0
2025-10-20,V002,Buea,Mile 17 Motor Park Market,Fruits (Mango/Avocado/Pineapple),Monday,October,10,0,0,1,0,0,5,2496.0,12482.0
2025-10-21,V002,Buea,Mile 17 Motor Park Market,Fruits (Mango/Avocado/Pineapple),Tuesday,October,10,0,0,1,0,0,5,3852.0,19258.0
2025-10-22,V002,Buea,Mile 17 Motor Park Market,Fruits (Mango/Avocado/Pineapple),Wednesday,October,10,0,0,1,0,0,6,3243.0,19457.0
2025-10-23,V002,Buea,Mile 17 Motor Park Market,Fruits (Mango/Avocado/Pineapple),Thursday,October,10,0,0,1,0,0,7,2180.0,15263.0
2025-10-24,V002,Buea,Mile 17 Motor Park Market,Fruits (Mango/Avocado/Pineapple),Friday,October,10,0,0,1,0,0,7,2231.0,15618.0
2025-10-25,V002,Buea,Mile 17 Motor Park Market,Fruits (Mango/Avocado/Pineapple),Saturday,October,10,1,0,1,0,0,12,1928.0,23136.0
2025-10-26,V002,Buea,Mile 17 Motor Park Market,Fruits (Mango/Avocado/Pineapple),Sunday,October,10,1,0,1,0,0,13,1539.0,20002.0
2025-10-27,V002,Buea,Mile 17 Motor Park Market,Fruits (Mango/Avocado/Pineapple),Monday,October,10,0,0,1,0,0,4,2765.0,11060.0
2025-10-28,V002,Buea,Mile 17 Motor Park Market,Fruits (Mango/Avocado/Pineapple),Tuesday,October,10,0,0,1,0,0,8,1706.0,13648.0
2025-10-29,V002,Buea,Mile 17 Motor Park Market,Fruits (Mango/Avocado/Pineapple),Wednesday,October,10,0,0,1,0,1,8,2098.0,16786.0
2025-10-30,V002,Buea,Mile 17 Motor Park Market,Fruits (Mango/Avocado/Pineapple),Thursday,October,10,0,0,1,0,1,11,1721.0,18934.0
2025-10-31,V002,Buea,Mile 17 Motor Park Market,Fruits (Mango/Avocado/Pineapple),Friday,October,10,0,0,1,0,1,15,2075.0,31120.0
2025-11-01,V002,Buea,Mile 17 Motor Park Market,Fruits (Mango/Avocado/Pineapple),Saturday,November,11,1,0,0,1,0,12,2157.0,25887.0
2025-11-02,V002,Buea,Mile 17 Motor Park Market,Fruits (Mango/Avocado/Pineapple),Sunday,November,11,1,0,0,0,0,11,1293.0,14220.0
2025-11-03,V002,Buea,Mile 17 Motor Park Market,Fruits (Mango/Avocado/Pineapple),Monday,November,11,0,0,0,0,0,4,2853.0,11410.0
2025-11-04,V002,Buea,Mile 17 Motor Park Market,Fruits (Mango/Avocado/Pineapple),Tuesday,November,11,0,0,0,0,0,7,2715.0,19007.0
2025-11-05,V002,Buea,Mile 17 Motor Park Market,Fruits (Mango/Avocado/Pineapple),Wednesday,November,11,0,0,0,0,0,7,2545.0,17815.0
2025-11-06,V002,Buea,Mile 17 Motor Park Market,Fruits (Mango/Avocado/Pineapple),Thursday,November,11,0,0,0,0,0,7,2943.0,20604.0
2025-11-07,V002,Buea,Mile 17 Motor Park Market,Fruits (Mango/Avocado/Pineapple),Friday,November,11,0,0,0,0,0,7,2096.0,14675.0
2025-11-08,V002,Buea,Mile 17 Motor Park Market,Fruits (Mango/Avocado/Pineapple),Saturday,November,11,1,0,0,0,0,16,1838.0,29414.0
2025-11-09,V002,Buea,Mile 17 Motor Park Market,Fruits (Mango/Avocado/Pineapple),Sunday,November,11,1,0,0,0,0,12,1507.0,18080.0
2025-11-10,V002,Buea,Mile 17 Motor Park Market,Fruits (Mango/Avocado/Pineapple),Monday,November,11,0,0,0,0,0,13,1618.0,21029.0
2025-11-11,V002,Buea,Mile 17 Motor Park Market,Fruits (Mango/Avocado/Pineapple),Tuesday,November,11,0,0,0,0,0,6,2235.0,13408.0
2025-11-12,V002,Buea,Mile 17 Motor Park Market,Fruits (Mango/Avocado/Pineapple),Wednesday,November,11,0,0,0,0,0,7,1761.0,12330.0
2025-11-13,V002,Buea,Mile 17 Motor Park Market,Fruits (Mango/Avocado/Pineapple),Thursday,November,11,0,0,0,0,0,7,1754.0,12277.0
2025-11-14,V002,Buea,Mile 17 Motor Park Market,Fruits (Mango/Avocado/Pineapple),Friday,November,11,0,0,0,0,0,17,1698.0,28869.0
2025-11-15,V002,Buea,Mile 17 Motor Park Market,Fruits (Mango/Avocado/Pineapple),Saturday,November,11,1,0,0,1,0,15,1785.0,26779.0
2025-11-16,V002,Buea,Mile 17 Motor Park Market,Fruits (Mango/Avocado/Pineapple),Sunday,November,11,1,0,0,0,0,17,1512.0,25711.0
2025-11-17,V002,Buea,Mile 17 Motor Park Market,Fruits (Mango/Avocado/Pineapple),Monday,November,11,0,0,0,0,0,7,1701.0,11909.0
2025-11-18,V002,Buea,Mile 17 Motor Park Market,Fruits (Mango/Avocado/Pineapple),Tuesday,November,11,0,0,0,0,0,9,1620.0,14578.0
2025-11-19,V002,Buea,Mile 17 Motor Park Market,Fruits (Mango/Avocado/Pineapple),Wednesday,November,11,0,0,0,0,0,4,4165.0,16659.0
2025-11-20,V002,Buea,Mile 17 Motor Park Market,Fruits (Mango/Avocado/Pineapple),Thursday,November,11,0,0,0,0,0,8,1933.0,15463.0
2025-11-21,V002,Buea,Mile 17 Motor Park Market,Fruits (Mango/Avocado/Pineapple),Friday,November,11,0,0,0,0,0,9,1727.0,15542.0
2025-11-22,V002,Buea,Mile 17 Motor Park Market,Fruits (Mango/Avocado/Pineapple),Saturday,November,11,1,0,0,0,0,8,2346.0,18769.0
2025-11-23,V002,Buea,Mile 17 Motor Park Market,Fruits (Mango/Avocado/Pineapple),Sunday,November,11,1,0,0,0,0,11,2223.0,24451.0
2025-11-24,V002,Buea,Mile 17 Motor Park Market,Fruits (Mango/Avocado/Pineapple),Monday,November,11,0,0,0,0,0,5,3164.0,15820.0
2025-11-25,V002,Buea,Mile 17 Motor Park Market,Fruits (Mango/Avocado/Pineapple),Tuesday,November,11,0,0,0,0,0,11,1983.0,21816.0
2025-11-26,V002,Buea,Mile 17 Motor Park Market,Fruits (Mango/Avocado/Pineapple),Wednesday,November,11,0,0,0,0,0,9,1757.0,15817.0
2025-11-27,V002,Buea,Mile 17 Motor Park Market,Fruits (Mango/Avocado/Pineapple),Thursday,November,11,0,0,0,0,0,7,2624.0,18365.0
2025-11-28,V002,Buea,Mile 17 Motor Park Market,Fruits (Mango/Avocado/Pineapple),Friday,November,11,0,0,0,0,1,11,2102.0,23117.0
2025-11-29,V002,Buea,Mile 17 Motor Park Market,Fruits (Mango/Avocado/Pineapple),Saturday,November,11,1,0,0,0,1,13,1612.0,20951.0
2025-11-30,V002,Buea,Mile 17 Motor Park Market,Fruits (Mango/Avocado/Pineapple),Sunday,November,11,1,0,0,0,1,12,1728.0,20730.0
2025-12-01,V002,Buea,Mile 17 Motor Park Market,Fruits (Mango/Avocado/Pineapple),Monday,December,12,0,0,0,0,0,7,2105.0,14737.0
2025-12-02,V002,Buea,Mile 17 Motor Park Market,Fruits (Mango/Avocado/Pineapple),Tuesday,December,12,0,0,0,0,0,11,1946.0,21402.0
2025-12-03,V002,Buea,Mile 17 Motor Park Market,Fruits (Mango/Avocado/Pineapple),Wednesday,December,12,0,0,0,0,0,5,2349.0,11746.0
2025-12-04,V002,Buea,Mile 17 Motor Park Market,Fruits (Mango/Avocado/Pineapple),Thursday,December,12,0,0,0,0,0,11,1637.0,18012.0
2025-12-05,V002,Buea,Mile 17 Motor Park Market,Fruits (Mango/Avocado/Pineapple),Friday,December,12,0,0,0,0,0,11,1504.0,16543.0
2025-12-06,V002,Buea,Mile 17 Motor Park Market,Fruits (Mango/Avocado/Pineapple),Saturday,December,12,1,0,0,1,0,14,1515.0,21216.0
2025-12-07,V002,Buea,Mile 17 Motor Park Market,Fruits (Mango/Avocado/Pineapple),Sunday,December,12,1,0,0,0,0,7,2164.0,15146.0
2025-12-08,V002,Buea,Mile 17 Motor Park Market,Fruits (Mango/Avocado/Pineapple),Monday,December,12,0,0,0,0,0,9,1920.0,17281.0
2025-12-09,V002,Buea,Mile 17 Motor Park Market,Fruits (Mango/Avocado/Pineapple),Tuesday,December,12,0,0,0,0,0,10,1737.0,17374.0
2025-12-10,V002,Buea,Mile 17 Motor Park Market,Fruits (Mango/Avocado/Pineapple),Wednesday,December,12,0,0,0,0,0,13,1508.0,19598.0
2025-12-11,V002,Buea,Mile 17 Motor Park Market,Fruits (Mango/Avocado/Pineapple),Thursday,December,12,0,0,0,0,0,9,1686.0,15171.0
2025-12-12,V002,Buea,Mile 17 Motor Park Market,Fruits (Mango/Avocado/Pineapple),Friday,December,12,0,0,0,0,0,8,1911.0,15287.0
2025-12-13,V002,Buea,Mile 17 Motor Park Market,Fruits (Mango/Avocado/Pineapple),Saturday,December,12,1,0,0,0,0,16,1788.0,28613.0
2025-12-14,V002,Buea,Mile 17 Motor Park Market,Fruits (Mango/Avocado/Pineapple),Sunday,December,12,1,0,0,0,0,11,1892.0,20814.0
2025-12-15,V002,Buea,Mile 17 Motor Park Market,Fruits (Mango/Avocado/Pineapple),Monday,December,12,0,0,0,0,0,9,1943.0,17483.0
2025-12-16,V002,Buea,Mile 17 Motor Park Market,Fruits (Mango/Avocado/Pineapple),Tuesday,December,12,0,0,0,0,0,9,1533.0,13794.0
2025-12-17,V002,Buea,Mile 17 Motor Park Market,Fruits (Mango/Avocado/Pineapple),Wednesday,December,12,0,0,0,0,0,7,1725.0,12073.0
2025-12-18,V002,Buea,Mile 17 Motor Park Market,Fruits (Mango/Avocado/Pineapple),Thursday,December,12,0,0,0,0,0,10,1365.0,13646.0
2025-12-19,V002,Buea,Mile 17 Motor Park Market,Fruits (Mango/Avocado/Pineapple),Friday,December,12,0,0,0,0,0,10,1920.0,19197.0
2025-12-20,V002,Buea,Mile 17 Motor Park Market,Fruits (Mango/Avocado/Pineapple),Saturday,December,12,1,0,0,1,0,13,2414.0,31385.0
2025-12-21,V002,Buea,Mile 17 Motor Park Market,Fruits (Mango/Avocado/Pineapple),Sunday,December,12,1,0,0,0,0,11,1553.0,17084.0
2025-12-22,V002,Buea,Mile 17 Motor Park Market,Fruits (Mango/Avocado/Pineapple),Monday,December,12,0,0,0,0,0,9,1853.0,16679.0
2025-12-23,V002,Buea,Mile 17 Motor Park Market,Fruits (Mango/Avocado/Pineapple),Tuesday,December,12,0,0,0,0,0,7,1681.0,11765.0
2025-12-24,V002,Buea,Mile 17 Motor Park Market,Fruits (Mango/Avocado/Pineapple),Wednesday,December,12,0,0,0,0,0,9,1964.0,17678.0
2025-12-25,V002,Buea,Mile 17 Motor Park Market,Fruits (Mango/Avocado/Pineapple),Thursday,December,12,0,1,0,0,0,12,2137.0,25646.0
2025-12-26,V002,Buea,Mile 17 Motor Park Market,Fruits (Mango/Avocado/Pineapple),Friday,December,12,0,0,0,0,0,5,3671.0,18356.0
2025-12-27,V002,Buea,Mile 17 Motor Park Market,Fruits (Mango/Avocado/Pineapple),Saturday,December,12,1,0,0,0,0,16,1821.0,29140.0
2025-12-28,V002,Buea,Mile 17 Motor Park Market,Fruits (Mango/Avocado/Pineapple),Sunday,December,12,1,0,0,0,0,4,3547.0,14190.0
2025-12-29,V002,Buea,Mile 17 Motor Park Market,Fruits (Mango/Avocado/Pineapple),Monday,December,12,0,0,0,0,1,9,1558.0,14023.0
2025-12-30,V002,Buea,Mile 17 Motor Park Market,Fruits (Mango/Avocado/Pineapple),Tuesday,December,12,0,0,0,0,1,7,2334.0,16341.0
2025-12-31,V002,Buea,Mile 17 Motor Park Market,Fruits (Mango/Avocado/Pineapple),Wednesday,December,12,0,0,0,0,1,6,2486.0,14918.0
2026-01-01,V002,Buea,Mile 17 Motor Park Market,Fruits (Mango/Avocado/Pineapple),Thursday,January,1,0,1,0,0,0,5,2906.0,14529.0
2026-01-02,V002,Buea,Mile 17 Motor Park Market,Fruits (Mango/Avocado/Pineapple),Friday,January,1,0,0,0,0,0,10,1659.0,16594.0
2026-01-03,V002,Buea,Mile 17 Motor Park Market,Fruits (Mango/Avocado/Pineapple),Saturday,January,1,1,0,0,1,0,14,2020.0,28282.0
2026-01-04,V002,Buea,Mile 17 Motor Park Market,Fruits (Mango/Avocado/Pineapple),Sunday,January,1,1,0,0,0,0,14,2079.0,29107.0
2026-01-05,V002,Buea,Mile 17 Motor Park Market,Fruits (Mango/Avocado/Pineapple),Monday,January,1,0,0,0,0,0,13,1354.0,17603.0
2026-01-06,V002,Buea,Mile 17 Motor Park Market,Fruits (Mango/Avocado/Pineapple),Tuesday,January,1,0,0,0,0,0,6,1884.0,11307.0
2026-01-07,V002,Buea,Mile 17 Motor Park Market,Fruits (Mango/Avocado/Pineapple),Wednesday,January,1,0,0,0,0,0,6,2361.0,14165.0
2026-01-08,V002,Buea,Mile 17 Motor Park Market,Fruits (Mango/Avocado/Pineapple),Thursday,January,1,0,0,0,0,0,8,2274.0,18193.0
2026-01-09,V002,Buea,Mile 17 Motor Park Market,Fruits (Mango/Avocado/Pineapple),Friday,January,1,0,0,0,0,0,9,2045.0,18402.0
2026-01-10,V002,Buea,Mile 17 Motor Park Market,Fruits (Mango/Avocado/Pineapple),Saturday,January,1,1,0,0,0,0,10,2309.0,23089.0
2026-01-11,V002,Buea,Mile 17 Motor Park Market,Fruits (Mango/Avocado/Pineapple),Sunday,January,1,1,0,0,0,0,14,1583.0,22165.0
2026-01-12,V002,Buea,Mile 17 Motor Park Market,Fruits (Mango/Avocado/Pineapple),Monday,January,1,0,0,0,0,0,7,2168.0,15178.0
2026-01-13,V002,Buea,Mile 17 Motor Park Market,Fruits (Mango/Avocado/Pineapple),Tuesday,January,1,0,0,0,0,0,5,2642.0,13211.0
2026-01-14,V002,Buea,Mile 17 Motor Park Market,Fruits (Mango/Avocado/Pineapple),Wednesday,January,1,0,0,0,0,0,15,1584.0,23766.0
2026-01-15,V002,Buea,Mile 17 Motor Park Market,Fruits (Mango/Avocado/Pineapple),Thursday,January,1,0,0,0,0,0,8,1769.0,14152.0
2026-01-16,V002,Buea,Mile 17 Motor Park Market,Fruits (Mango/Avocado/Pineapple),Friday,January,1,0,0,0,0,0,11,1714.0,18850.0
2026-01-17,V002,Buea,Mile 17 Motor Park Market,Fruits (Mango/Avocado/Pineapple),Saturday,January,1,1,0,0,1,0,20,1607.0,32133.0
2026-01-18,V002,Buea,Mile 17 Motor Park Market,Fruits (Mango/Avocado/Pineapple),Sunday,January,1,1,0,0,0,0,9,1831.0,16480.0
2026-01-19,V002,Buea,Mile 17 Motor Park Market,Fruits (Mango/Avocado/Pineapple),Monday,January,1,0,0,0,0,0,3,3472.0,10415.0
2026-01-20,V002,Buea,Mile 17 Motor Park Market,Fruits (Mango/Avocado/Pineapple),Tuesday,January,1,0,0,0,0,0,7,2512.0,17586.0
2026-01-21,V002,Buea,Mile 17 Motor Park Market,Fruits (Mango/Avocado/Pineapple),Wednesday,January,1,0,0,0,0,0,7,1909.0,13364.0
2026-01-22,V002,Buea,Mile 17 Motor Park Market,Fruits (Mango/Avocado/Pineapple),Thursday,January,1,0,0,0,0,0,8,2332.0,18655.0
2026-01-23,V002,Buea,Mile 17 Motor Park Market,Fruits (Mango/Avocado/Pineapple),Friday,January,1,0,0,0,0,0,4,2688.0,10753.0
2026-01-24,V002,Buea,Mile 17 Motor Park Market,Fruits (Mango/Avocado/Pineapple),Saturday,January,1,1,0,0,0,0,17,1805.0,30678.0
2026-01-25,V002,Buea,Mile 17 Motor Park Market,Fruits (Mango/Avocado/Pineapple),Sunday,January,1,1,0,0,0,0,11,2216.0,24374.0
2026-01-26,V002,Buea,Mile 17 Motor Park Market,Fruits (Mango/Avocado/Pineapple),Monday,January,1,0,0,0,0,0,6,1770.0,10622.0
2026-01-27,V002,Buea,Mile 17 Motor Park Market,Fruits (Mango/Avocado/Pineapple),Tuesday,January,1,0,0,0,0,0,9,1740.0,15661.0
2026-01-28,V002,Buea,Mile 17 Motor Park Market,Fruits (Mango/Avocado/Pineapple),Wednesday,January,1,0,0,0,0,0,11,1672.0,18391.0
2026-01-29,V002,Buea,Mile 17 Motor Park Market,Fruits (Mango/Avocado/Pineapple),Thursday,January,1,0,0,0,0,1,12,1697.0,20366.0
2026-01-30,V002,Buea,Mile 17 Motor Park Market,Fruits (Mango/Avocado/Pineapple),Friday,January,1,0,0,0,0,1,15,1689.0,25329.0
2026-01-31,V002,Buea,Mile 17 Motor Park Market,Fruits (Mango/Avocado/Pineapple),Saturday,January,1,1,0,0,0,1,21,1621.0,34050.0
2026-02-01,V002,Buea,Mile 17 Motor Park Market,Fruits (Mango/Avocado/Pineapple),Sunday,February,2,1,0,0,0,0,10,1709.0,17088.0
2026-02-02,V002,Buea,Mile 17 Motor Park Market,Fruits (Mango/Avocado/Pineapple),Monday,February,2,0,0,0,0,0,5,2669.0,13347.0
2026-02-03,V002,Buea,Mile 17 Motor Park Market,Fruits (Mango/Avocado/Pineapple),Tuesday,February,2,0,0,0,0,0,8,1656.0,13248.0
2026-02-04,V002,Buea,Mile 17 Motor Park Market,Fruits (Mango/Avocado/Pineapple),Wednesday,February,2,0,0,0,0,0,10,1676.0,16764.0
2026-02-05,V002,Buea,Mile 17 Motor Park Market,Fruits (Mango/Avocado/Pineapple),Thursday,February,2,0,0,0,0,0,8,1976.0,15807.0
2026-02-06,V002,Buea,Mile 17 Motor Park Market,Fruits (Mango/Avocado/Pineapple),Friday,February,2,0,0,0,0,0,9,2590.0,23312.0
2026-02-07,V002,Buea,Mile 17 Motor Park Market,Fruits (Mango/Avocado/Pineapple),Saturday,February,2,1,0,0,1,0,16,1829.0,29268.0
2026-02-08,V002,Buea,Mile 17 Motor Park Market,Fruits (Mango/Avocado/Pineapple),Sunday,February,2,1,0,0,0,0,9,2444.0,21995.0
2026-02-09,V002,Buea,Mile 17 Motor Park Market,Fruits (Mango/Avocado/Pineapple),Monday,February,2,0,0,0,0,0,10,1867.0,18673.0
2026-02-10,V002,Buea,Mile 17 Motor Park Market,Fruits (Mango/Avocado/Pineapple),Tuesday,February,2,0,0,0,0,0,7,2248.0,15736.0
2026-02-11,V002,Buea,Mile 17 Motor Park Market,Fruits (Mango/Avocado/Pineapple),Wednesday,February,2,0,1,0,0,0,11,1946.0,21411.0
2026-02-12,V002,Buea,Mile 17 Motor Park Market,Fruits (Mango/Avocado/Pineapple),Thursday,February,2,0,0,0,0,0,8,2558.0,20465.0
2026-02-13,V002,Buea,Mile 17 Motor Park Market,Fruits (Mango/Avocado/Pineapple),Friday,February,2,0,0,0,0,0,12,1731.0,20767.0
2026-02-14,V002,Buea,Mile 17 Motor Park Market,Fruits (Mango/Avocado/Pineapple),Saturday,February,2,1,0,0,0,0,12,1990.0,23879.0
2026-02-15,V002,Buea,Mile 17 Motor Park Market,Fruits (Mango/Avocado/Pineapple),Sunday,February,2,1,0,0,0,0,10,1799.0,17992.0
2026-02-16,V002,Buea,Mile 17 Motor Park Market,Fruits (Mango/Avocado/Pineapple),Monday,February,2,0,0,0,0,0,7,1471.0,10300.0
2026-02-17,V002,Buea,Mile 17 Motor Park Market,Fruits (Mango/Avocado/Pineapple),Tuesday,February,2,0,0,0,0,0,7,1965.0,13757.0
2026-02-18,V002,Buea,Mile 17 Motor Park Market,Fruits (Mango/Avocado/Pineapple),Wednesday,February,2,0,0,0,0,0,8,2076.0,16610.0
2026-02-19,V002,Buea,Mile 17 Motor Park Market,Fruits (Mango/Avocado/Pineapple),Thursday,February,2,0,0,0,0,0,4,4020.0,16079.0
2026-02-20,V002,Buea,Mile 17 Motor Park Market,Fruits (Mango/Avocado/Pineapple),Friday,February,2,0,0,0,0,0,14,1640.0,22955.0
2026-02-21,V002,Buea,Mile 17 Motor Park Market,Fruits (Mango/Avocado/Pineapple),Saturday,February,2,1,0,0,1,0,11,1950.0,21453.0
2026-02-22,V002,Buea,Mile 17 Motor Park Market,Fruits (Mango/Avocado/Pineapple),Sunday,February,2,1,0,0,0,0,8,1924.0,15392.0
2026-02-23,V002,Buea,Mile 17 Motor Park Market,Fruits (Mango/Avocado/Pineapple),Monday,February,2,0,0,0,0,0,10,1603.0,16034.0
2026-02-24,V002,Buea,Mile 17 Motor Park Market,Fruits (Mango/Avocado/Pineapple),Tuesday,February,2,0,0,0,0,0,12,1530.0,18355.0
2026-02-25,V002,Buea,Mile 17 Motor Park Market,Fruits (Mango/Avocado/Pineapple),Wednesday,February,2,0,0,0,0,0,6,2490.0,14938.0
2026-02-26,V002,Buea,Mile 17 Motor Park Market,Fruits (Mango/Avocado/Pineapple),Thursday,February,2,0,0,0,0,1,11,1686.0,18545.0
2026-02-27,V002,Buea,Mile 17 Motor Park Market,Fruits (Mango/Avocado/Pineapple),Friday,February,2,0,0,0,0,1,13,1427.0,18553.0
2026-02-28,V002,Buea,Mile 17 Motor Park Market,Fruits (Mango/Avocado/Pineapple),Saturday,February,2,1,0,0,0,1,18,1854.0,33379.0
2026-03-01,V002,Buea,Mile 17 Motor Park Market,Fruits (Mango/Avocado/Pineapple),Sunday,March,3,1,0,0,0,0,8,2112.0,16899.0
2026-03-02,V002,Buea,Mile 17 Motor Park Market,Fruits (Mango/Avocado/Pineapple),Monday,March,3,0,0,0,0,0,7,2066.0,14459.0
2026-03-03,V002,Buea,Mile 17 Motor Park Market,Fruits (Mango/Avocado/Pineapple),Tuesday,March,3,0,0,0,0,0,9,1978.0,17798.0
2026-03-04,V002,Buea,Mile 17 Motor Park Market,Fruits (Mango/Avocado/Pineapple),Wednesday,March,3,0,0,0,0,0,9,1892.0,17029.0
2026-03-05,V002,Buea,Mile 17 Motor Park Market,Fruits (Mango/Avocado/Pineapple),Thursday,March,3,0,0,0,0,0,9,1920.0,17281.0
2026-03-06,V002,Buea,Mile 17 Motor Park Market,Fruits (Mango/Avocado/Pineapple),Friday,March,3,0,0,0,0,0,14,1632.0,22854.0
2026-03-07,V002,Buea,Mile 17 Motor Park Market,Fruits (Mango/Avocado/Pineapple),Saturday,March,3,1,0,0,1,0,18,1759.0,31653.0
2026-03-08,V002,Buea,Mile 17 Motor Park Market,Fruits (Mango/Avocado/Pineapple),Sunday,March,3,1,1,0,0,0,11,1841.0,20255.0
2026-03-09,V002,Buea,Mile 17 Motor Park Market,Fruits (Mango/Avocado/Pineapple),Monday,March,3,0,0,0,0,0,10,1786.0,17865.0
2026-03-10,V002,Buea,Mile 17 Motor Park Market,Fruits (Mango/Avocado/Pineapple),Tuesday,March,3,0,0,0,0,0,6,2077.0,12459.0
2026-03-11,V002,Buea,Mile 17 Motor Park Market,Fruits (Mango/Avocado/Pineapple),Wednesday,March,3,0,0,0,0,0,7,2376.0,16634.0
2026-03-12,V002,Buea,Mile 17 Motor Park Market,Fruits (Mango/Avocado/Pineapple),Thursday,March,3,0,0,0,0,0,6,2149.0,12892.0
2026-03-13,V002,Buea,Mile 17 Motor Park Market,Fruits (Mango/Avocado/Pineapple),Friday,March,3,0,0,0,0,0,9,1957.0,17609.0
2026-03-14,V002,Buea,Mile 17 Motor Park Market,Fruits (Mango/Avocado/Pineapple),Saturday,March,3,1,0,0,0,0,11,1686.0,18543.0
2026-03-15,V002,Buea,Mile 17 Motor Park Market,Fruits (Mango/Avocado/Pineapple),Sunday,March,3,1,0,0,0,0,11,1558.0,17133.0
2026-03-16,V002,Buea,Mile 17 Motor Park Market,Fruits (Mango/Avocado/Pineapple),Monday,March,3,0,0,0,0,0,7,1939.0,13574.0
2026-03-17,V002,Buea,Mile 17 Motor Park Market,Fruits (Mango/Avocado/Pineapple),Tuesday,March,3,0,0,0,0,0,6,2423.0,14539.0
2026-03-18,V002,Buea,Mile 17 Motor Park Market,Fruits (Mango/Avocado/Pineapple),Wednesday,March,3,0,0,0,0,0,12,2022.0,24263.0
2026-03-19,V002,Buea,Mile 17 Motor Park Market,Fruits (Mango/Avocado/Pineapple),Thursday,March,3,0,0,0,0,0,8,2474.0,19793.0
2026-03-20,V002,Buea,Mile 17 Motor Park Market,Fruits (Mango/Avocado/Pineapple),Friday,March,3,0,0,0,0,0,12,1793.0,21515.0
2026-03-21,V002,Buea,Mile 17 Motor Park Market,Fruits (Mango/Avocado/Pineapple),Saturday,March,3,1,0,0,1,0,14,2072.0,29012.0
2026-03-22,V002,Buea,Mile 17 Motor Park Market,Fruits (Mango/Avocado/Pineapple),Sunday,March,3,1,0,0,0,0,9,2035.0,18317.0
2026-03-23,V002,Buea,Mile 17 Motor Park Market,Fruits (Mango/Avocado/Pineapple),Monday,March,3,0,0,0,0,0,12,1832.0,21985.0
2026-03-24,V002,Buea,Mile 17 Motor Park Market,Fruits (Mango/Avocado/Pineapple),Tuesday,March,3,0,0,0,0,0,12,1374.0,16485.0
2026-03-25,V002,Buea,Mile 17 Motor Park Market,Fruits (Mango/Avocado/Pineapple),Wednesday,March,3,0,0,0,0,0,7,1897.0,13279.0
2026-03-26,V002,Buea,Mile 17 Motor Park Market,Fruits (Mango/Avocado/Pineapple),Thursday,March,3,0,0,0,0,0,8,1960.0,15684.0
2026-03-27,V002,Buea,Mile 17 Motor Park Market,Fruits (Mango/Avocado/Pineapple),Friday,March,3,0,0,0,0,0,9,2165.0,19483.0
2026-03-28,V002,Buea,Mile 17 Motor Park Market,Fruits (Mango/Avocado/Pineapple),Saturday,March,3,1,0,0,0,0,12,2131.0,25578.0
2026-03-29,V002,Buea,Mile 17 Motor Park Market,Fruits (Mango/Avocado/Pineapple),Sunday,March,3,1,0,0,0,1,15,1759.0,26390.0
2026-03-30,V002,Buea,Mile 17 Motor Park Market,Fruits (Mango/Avocado/Pineapple),Monday,March,3,0,0,0,0,1,7,2145.0,15013.0
2026-03-31,V002,Buea,Mile 17 Motor Park Market,Fruits (Mango/Avocado/Pineapple),Tuesday,March,3,0,0,0,0,1,8,2266.0,18126.0
2025-09-01,V003,Buea,Mile 17 Motor Park Market,Palm Oil & Condiments,Monday,September,9,0,0,1,0,0,6,2256.0,13539.0
2025-09-02,V003,Buea,Mile 17 Motor Park Market,Palm Oil & Condiments,Tuesday,September,9,0,0,1,0,0,9,1679.0,15114.0
2025-09-03,V003,Buea,Mile 17 Motor Park Market,Palm Oil & Condiments,Wednesday,September,9,0,0,1,0,0,8,2204.0,17631.0
2025-09-04,V003,Buea,Mile 17 Motor Park Market,Palm Oil & Condiments,Thursday,September,9,0,0,1,0,0,9,1543.0,13883.0
2025-09-05,V003,Buea,Mile 17 Motor Park Market,Palm Oil & Condiments,Friday,September,9,0,0,1,0,0,13,2111.0,27443.0
2025-09-06,V003,Buea,Mile 17 Motor Park Market,Palm Oil & Condiments,Saturday,September,9,1,0,1,1,0,14,1828.0,25594.0
2025-09-07,V003,Buea,Mile 17 Motor Park Market,Palm Oil & Condiments,Sunday,September,9,1,0,1,0,0,6,2352.0,14111.0
2025-09-08,V003,Buea,Mile 17 Motor Park Market,Palm Oil & Condiments,Monday,September,9,0,0,1,0,0,5,2225.0,11124.0
2025-09-09,V003,Buea,Mile 17 Motor Park Market,Palm Oil & Condiments,Tuesday,September,9,0,0,1,0,0,12,1168.0,14019.0
2025-09-10,V003,Buea,Mile 17 Motor Park Market,Palm Oil & Condiments,Wednesday,September,9,0,0,1,0,0,8,1542.0,12339.0
2025-09-11,V003,Buea,Mile 17 Motor Park Market,Palm Oil & Condiments,Thursday,September,9,0,0,1,0,0,8,1945.0,15561.0
2025-09-12,V003,Buea,Mile 17 Motor Park Market,Palm Oil & Condiments,Friday,September,9,0,0,1,0,0,8,1898.0,15185.0
2025-09-13,V003,Buea,Mile 17 Motor Park Market,Palm Oil & Condiments,Saturday,September,9,1,0,1,0,0,7,2782.0,19477.0
2025-09-14,V003,Buea,Mile 17 Motor Park Market,Palm Oil & Condiments,Sunday,September,9,1,0,1,0,0,13,1641.0,21327.0
2025-09-15,V003,Buea,Mile 17 Motor Park Market,Palm Oil & Condiments,Monday,September,9,0,0,1,0,0,3,3581.0,10742.0
2025-09-16,V003,Buea,Mile 17 Motor Park Market,Palm Oil & Condiments,Tuesday,September,9,0,0,1,0,0,9,1181.0,10630.0
2025-09-17,V003,Buea,Mile 17 Motor Park Market,Palm Oil & Condiments,Wednesday,September,9,0,0,1,0,0,9,1969.0,17724.0
2025-09-18,V003,Buea,Mile 17 Motor Park Market,Palm Oil & Condiments,Thursday,September,9,0,0,1,0,0,5,2304.0,11519.0
2025-09-19,V003,Buea,Mile 17 Motor Park Market,Palm Oil & Condiments,Friday,September,9,0,0,1,0,0,16,1540.0,24640.0
2025-09-20,V003,Buea,Mile 17 Motor Park Market,Palm Oil & Condiments,Saturday,September,9,1,0,1,1,0,14,2100.0,29405.0
2025-09-21,V003,Buea,Mile 17 Motor Park Market,Palm Oil & Condiments,Sunday,September,9,1,0,1,0,0,7,2333.0,16330.0
2025-09-22,V003,Buea,Mile 17 Motor Park Market,Palm Oil & Condiments,Monday,September,9,0,0,1,0,0,7,2028.0,14198.0
2025-09-23,V003,Buea,Mile 17 Motor Park Market,Palm Oil & Condiments,Tuesday,September,9,0,0,1,0,0,7,2218.0,15528.0
2025-09-24,V003,Buea,Mile 17 Motor Park Market,Palm Oil & Condiments,Wednesday,September,9,0,0,1,0,0,5,1953.0,9763.0
2025-09-25,V003,Buea,Mile 17 Motor Park Market,Palm Oil & Condiments,Thursday,September,9,0,0,1,0,0,5,2896.0,14479.0
2025-09-26,V003,Buea,Mile 17 Motor Park Market,Palm Oil & Condiments,Friday,September,9,0,0,1,0,0,9,2427.0,21843.0
2025-09-27,V003,Buea,Mile 17 Motor Park Market,Palm Oil & Condiments,Saturday,September,9,1,0,1,0,0,11,1705.0,18753.0
2025-09-28,V003,Buea,Mile 17 Motor Park Market,Palm Oil & Condiments,Sunday,September,9,1,0,1,0,1,8,1959.0,15670.0
2025-09-29,V003,Buea,Mile 17 Motor Park Market,Palm Oil & Condiments,Monday,September,9,0,0,1,0,1,5,2749.0,13743.0
2025-09-30,V003,Buea,Mile 17 Motor Park Market,Palm Oil & Condiments,Tuesday,September,9,0,0,1,0,1,10,1360.0,13600.0
2025-10-01,V003,Buea,Mile 17 Motor Park Market,Palm Oil & Condiments,Wednesday,October,10,0,0,1,0,0,11,1530.0,16828.0
2025-10-02,V003,Buea,Mile 17 Motor Park Market,Palm Oil & Condiments,Thursday,October,10,0,0,1,0,0,11,1440.0,15840.0
2025-10-03,V003,Buea,Mile 17 Motor Park Market,Palm Oil & Condiments,Friday,October,10,0,0,1,0,0,12,1686.0,20233.0
2025-10-04,V003,Buea,Mile 17 Motor Park Market,Palm Oil & Condiments,Saturday,October,10,1,0,1,1,0,15,1727.0,25901.0
2025-10-05,V003,Buea,Mile 17 Motor Park Market,Palm Oil & Condiments,Sunday,October,10,1,0,1,0,0,8,1958.0,15664.0
2025-10-06,V003,Buea,Mile 17 Motor Park Market,Palm Oil & Condiments,Monday,October,10,0,0,1,0,0,5,2616.0,13082.0
2025-10-07,V003,Buea,Mile 17 Motor Park Market,Palm Oil & Condiments,Tuesday,October,10,0,0,1,0,0,3,4761.0,14282.0
2025-10-08,V003,Buea,Mile 17 Motor Park Market,Palm Oil & Condiments,Wednesday,October,10,0,0,1,0,0,8,1646.0,13171.0
2025-10-09,V003,Buea,Mile 17 Motor Park Market,Palm Oil & Condiments,Thursday,October,10,0,0,1,0,0,4,4624.0,18496.0
2025-10-10,V003,Buea,Mile 17 Motor Park Market,Palm Oil & Condiments,Friday,October,10,0,0,1,0,0,9,1794.0,16148.0
2025-10-11,V003,Buea,Mile 17 Motor Park Market,Palm Oil & Condiments,Saturday,October,10,1,0,1,0,0,11,2264.0,24904.0
2025-10-12,V003,Buea,Mile 17 Motor Park Market,Palm Oil & Condiments,Sunday,October,10,1,0,1,0,0,7,2382.0,16677.0
2025-10-13,V003,Buea,Mile 17 Motor Park Market,Palm Oil & Condiments,Monday,October,10,0,0,1,0,0,7,1849.0,12942.0
2025-10-14,V003,Buea,Mile 17 Motor Park Market,Palm Oil & Condiments,Tuesday,October,10,0,0,1,0,0,11,1273.0,14003.0
2025-10-15,V003,Buea,Mile 17 Motor Park Market,Palm Oil & Condiments,Wednesday,October,10,0,0,1,0,0,10,1513.0,15134.0
2025-10-16,V003,Buea,Mile 17 Motor Park Market,Palm Oil & Condiments,Thursday,October,10,0,0,1,0,0,8,1762.0,14092.0
2025-10-17,V003,Buea,Mile 17 Motor Park Market,Palm Oil & Condiments,Friday,October,10,0,0,1,0,0,9,2354.0,21190.0
2025-10-18,V003,Buea,Mile 17 Motor Park Market,Palm Oil & Condiments,Saturday,October,10,1,0,1,1,0,12,1746.0,20950.0
2025-10-19,V003,Buea,Mile 17 Motor Park Market,Palm Oil & Condiments,Sunday,October,10,1,0,1,0,0,10,1782.0,17823.0
2025-10-20,V003,Buea,Mile 17 Motor Park Market,Palm Oil & Condiments,Monday,October,10,0,0,1,0,0,10,1424.0,14241.0
2025-10-21,V003,Buea,Mile 17 Motor Park Market,Palm Oil & Condiments,Tuesday,October,10,0,0,1,0,0,9,1497.0,13475.0
2025-10-22,V003,Buea,Mile 17 Motor Park Market,Palm Oil & Condiments,Wednesday,October,10,0,0,1,0,0,9,1723.0,15508.0
2025-10-23,V003,Buea,Mile 17 Motor Park Market,Palm Oil & Condiments,Thursday,October,10,0,0,1,0,0,10,1465.0,14649.0
2025-10-24,V003,Buea,Mile 17 Motor Park Market,Palm Oil & Condiments,Friday,October,10,0,0,1,0,0,8,2413.0,19303.0
2025-10-25,V003,Buea,Mile 17 Motor Park Market,Palm Oil & Condiments,Saturday,October,10,1,0,1,0,0,6,2791.0,16747.0
2025-10-26,V003,Buea,Mile 17 Motor Park Market,Palm Oil & Condiments,Sunday,October,10,1,0,1,0,0,10,1353.0,13530.0
2025-10-27,V003,Buea,Mile 17 Motor Park Market,Palm Oil & Condiments,Monday,October,10,0,0,1,0,0,3,3980.0,11939.0
2025-10-28,V003,Buea,Mile 17 Motor Park Market,Palm Oil & Condiments,Tuesday,October,10,0,0,1,0,0,5,2555.0,12776.0
2025-10-29,V003,Buea,Mile 17 Motor Park Market,Palm Oil & Condiments,Wednesday,October,10,0,0,1,0,1,12,1236.0,14830.0
2025-10-30,V003,Buea,Mile 17 Motor Park Market,Palm Oil & Condiments,Thursday,October,10,0,0,1,0,1,11,1437.0,15807.0
2025-10-31,V003,Buea,Mile 17 Motor Park Market,Palm Oil & Condiments,Friday,October,10,0,0,1,0,1,6,2819.0,16915.0
2025-11-01,V003,Buea,Mile 17 Motor Park Market,Palm Oil & Condiments,Saturday,November,11,1,0,0,1,0,23,1430.0,32883.0
2025-11-02,V003,Buea,Mile 17 Motor Park Market,Palm Oil & Condiments,Sunday,November,11,1,0,0,0,0,13,1779.0,23132.0
2025-11-03,V003,Buea,Mile 17 Motor Park Market,Palm Oil & Condiments,Monday,November,11,0,0,0,0,0,9,1656.0,14907.0
2025-11-04,V003,Buea,Mile 17 Motor Park Market,Palm Oil & Condiments,Tuesday,November,11,0,0,0,0,0,9,1794.0,16142.0
2025-11-05,V003,Buea,Mile 17 Motor Park Market,Palm Oil & Condiments,Wednesday,November,11,0,0,0,0,0,8,1859.0,14872.0
2025-11-06,V003,Buea,Mile 17 Motor Park Market,Palm Oil & Condiments,Thursday,November,11,0,0,0,0,0,6,2249.0,13493.0
2025-11-07,V003,Buea,Mile 17 Motor Park Market,Palm Oil & Condiments,Friday,November,11,0,0,0,0,0,7,1990.0,13927.0
2025-11-08,V003,Buea,Mile 17 Motor Park Market,Palm Oil & Condiments,Saturday,November,11,1,0,0,0,0,8,2425.0,19403.0
2025-11-09,V003,Buea,Mile 17 Motor Park Market,Palm Oil & Condiments,Sunday,November,11,1,0,0,0,0,13,1433.0,18624.0
2025-11-10,V003,Buea,Mile 17 Motor Park Market,Palm Oil & Condiments,Monday,November,11,0,0,0,0,0,5,3160.0,15802.0
2025-11-11,V003,Buea,Mile 17 Motor Park Market,Palm Oil & Condiments,Tuesday,November,11,0,0,0,0,0,8,1473.0,11783.0
2025-11-12,V003,Buea,Mile 17 Motor Park Market,Palm Oil & Condiments,Wednesday,November,11,0,0,0,0,0,6,2038.0,12230.0
2025-11-13,V003,Buea,Mile 17 Motor Park Market,Palm Oil & Condiments,Thursday,November,11,0,0,0,0,0,7,2438.0,17063.0
2025-11-14,V003,Buea,Mile 17 Motor Park Market,Palm Oil & Condiments,Friday,November,11,0,0,0,0,0,8,2406.0,19251.0
2025-11-15,V003,Buea,Mile 17 Motor Park Market,Palm Oil & Condiments,Saturday,November,11,1,0,0,1,0,14,1753.0,24548.0
2025-11-16,V003,Buea,Mile 17 Motor Park Market,Palm Oil & Condiments,Sunday,November,11,1,0,0,0,0,8,1692.0,13536.0
2025-11-17,V003,Buea,Mile 17 Motor Park Market,Palm Oil & Condiments,Monday,November,11,0,0,0,0,0,8,1668.0,13347.0
2025-11-18,V003,Buea,Mile 17 Motor Park Market,Palm Oil & Condiments,Tuesday,November,11,0,0,0,0,0,10,1466.0,14660.0
2025-11-19,V003,Buea,Mile 17 Motor Park Market,Palm Oil & Condiments,Wednesday,November,11,0,0,0,0,0,7,2133.0,14929.0
2025-11-20,V003,Buea,Mile 17 Motor Park Market,Palm Oil & Condiments,Thursday,November,11,0,0,0,0,0,9,1755.0,15799.0
2025-11-21,V003,Buea,Mile 17 Motor Park Market,Palm Oil & Condiments,Friday,November,11,0,0,0,0,0,10,1906.0,19056.0
2025-11-22,V003,Buea,Mile 17 Motor Park Market,Palm Oil & Condiments,Saturday,November,11,1,0,0,0,0,10,2043.0,20430.0
2025-11-23,V003,Buea,Mile 17 Motor Park Market,Palm Oil & Condiments,Sunday,November,11,1,0,0,0,0,11,1273.0,14007.0
2025-11-24,V003,Buea,Mile 17 Motor Park Market,Palm Oil & Condiments,Monday,November,11,0,0,0,0,0,4,2677.0,10707.0
2025-11-25,V003,Buea,Mile 17 Motor Park Market,Palm Oil & Condiments,Tuesday,November,11,0,0,0,0,0,8,1547.0,12373.0
2025-11-26,V003,Buea,Mile 17 Motor Park Market,Palm Oil & Condiments,Wednesday,November,11,0,0,0,0,0,10,1384.0,13841.0
2025-11-27,V003,Buea,Mile 17 Motor Park Market,Palm Oil & Condiments,Thursday,November,11,0,0,0,0,0,8,1711.0,13690.0
2025-11-28,V003,Buea,Mile 17 Motor Park Market,Palm Oil & Condiments,Friday,November,11,0,0,0,0,1,14,1335.0,18690.0
2025-11-29,V003,Buea,Mile 17 Motor Park Market,Palm Oil & Condiments,Saturday,November,11,1,0,0,0,1,12,1794.0,21528.0
2025-11-30,V003,Buea,Mile 17 Motor Park Market,Palm Oil & Condiments,Sunday,November,11,1,0,0,0,1,13,1788.0,23241.0
2025-12-01,V003,Buea,Mile 17 Motor Park Market,Palm Oil & Condiments,Monday,December,12,0,0,0,0,0,6,2159.0,12955.0
2025-12-02,V003,Buea,Mile 17 Motor Park Market,Palm Oil & Condiments,Tuesday,December,12,0,0,0,0,0,7,2027.0,14192.0
2025-12-03,V003,Buea,Mile 17 Motor Park Market,Palm Oil & Condiments,Wednesday,December,12,0,0,0,0,0,14,1240.0,17361.0
2025-12-04,V003,Buea,Mile 17 Motor Park Market,Palm Oil & Condiments,Thursday,December,12,0,0,0,0,0,5,2796.0,13979.0
2025-12-05,V003,Buea,Mile 17 Motor Park Market,Palm Oil & Condiments,Friday,December,12,0,0,0,0,0,15,1239.0,18591.0
2025-12-06,V003,Buea,Mile 17 Motor Park Market,Palm Oil & Condiments,Saturday,December,12,1,0,0,1,0,16,1479.0,23670.0
2025-12-07,V003,Buea,Mile 17 Motor Park Market,Palm Oil & Condiments,Sunday,December,12,1,0,0,0,0,12,2032.0,24387.0
2025-12-08,V003,Buea,Mile 17 Motor Park Market,Palm Oil & Condiments,Monday,December,12,0,0,0,0,0,11,1349.0,14839.0
2025-12-09,V003,Buea,Mile 17 Motor Park Market,Palm Oil & Condiments,Tuesday,December,12,0,0,0,0,0,6,2192.0,13152.0
2025-12-10,V003,Buea,Mile 17 Motor Park Market,Palm Oil & Condiments,Wednesday,December,12,0,0,0,0,0,5,2629.0,13145.0
2025-12-11,V003,Buea,Mile 17 Motor Park Market,Palm Oil & Condiments,Thursday,December,12,0,0,0,0,0,5,2750.0,13750.0
2025-12-12,V003,Buea,Mile 17 Motor Park Market,Palm Oil & Condiments,Friday,December,12,0,0,0,0,0,9,2112.0,19005.0
2025-12-13,V003,Buea,Mile 17 Motor Park Market,Palm Oil & Condiments,Saturday,December,12,1,0,0,0,0,10,2418.0,24178.0
2025-12-14,V003,Buea,Mile 17 Motor Park Market,Palm Oil & Condiments,Sunday,December,12,1,0,0,0,0,12,1595.0,19137.0
2025-12-15,V003,Buea,Mile 17 Motor Park Market,Palm Oil & Condiments,Monday,December,12,0,0,0,0,0,5,1871.0,9355.0
2025-12-16,V003,Buea,Mile 17 Motor Park Market,Palm Oil & Condiments,Tuesday,December,12,0,0,0,0,0,7,2509.0,17563.0
2025-12-17,V003,Buea,Mile 17 Motor Park Market,Palm Oil & Condiments,Wednesday,December,12,0,0,0,0,0,11,1793.0,19724.0
2025-12-18,V003,Buea,Mile 17 Motor Park Market,Palm Oil & Condiments,Thursday,December,12,0,0,0,0,0,7,1945.0,13613.0
2025-12-19,V003,Buea,Mile 17 Motor Park Market,Palm Oil & Condiments,Friday,December,12,0,0,0,0,0,11,1899.0,20886.0
2025-12-20,V003,Buea,Mile 17 Motor Park Market,Palm Oil & Condiments,Saturday,December,12,1,0,0,1,0,14,2153.0,30140.0
2025-12-21,V003,Buea,Mile 17 Motor Park Market,Palm Oil & Condiments,Sunday,December,12,1,0,0,0,0,7,2656.0,18589.0
2025-12-22,V003,Buea,Mile 17 Motor Park Market,Palm Oil & Condiments,Monday,December,12,0,0,0,0,0,5,2626.0,13129.0
2025-12-23,V003,Buea,Mile 17 Motor Park Market,Palm Oil & Condiments,Tuesday,December,12,0,0,0,0,0,9,1371.0,12335.0
2025-12-24,V003,Buea,Mile 17 Motor Park Market,Palm Oil & Condiments,Wednesday,December,12,0,0,0,0,0,11,1615.0,17764.0
2025-12-25,V003,Buea,Mile 17 Motor Park Market,Palm Oil & Condiments,Thursday,December,12,0,1,0,0,0,8,1984.0,15870.0
2025-12-26,V003,Buea,Mile 17 Motor Park Market,Palm Oil & Condiments,Friday,December,12,0,0,0,0,0,13,1808.0,23499.0
2025-12-27,V003,Buea,Mile 17 Motor Park Market,Palm Oil & Condiments,Saturday,December,12,1,0,0,0,0,20,1760.0,35193.0
2025-12-28,V003,Buea,Mile 17 Motor Park Market,Palm Oil & Condiments,Sunday,December,12,1,0,0,0,0,9,2074.0,18665.0
2025-12-29,V003,Buea,Mile 17 Motor Park Market,Palm Oil & Condiments,Monday,December,12,0,0,0,0,1,8,1972.0,15778.0
2025-12-30,V003,Buea,Mile 17 Motor Park Market,Palm Oil & Condiments,Tuesday,December,12,0,0,0,0,1,12,1533.0,18394.0
2025-12-31,V003,Buea,Mile 17 Motor Park Market,Palm Oil & Condiments,Wednesday,December,12,0,0,0,0,1,5,2914.0,14571.0
2026-01-01,V003,Buea,Mile 17 Motor Park Market,Palm Oil & Condiments,Thursday,January,1,0,1,0,0,0,8,1735.0,13881.0
2026-01-02,V003,Buea,Mile 17 Motor Park Market,Palm Oil & Condiments,Friday,January,1,0,0,0,0,0,4,3872.0,15487.0
2026-01-03,V003,Buea,Mile 17 Motor Park Market,Palm Oil & Condiments,Saturday,January,1,1,0,0,1,0,21,1397.0,29337.0
2026-01-04,V003,Buea,Mile 17 Motor Park Market,Palm Oil & Condiments,Sunday,January,1,1,0,0,0,0,11,1637.0,18011.0
2026-01-05,V003,Buea,Mile 17 Motor Park Market,Palm Oil & Condiments,Monday,January,1,0,0,0,0,0,7,1942.0,13593.0
2026-01-06,V003,Buea,Mile 17 Motor Park Market,Palm Oil & Condiments,Tuesday,January,1,0,0,0,0,0,8,2077.0,16614.0
2026-01-07,V003,Buea,Mile 17 Motor Park Market,Palm Oil & Condiments,Wednesday,January,1,0,0,0,0,0,9,1702.0,15316.0
2026-01-08,V003,Buea,Mile 17 Motor Park Market,Palm Oil & Condiments,Thursday,January,1,0,0,0,0,0,9,1523.0,13704.0
2026-01-09,V003,Buea,Mile 17 Motor Park Market,Palm Oil & Condiments,Friday,January,1,0,0,0,0,0,8,2288.0,18303.0
2026-01-10,V003,Buea,Mile 17 Motor Park Market,Palm Oil & Condiments,Saturday,January,1,1,0,0,0,0,12,2128.0,25532.0
2026-01-11,V003,Buea,Mile 17 Motor Park Market,Palm Oil & Condiments,Sunday,January,1,1,0,0,0,0,10,1812.0,18122.0
2026-01-12,V003,Buea,Mile 17 Motor Park Market,Palm Oil & Condiments,Monday,January,1,0,0,0,0,0,9,1809.0,16285.0
2026-01-13,V003,Buea,Mile 17 Motor Park Market,Palm Oil & Condiments,Tuesday,January,1,0,0,0,0,0,9,1558.0,14018.0
2026-01-14,V003,Buea,Mile 17 Motor Park Market,Palm Oil & Condiments,Wednesday,January,1,0,0,0,0,0,11,1704.0,18746.0
2026-01-15,V003,Buea,Mile 17 Motor Park Market,Palm Oil & Condiments,Thursday,January,1,0,0,0,0,0,5,3097.0,15483.0
2026-01-16,V003,Buea,Mile 17 Motor Park Market,Palm Oil & Condiments,Friday,January,1,0,0,0,0,0,8,1949.0,15594.0
2026-01-17,V003,Buea,Mile 17 Motor Park Market,Palm Oil & Condiments,Saturday,January,1,1,0,0,1,0,13,1886.0,24512.0
2026-01-18,V003,Buea,Mile 17 Motor Park Market,Palm Oil & Condiments,Sunday,January,1,1,0,0,0,0,11,1656.0,18215.0
2026-01-19,V003,Buea,Mile 17 Motor Park Market,Palm Oil & Condiments,Monday,January,1,0,0,0,0,0,8,1653.0,13225.0
2026-01-20,V003,Buea,Mile 17 Motor Park Market,Palm Oil & Condiments,Tuesday,January,1,0,0,0,0,0,3,4748.0,14245.0
2026-01-21,V003,Buea,Mile 17 Motor Park Market,Palm Oil & Condiments,Wednesday,January,1,0,0,0,0,0,6,2054.0,12326.0
2026-01-22,V003,Buea,Mile 17 Motor Park Market,Palm Oil & Condiments,Thursday,January,1,0,0,0,0,0,8,1554.0,12431.0
2026-01-23,V003,Buea,Mile 17 Motor Park Market,Palm Oil & Condiments,Friday,January,1,0,0,0,0,0,16,1555.0,24881.0
2026-01-24,V003,Buea,Mile 17 Motor Park Market,Palm Oil & Condiments,Saturday,January,1,1,0,0,0,0,15,1487.0,22308.0
2026-01-25,V003,Buea,Mile 17 Motor Park Market,Palm Oil & Condiments,Sunday,January,1,1,0,0,0,0,9,2058.0,18519.0
2026-01-26,V003,Buea,Mile 17 Motor Park Market,Palm Oil & Condiments,Monday,January,1,0,0,0,0,0,6,1999.0,11994.0
2026-01-27,V003,Buea,Mile 17 Motor Park Market,Palm Oil & Condiments,Tuesday,January,1,0,0,0,0,0,7,1876.0,13131.0
2026-01-28,V003,Buea,Mile 17 Motor Park Market,Palm Oil & Condiments,Wednesday,January,1,0,0,0,0,0,8,1878.0,15024.0
2026-01-29,V003,Buea,Mile 17 Motor Park Market,Palm Oil & Condiments,Thursday,January,1,0,0,0,0,1,13,1479.0,19227.0
2026-01-30,V003,Buea,Mile 17 Motor Park Market,Palm Oil & Condiments,Friday,January,1,0,0,0,0,1,11,2343.0,25771.0
2026-01-31,V003,Buea,Mile 17 Motor Park Market,Palm Oil & Condiments,Saturday,January,1,1,0,0,0,1,11,1530.0,16835.0
2026-02-01,V003,Buea,Mile 17 Motor Park Market,Palm Oil & Condiments,Sunday,February,2,1,0,0,0,0,7,2014.0,14098.0
2026-02-02,V003,Buea,Mile 17 Motor Park Market,Palm Oil & Condiments,Monday,February,2,0,0,0,0,0,3,3617.0,10850.0
2026-02-03,V003,Buea,Mile 17 Motor Park Market,Palm Oil & Condiments,Tuesday,February,2,0,0,0,0,0,10,1552.0,15522.0
2026-02-04,V003,Buea,Mile 17 Motor Park Market,Palm Oil & Condiments,Wednesday,February,2,0,0,0,0,0,3,4386.0,13157.0
2026-02-05,V003,Buea,Mile 17 Motor Park Market,Palm Oil & Condiments,Thursday,February,2,0,0,0,0,0,8,1751.0,14007.0
2026-02-06,V003,Buea,Mile 17 Motor Park Market,Palm Oil & Condiments,Friday,February,2,0,0,0,0,0,8,1809.0,14474.0
2026-02-07,V003,Buea,Mile 17 Motor Park Market,Palm Oil & Condiments,Saturday,February,2,1,0,0,1,0,16,1705.0,27279.0
2026-02-08,V003,Buea,Mile 17 Motor Park Market,Palm Oil & Condiments,Sunday,February,2,1,0,0,0,0,8,2303.0,18423.0
2026-02-09,V003,Buea,Mile 17 Motor Park Market,Palm Oil & Condiments,Monday,February,2,0,0,0,0,0,8,2077.0,16613.0
2026-02-10,V003,Buea,Mile 17 Motor Park Market,Palm Oil & Condiments,Tuesday,February,2,0,0,0,0,0,5,2802.0,14012.0
2026-02-11,V003,Buea,Mile 17 Motor Park Market,Palm Oil & Condiments,Wednesday,February,2,0,1,0,0,0,7,2407.0,16846.0
2026-02-12,V003,Buea,Mile 17 Motor Park Market,Palm Oil & Condiments,Thursday,February,2,0,0,0,0,0,11,1362.0,14981.0
2026-02-13,V003,Buea,Mile 17 Motor Park Market,Palm Oil & Condiments,Friday,February,2,0,0,0,0,0,4,3689.0,14756.0
2026-02-14,V003,Buea,Mile 17 Motor Park Market,Palm Oil & Condiments,Saturday,February,2,1,0,0,0,0,16,1888.0,30210.0
2026-02-15,V003,Buea,Mile 17 Motor Park Market,Palm Oil & Condiments,Sunday,February,2,1,0,0,0,0,10,1598.0,15985.0
2026-02-16,V003,Buea,Mile 17 Motor Park Market,Palm Oil & Condiments,Monday,February,2,0,0,0,0,0,10,1201.0,12011.0
2026-02-17,V003,Buea,Mile 17 Motor Park Market,Palm Oil & Condiments,Tuesday,February,2,0,0,0,0,0,7,2273.0,15908.0
2026-02-18,V003,Buea,Mile 17 Motor Park Market,Palm Oil & Condiments,Wednesday,February,2,0,0,0,0,0,10,2152.0,21522.0
2026-02-19,V003,Buea,Mile 17 Motor Park Market,Palm Oil & Condiments,Thursday,February,2,0,0,0,0,0,10,1766.0,17663.0
2026-02-20,V003,Buea,Mile 17 Motor Park Market,Palm Oil & Condiments,Friday,February,2,0,0,0,0,0,16,1492.0,23876.0
2026-02-21,V003,Buea,Mile 17 Motor Park Market,Palm Oil & Condiments,Saturday,February,2,1,0,0,1,0,13,2116.0,27513.0
2026-02-22,V003,Buea,Mile 17 Motor Park Market,Palm Oil & Condiments,Sunday,February,2,1,0,0,0,0,9,2176.0,19587.0
2026-02-23,V003,Buea,Mile 17 Motor Park Market,Palm Oil & Condiments,Monday,February,2,0,0,0,0,0,10,1924.0,19244.0
2026-02-24,V003,Buea,Mile 17 Motor Park Market,Palm Oil & Condiments,Tuesday,February,2,0,0,0,0,0,7,1884.0,13185.0
2026-02-25,V003,Buea,Mile 17 Motor Park Market,Palm Oil & Condiments,Wednesday,February,2,0,0,0,0,0,4,2863.0,11453.0
2026-02-26,V003,Buea,Mile 17 Motor Park Market,Palm Oil & Condiments,Thursday,February,2,0,0,0,0,1,10,2206.0,22060.0
2026-02-27,V003,Buea,Mile 17 Motor Park Market,Palm Oil & Condiments,Friday,February,2,0,0,0,0,1,11,1636.0,17991.0
2026-02-28,V003,Buea,Mile 17 Motor Park Market,Palm Oil & Condiments,Saturday,February,2,1,0,0,0,1,19,1737.0,33002.0
2026-03-01,V003,Buea,Mile 17 Motor Park Market,Palm Oil & Condiments,Sunday,March,3,1,0,0,0,0,10,2157.0,21571.0
2026-03-02,V003,Buea,Mile 17 Motor Park Market,Palm Oil & Condiments,Monday,March,3,0,0,0,0,0,8,1296.0,10370.0
2026-03-03,V003,Buea,Mile 17 Motor Park Market,Palm Oil & Condiments,Tuesday,March,3,0,0,0,0,0,6,2214.0,13286.0
2026-03-04,V003,Buea,Mile 17 Motor Park Market,Palm Oil & Condiments,Wednesday,March,3,0,0,0,0,0,11,1685.0,18538.0
2026-03-05,V003,Buea,Mile 17 Motor Park Market,Palm Oil & Condiments,Thursday,March,3,0,0,0,0,0,13,1290.0,16776.0
2026-03-06,V003,Buea,Mile 17 Motor Park Market,Palm Oil & Condiments,Friday,March,3,0,0,0,0,0,11,1529.0,16823.0
2026-03-07,V003,Buea,Mile 17 Motor Park Market,Palm Oil & Condiments,Saturday,March,3,1,0,0,1,0,15,1842.0,27637.0
2026-03-08,V003,Buea,Mile 17 Motor Park Market,Palm Oil & Condiments,Sunday,March,3,1,1,0,0,0,17,1746.0,29676.0
2026-03-09,V003,Buea,Mile 17 Motor Park Market,Palm Oil & Condiments,Monday,March,3,0,0,0,0,0,10,1476.0,14757.0
2026-03-10,V003,Buea,Mile 17 Motor Park Market,Palm Oil & Condiments,Tuesday,March,3,0,0,0,0,0,5,2637.0,13186.0
2026-03-11,V003,Buea,Mile 17 Motor Park Market,Palm Oil & Condiments,Wednesday,March,3,0,0,0,0,0,3,4031.0,12094.0
2026-03-12,V003,Buea,Mile 17 Motor Park Market,Palm Oil & Condiments,Thursday,March,3,0,0,0,0,0,10,2238.0,22377.0
2026-03-13,V003,Buea,Mile 17 Motor Park Market,Palm Oil & Condiments,Friday,March,3,0,0,0,0,0,9,2017.0,18152.0
2026-03-14,V003,Buea,Mile 17 Motor Park Market,Palm Oil & Condiments,Saturday,March,3,1,0,0,0,0,15,1633.0,24501.0
2026-03-15,V003,Buea,Mile 17 Motor Park Market,Palm Oil & Condiments,Sunday,March,3,1,0,0,0,0,10,2105.0,21051.0
2026-03-16,V003,Buea,Mile 17 Motor Park Market,Palm Oil & Condiments,Monday,March,3,0,0,0,0,0,7,1857.0,12997.0
2026-03-17,V003,Buea,Mile 17 Motor Park Market,Palm Oil & Condiments,Tuesday,March,3,0,0,0,0,0,10,1346.0,13464.0
2026-03-18,V003,Buea,Mile 17 Motor Park Market,Palm Oil & Condiments,Wednesday,March,3,0,0,0,0,0,10,1594.0,15945.0
2026-03-19,V003,Buea,Mile 17 Motor Park Market,Palm Oil & Condiments,Thursday,March,3,0,0,0,0,0,12,1451.0,17413.0
2026-03-20,V003,Buea,Mile 17 Motor Park Market,Palm Oil & Condiments,Friday,March,3,0,0,0,0,0,8,2439.0,19515.0
2026-03-21,V003,Buea,Mile 17 Motor Park Market,Palm Oil & Condiments,Saturday,March,3,1,0,0,1,0,15,1960.0,29395.0
2026-03-22,V003,Buea,Mile 17 Motor Park Market,Palm Oil & Condiments,Sunday,March,3,1,0,0,0,0,10,1639.0,16394.0
2026-03-23,V003,Buea,Mile 17 Motor Park Market,Palm Oil & Condiments,Monday,March,3,0,0,0,0,0,9,1860.0,16738.0
2026-03-24,V003,Buea,Mile 17 Motor Park Market,Palm Oil & Condiments,Tuesday,March,3,0,0,0,0,0,11,1353.0,14886.0
2026-03-25,V003,Buea,Mile 17 Motor Park Market,Palm Oil & Condiments,Wednesday,March,3,0,0,0,0,0,13,1172.0,15242.0
2026-03-26,V003,Buea,Mile 17 Motor Park Market,Palm Oil & Condiments,Thursday,March,3,0,0,0,0,0,5,3422.0,17111.0
2026-03-27,V003,Buea,Mile 17 Motor Park Market,Palm Oil & Condiments,Friday,March,3,0,0,0,0,0,12,1803.0,21632.0
2026-03-28,V003,Buea,Mile 17 Motor Park Market,Palm Oil & Condiments,Saturday,March,3,1,0,0,0,0,17,1720.0,29240.0
2026-03-29,V003,Buea,Mile 17 Motor Park Market,Palm Oil & Condiments,Sunday,March,3,1,0,0,0,1,8,2528.0,20225.0
2026-03-30,V003,Buea,Mile 17 Motor Park Market,Palm Oil & Condiments,Monday,March,3,0,0,0,0,1,6,2472.0,14834.0
2026-03-31,V003,Buea,Mile 17 Motor Park Market,Palm Oil & Condiments,Tuesday,March,3,0,0,0,0,1,9,1621.0,14586.0
2025-09-01,V004,Buea,Mile 17 Motor Park Market,Fresh Vegetables,Monday,September,9,0,0,1,0,0,11,1466.0,16129.0
2025-09-02,V004,Buea,Mile 17 Motor Park Market,Fresh Vegetables,Tuesday,September,9,0,0,1,0,0,7,2323.0,16258.0
2025-09-03,V004,Buea,Mile 17 Motor Park Market,Fresh Vegetables,Wednesday,September,9,0,0,1,0,0,4,2973.0,11894.0
2025-09-04,V004,Buea,Mile 17 Motor Park Market,Fresh Vegetables,Thursday,September,9,0,0,1,0,0,8,2048.0,16384.0
2025-09-05,V004,Buea,Mile 17 Motor Park Market,Fresh Vegetables,Friday,September,9,0,0,1,0,0,5,3450.0,17248.0
2025-09-06,V004,Buea,Mile 17 Motor Park Market,Fresh Vegetables,Saturday,September,9,1,0,1,1,0,18,1674.0,30131.0
2025-09-07,V004,Buea,Mile 17 Motor Park Market,Fresh Vegetables,Sunday,September,9,1,0,1,0,0,11,2065.0,22716.0
2025-09-08,V004,Buea,Mile 17 Motor Park Market,Fresh Vegetables,Monday,September,9,0,0,1,0,0,7,1353.0,9474.0
2025-09-09,V004,Buea,Mile 17 Motor Park Market,Fresh Vegetables,Tuesday,September,9,0,0,1,0,0,6,2565.0,15389.0
2025-09-10,V004,Buea,Mile 17 Motor Park Market,Fresh Vegetables,Wednesday,September,9,0,0,1,0,0,8,1744.0,13949.0
2025-09-11,V004,Buea,Mile 17 Motor Park Market,Fresh Vegetables,Thursday,September,9,0,0,1,0,0,16,1428.0,22855.0
2025-09-12,V004,Buea,Mile 17 Motor Park Market,Fresh Vegetables,Friday,September,9,0,0,1,0,0,14,1716.0,24026.0
2025-09-13,V004,Buea,Mile 17 Motor Park Market,Fresh Vegetables,Saturday,September,9,1,0,1,0,0,14,1539.0,21553.0
2025-09-14,V004,Buea,Mile 17 Motor Park Market,Fresh Vegetables,Sunday,September,9,1,0,1,0,0,8,2035.0,16278.0
2025-09-15,V004,Buea,Mile 17 Motor Park Market,Fresh Vegetables,Monday,September,9,0,0,1,0,0,10,1680.0,16805.0
2025-09-16,V004,Buea,Mile 17 Motor Park Market,Fresh Vegetables,Tuesday,September,9,0,0,1,0,0,6,2021.0,12128.0
2025-09-17,V004,Buea,Mile 17 Motor Park Market,Fresh Vegetables,Wednesday,September,9,0,0,1,0,0,6,1946.0,11674.0
2025-09-18,V004,Buea,Mile 17 Motor Park Market,Fresh Vegetables,Thursday,September,9,0,0,1,0,0,11,1717.0,18892.0
2025-09-19,V004,Buea,Mile 17 Motor Park Market,Fresh Vegetables,Friday,September,9,0,0,1,0,0,12,1723.0,20676.0
2025-09-20,V004,Buea,Mile 17 Motor Park Market,Fresh Vegetables,Saturday,September,9,1,0,1,1,0,21,1717.0,36050.0
2025-09-21,V004,Buea,Mile 17 Motor Park Market,Fresh Vegetables,Sunday,September,9,1,0,1,0,0,10,2064.0,20635.0
2025-09-22,V004,Buea,Mile 17 Motor Park Market,Fresh Vegetables,Monday,September,9,0,0,1,0,0,12,1459.0,17504.0
2025-09-23,V004,Buea,Mile 17 Motor Park Market,Fresh Vegetables,Tuesday,September,9,0,0,1,0,0,3,3389.0,10168.0
2025-09-24,V004,Buea,Mile 17 Motor Park Market,Fresh Vegetables,Wednesday,September,9,0,0,1,0,0,4,3484.0,13936.0
2025-09-25,V004,Buea,Mile 17 Motor Park Market,Fresh Vegetables,Thursday,September,9,0,0,1,0,0,9,1925.0,17327.0
2025-09-26,V004,Buea,Mile 17 Motor Park Market,Fresh Vegetables,Friday,September,9,0,0,1,0,0,11,1992.0,21917.0
2025-09-27,V004,Buea,Mile 17 Motor Park Market,Fresh Vegetables,Saturday,September,9,1,0,1,0,0,11,1825.0,20077.0
2025-09-28,V004,Buea,Mile 17 Motor Park Market,Fresh Vegetables,Sunday,September,9,1,0,1,0,1,14,1372.0,19207.0
2025-09-29,V004,Buea,Mile 17 Motor Park Market,Fresh Vegetables,Monday,September,9,0,0,1,0,1,12,1597.0,19160.0
2025-09-30,V004,Buea,Mile 17 Motor Park Market,Fresh Vegetables,Tuesday,September,9,0,0,1,0,1,7,1799.0,12595.0
2025-10-01,V004,Buea,Mile 17 Motor Park Market,Fresh Vegetables,Wednesday,October,10,0,0,1,0,0,9,1828.0,16455.0
2025-10-02,V004,Buea,Mile 17 Motor Park Market,Fresh Vegetables,Thursday,October,10,0,0,1,0,0,7,2019.0,14130.0
2025-10-03,V004,Buea,Mile 17 Motor Park Market,Fresh Vegetables,Friday,October,10,0,0,1,0,0,9,2083.0,18744.0
2025-10-04,V004,Buea,Mile 17 Motor Park Market,Fresh Vegetables,Saturday,October,10,1,0,1,1,0,15,2001.0,30016.0
2025-10-05,V004,Buea,Mile 17 Motor Park Market,Fresh Vegetables,Sunday,October,10,1,0,1,0,0,9,1928.0,17350.0
2025-10-06,V004,Buea,Mile 17 Motor Park Market,Fresh Vegetables,Monday,October,10,0,0,1,0,0,6,1343.0,8059.0
2025-10-07,V004,Buea,Mile 17 Motor Park Market,Fresh Vegetables,Tuesday,October,10,0,0,1,0,0,7,1958.0,13704.0
2025-10-08,V004,Buea,Mile 17 Motor Park Market,Fresh Vegetables,Wednesday,October,10,0,0,1,0,0,5,2331.0,11655.0
2025-10-09,V004,Buea,Mile 17 Motor Park Market,Fresh Vegetables,Thursday,October,10,0,0,1,0,0,8,1673.0,13387.0
2025-10-10,V004,Buea,Mile 17 Motor Park Market,Fresh Vegetables,Friday,October,10,0,0,1,0,0,12,1811.0,21732.0
2025-10-11,V004,Buea,Mile 17 Motor Park Market,Fresh Vegetables,Saturday,October,10,1,0,1,0,0,11,1927.0,21202.0
2025-10-12,V004,Buea,Mile 17 Motor Park Market,Fresh Vegetables,Sunday,October,10,1,0,1,0,0,6,2451.0,14706.0
2025-10-13,V004,Buea,Mile 17 Motor Park Market,Fresh Vegetables,Monday,October,10,0,0,1,0,0,14,1215.0,17017.0
2025-10-14,V004,Buea,Mile 17 Motor Park Market,Fresh Vegetables,Tuesday,October,10,0,0,1,0,0,9,1573.0,14160.0
2025-10-15,V004,Buea,Mile 17 Motor Park Market,Fresh Vegetables,Wednesday,October,10,0,0,1,0,0,11,1323.0,14548.0
2025-10-16,V004,Buea,Mile 17 Motor Park Market,Fresh Vegetables,Thursday,October,10,0,0,1,0,0,3,3954.0,11862.0
2025-10-17,V004,Buea,Mile 17 Motor Park Market,Fresh Vegetables,Friday,October,10,0,0,1,0,0,13,1248.0,16220.0
2025-10-18,V004,Buea,Mile 17 Motor Park Market,Fresh Vegetables,Saturday,October,10,1,0,1,1,0,22,1470.0,32348.0
2025-10-19,V004,Buea,Mile 17 Motor Park Market,Fresh Vegetables,Sunday,October,10,1,0,1,0,0,12,1799.0,21584.0
2025-10-20,V004,Buea,Mile 17 Motor Park Market,Fresh Vegetables,Monday,October,10,0,0,1,0,0,5,2523.0,12613.0
2025-10-21,V004,Buea,Mile 17 Motor Park Market,Fresh Vegetables,Tuesday,October,10,0,0,1,0,0,7,2308.0,16157.0
2025-10-22,V004,Buea,Mile 17 Motor Park Market,Fresh Vegetables,Wednesday,October,10,0,0,1,0,0,8,2046.0,16365.0
2025-10-23,V004,Buea,Mile 17 Motor Park Market,Fresh Vegetables,Thursday,October,10,0,0,1,0,0,9,1702.0,15321.0
2025-10-24,V004,Buea,Mile 17 Motor Park Market,Fresh Vegetables,Friday,October,10,0,0,1,0,0,12,1952.0,23424.0
2025-10-25,V004,Buea,Mile 17 Motor Park Market,Fresh Vegetables,Saturday,October,10,1,0,1,0,0,11,1871.0,20581.0
2025-10-26,V004,Buea,Mile 17 Motor Park Market,Fresh Vegetables,Sunday,October,10,1,0,1,0,0,12,1472.0,17664.0
2025-10-27,V004,Buea,Mile 17 Motor Park Market,Fresh Vegetables,Monday,October,10,0,0,1,0,0,6,1698.0,10191.0
2025-10-28,V004,Buea,Mile 17 Motor Park Market,Fresh Vegetables,Tuesday,October,10,0,0,1,0,0,13,1605.0,20869.0
2025-10-29,V004,Buea,Mile 17 Motor Park Market,Fresh Vegetables,Wednesday,October,10,0,0,1,0,1,10,2038.0,20379.0
2025-10-30,V004,Buea,Mile 17 Motor Park Market,Fresh Vegetables,Thursday,October,10,0,0,1,0,1,9,2279.0,20515.0
2025-10-31,V004,Buea,Mile 17 Motor Park Market,Fresh Vegetables,Friday,October,10,0,0,1,0,1,13,2054.0,26700.0
2025-11-01,V004,Buea,Mile 17 Motor Park Market,Fresh Vegetables,Saturday,November,11,1,0,0,1,0,16,1724.0,27586.0
2025-11-02,V004,Buea,Mile 17 Motor Park Market,Fresh Vegetables,Sunday,November,11,1,0,0,0,0,8,2161.0,17286.0
2025-11-03,V004,Buea,Mile 17 Motor Park Market,Fresh Vegetables,Monday,November,11,0,0,0,0,0,9,1661.0,14949.0
2025-11-04,V004,Buea,Mile 17 Motor Park Market,Fresh Vegetables,Tuesday,November,11,0,0,0,0,0,5,2874.0,14370.0
2025-11-05,V004,Buea,Mile 17 Motor Park Market,Fresh Vegetables,Wednesday,November,11,0,0,0,0,0,7,1932.0,13525.0
2025-11-06,V004,Buea,Mile 17 Motor Park Market,Fresh Vegetables,Thursday,November,11,0,0,0,0,0,9,1880.0,16922.0
2025-11-07,V004,Buea,Mile 17 Motor Park Market,Fresh Vegetables,Friday,November,11,0,0,0,0,0,12,1829.0,21947.0
2025-11-08,V004,Buea,Mile 17 Motor Park Market,Fresh Vegetables,Saturday,November,11,1,0,0,0,0,14,1837.0,25721.0
2025-11-09,V004,Buea,Mile 17 Motor Park Market,Fresh Vegetables,Sunday,November,11,1,0,0,0,0,15,1564.0,23454.0
2025-11-10,V004,Buea,Mile 17 Motor Park Market,Fresh Vegetables,Monday,November,11,0,0,0,0,0,5,2288.0,11439.0
2025-11-11,V004,Buea,Mile 17 Motor Park Market,Fresh Vegetables,Tuesday,November,11,0,0,0,0,0,7,2140.0,14983.0
2025-11-12,V004,Buea,Mile 17 Motor Park Market,Fresh Vegetables,Wednesday,November,11,0,0,0,0,0,12,1777.0,21321.0
2025-11-13,V004,Buea,Mile 17 Motor Park Market,Fresh Vegetables,Thursday,November,11,0,0,0,0,0,9,1571.0,14142.0
2025-11-14,V004,Buea,Mile 17 Motor Park Market,Fresh Vegetables,Friday,November,11,0,0,0,0,0,12,1748.0,20980.0
2025-11-15,V004,Buea,Mile 17 Motor Park Market,Fresh Vegetables,Saturday,November,11,1,0,0,1,0,22,1821.0,40066.0
2025-11-16,V004,Buea,Mile 17 Motor Park Market,Fresh Vegetables,Sunday,November,11,1,0,0,0,0,6,3010.0,18059.0
2025-11-17,V004,Buea,Mile 17 Motor Park Market,Fresh Vegetables,Monday,November,11,0,0,0,0,0,10,1375.0,13753.0
2025-11-18,V004,Buea,Mile 17 Motor Park Market,Fresh Vegetables,Tuesday,November,11,0,0,0,0,0,3,4884.0,14653.0
2025-11-19,V004,Buea,Mile 17 Motor Park Market,Fresh Vegetables,Wednesday,November,11,0,0,0,0,0,9,1568.0,14116.0
2025-11-20,V004,Buea,Mile 17 Motor Park Market,Fresh Vegetables,Thursday,November,11,0,0,0,0,0,8,2255.0,18036.0
2025-11-21,V004,Buea,Mile 17 Motor Park Market,Fresh Vegetables,Friday,November,11,0,0,0,0,0,9,2005.0,18048.0
2025-11-22,V004,Buea,Mile 17 Motor Park Market,Fresh Vegetables,Saturday,November,11,1,0,0,0,0,8,2721.0,21765.0
2025-11-23,V004,Buea,Mile 17 Motor Park Market,Fresh Vegetables,Sunday,November,11,1,0,0,0,0,14,1563.0,21884.0
2025-11-24,V004,Buea,Mile 17 Motor Park Market,Fresh Vegetables,Monday,November,11,0,0,0,0,0,8,1348.0,10780.0
2025-11-25,V004,Buea,Mile 17 Motor Park Market,Fresh Vegetables,Tuesday,November,11,0,0,0,0,0,10,1462.0,14622.0
2025-11-26,V004,Buea,Mile 17 Motor Park Market,Fresh Vegetables,Wednesday,November,11,0,0,0,0,0,8,1943.0,15546.0
2025-11-27,V004,Buea,Mile 17 Motor Park Market,Fresh Vegetables,Thursday,November,11,0,0,0,0,0,8,2185.0,17482.0
2025-11-28,V004,Buea,Mile 17 Motor Park Market,Fresh Vegetables,Friday,November,11,0,0,0,0,1,13,2192.0,28492.0
2025-11-29,V004,Buea,Mile 17 Motor Park Market,Fresh Vegetables,Saturday,November,11,1,0,0,0,1,15,1749.0,26232.0
2025-11-30,V004,Buea,Mile 17 Motor Park Market,Fresh Vegetables,Sunday,November,11,1,0,0,0,1,12,1668.0,20013.0
2025-12-01,V004,Buea,Mile 17 Motor Park Market,Fresh Vegetables,Monday,December,12,0,0,0,0,0,12,1513.0,18150.0
2025-12-02,V004,Buea,Mile 17 Motor Park Market,Fresh Vegetables,Tuesday,December,12,0,0,0,0,0,6,1752.0,10512.0
2025-12-03,V004,Buea,Mile 17 Motor Park Market,Fresh Vegetables,Wednesday,December,12,0,0,0,0,0,7,2654.0,18581.0
2025-12-04,V004,Buea,Mile 17 Motor Park Market,Fresh Vegetables,Thursday,December,12,0,0,0,0,0,11,1693.0,18623.0
2025-12-05,V004,Buea,Mile 17 Motor Park Market,Fresh Vegetables,Friday,December,12,0,0,0,0,0,10,1606.0,16065.0
2025-12-06,V004,Buea,Mile 17 Motor Park Market,Fresh Vegetables,Saturday,December,12,1,0,0,1,0,18,1688.0,30393.0
2025-12-07,V004,Buea,Mile 17 Motor Park Market,Fresh Vegetables,Sunday,December,12,1,0,0,0,0,9,1781.0,16028.0
2025-12-08,V004,Buea,Mile 17 Motor Park Market,Fresh Vegetables,Monday,December,12,0,0,0,0,0,3,3475.0,10425.0
2025-12-09,V004,Buea,Mile 17 Motor Park Market,Fresh Vegetables,Tuesday,December,12,0,0,0,0,0,10,1528.0,15278.0
2025-12-10,V004,Buea,Mile 17 Motor Park Market,Fresh Vegetables,Wednesday,December,12,0,0,0,0,0,8,2020.0,16160.0
2025-12-11,V004,Buea,Mile 17 Motor Park Market,Fresh Vegetables,Thursday,December,12,0,0,0,0,0,6,2634.0,15806.0
2025-12-12,V004,Buea,Mile 17 Motor Park Market,Fresh Vegetables,Friday,December,12,0,0,0,0,0,11,1745.0,19199.0
2025-12-13,V004,Buea,Mile 17 Motor Park Market,Fresh Vegetables,Saturday,December,12,1,0,0,0,0,14,1620.0,22675.0
2025-12-14,V004,Buea,Mile 17 Motor Park Market,Fresh Vegetables,Sunday,December,12,1,0,0,0,0,11,1796.0,19758.0
2025-12-15,V004,Buea,Mile 17 Motor Park Market,Fresh Vegetables,Monday,December,12,0,0,0,0,0,8,2078.0,16627.0
2025-12-16,V004,Buea,Mile 17 Motor Park Market,Fresh Vegetables,Tuesday,December,12,0,0,0,0,0,8,2097.0,16772.0
2025-12-17,V004,Buea,Mile 17 Motor Park Market,Fresh Vegetables,Wednesday,December,12,0,0,0,0,0,7,2345.0,16413.0
2025-12-18,V004,Buea,Mile 17 Motor Park Market,Fresh Vegetables,Thursday,December,12,0,0,0,0,0,7,1982.0,13877.0
2025-12-19,V004,Buea,Mile 17 Motor Park Market,Fresh Vegetables,Friday,December,12,0,0,0,0,0,7,2033.0,14232.0
2025-12-20,V004,Buea,Mile 17 Motor Park Market,Fresh Vegetables,Saturday,December,12,1,0,0,1,0,13,1667.0,21671.0
2025-12-21,V004,Buea,Mile 17 Motor Park Market,Fresh Vegetables,Sunday,December,12,1,0,0,0,0,11,2095.0,23042.0
2025-12-22,V004,Buea,Mile 17 Motor Park Market,Fresh Vegetables,Monday,December,12,0,0,0,0,0,10,1530.0,15304.0
2025-12-23,V004,Buea,Mile 17 Motor Park Market,Fresh Vegetables,Tuesday,December,12,0,0,0,0,0,10,1752.0,17523.0
2025-12-24,V004,Buea,Mile 17 Motor Park Market,Fresh Vegetables,Wednesday,December,12,0,0,0,0,0,8,2203.0,17622.0
2025-12-25,V004,Buea,Mile 17 Motor Park Market,Fresh Vegetables,Thursday,December,12,0,1,0,0,0,10,2074.0,20744.0
2025-12-26,V004,Buea,Mile 17 Motor Park Market,Fresh Vegetables,Friday,December,12,0,0,0,0,0,9,1945.0,17509.0
2025-12-27,V004,Buea,Mile 17 Motor Park Market,Fresh Vegetables,Saturday,December,12,1,0,0,0,0,16,1632.0,26106.0
2025-12-28,V004,Buea,Mile 17 Motor Park Market,Fresh Vegetables,Sunday,December,12,1,0,0,0,0,12,1667.0,20006.0
2025-12-29,V004,Buea,Mile 17 Motor Park Market,Fresh Vegetables,Monday,December,12,0,0,0,0,1,15,1222.0,18327.0
2025-12-30,V004,Buea,Mile 17 Motor Park Market,Fresh Vegetables,Tuesday,December,12,0,0,0,0,1,5,2473.0,12367.0
2025-12-31,V004,Buea,Mile 17 Motor Park Market,Fresh Vegetables,Wednesday,December,12,0,0,0,0,1,12,1929.0,23152.0
2026-01-01,V004,Buea,Mile 17 Motor Park Market,Fresh Vegetables,Thursday,January,1,0,1,0,0,0,13,1844.0,23968.0
2026-01-02,V004,Buea,Mile 17 Motor Park Market,Fresh Vegetables,Friday,January,1,0,0,0,0,0,13,2245.0,29188.0
2026-01-03,V004,Buea,Mile 17 Motor Park Market,Fresh Vegetables,Saturday,January,1,1,0,0,1,0,23,1568.0,36055.0
2026-01-04,V004,Buea,Mile 17 Motor Park Market,Fresh Vegetables,Sunday,January,1,1,0,0,0,0,10,1589.0,15890.0
2026-01-05,V004,Buea,Mile 17 Motor Park Market,Fresh Vegetables,Monday,January,1,0,0,0,0,0,6,1985.0,11908.0
2026-01-06,V004,Buea,Mile 17 Motor Park Market,Fresh Vegetables,Tuesday,January,1,0,0,0,0,0,3,4741.0,14223.0
2026-01-07,V004,Buea,Mile 17 Motor Park Market,Fresh Vegetables,Wednesday,January,1,0,0,0,0,0,9,1852.0,16666.0
2026-01-08,V004,Buea,Mile 17 Motor Park Market,Fresh Vegetables,Thursday,January,1,0,0,0,0,0,13,1641.0,21336.0
2026-01-09,V004,Buea,Mile 17 Motor Park Market,Fresh Vegetables,Friday,January,1,0,0,0,0,0,16,1886.0,30180.0
2026-01-10,V004,Buea,Mile 17 Motor Park Market,Fresh Vegetables,Saturday,January,1,1,0,0,0,0,12,2005.0,24061.0
2026-01-11,V004,Buea,Mile 17 Motor Park Market,Fresh Vegetables,Sunday,January,1,1,0,0,0,0,5,3524.0,17622.0
2026-01-12,V004,Buea,Mile 17 Motor Park Market,Fresh Vegetables,Monday,January,1,0,0,0,0,0,3,4539.0,13618.0
2026-01-13,V004,Buea,Mile 17 Motor Park Market,Fresh Vegetables,Tuesday,January,1,0,0,0,0,0,6,2693.0,16158.0
2026-01-14,V004,Buea,Mile 17 Motor Park Market,Fresh Vegetables,Wednesday,January,1,0,0,0,0,0,5,2629.0,13144.0
2026-01-15,V004,Buea,Mile 17 Motor Park Market,Fresh Vegetables,Thursday,January,1,0,0,0,0,0,8,1970.0,15756.0
2026-01-16,V004,Buea,Mile 17 Motor Park Market,Fresh Vegetables,Friday,January,1,0,0,0,0,0,12,2024.0,24289.0
2026-01-17,V004,Buea,Mile 17 Motor Park Market,Fresh Vegetables,Saturday,January,1,1,0,0,1,0,22,1434.0,31549.0
2026-01-18,V004,Buea,Mile 17 Motor Park Market,Fresh Vegetables,Sunday,January,1,1,0,0,0,0,10,2041.0,20414.0
2026-01-19,V004,Buea,Mile 17 Motor Park Market,Fresh Vegetables,Monday,January,1,0,0,0,0,0,6,2052.0,12315.0
2026-01-20,V004,Buea,Mile 17 Motor Park Market,Fresh Vegetables,Tuesday,January,1,0,0,0,0,0,7,1814.0,12699.0
2026-01-21,V004,Buea,Mile 17 Motor Park Market,Fresh Vegetables,Wednesday,January,1,0,0,0,0,0,4,3933.0,15731.0
2026-01-22,V004,Buea,Mile 17 Motor Park Market,Fresh Vegetables,Thursday,January,1,0,0,0,0,0,11,1481.0,16294.0
2026-01-23,V004,Buea,Mile 17 Motor Park Market,Fresh Vegetables,Friday,January,1,0,0,0,0,0,9,2066.0,18596.0
2026-01-24,V004,Buea,Mile 17 Motor Park Market,Fresh Vegetables,Saturday,January,1,1,0,0,0,0,6,3189.0,19137.0
2026-01-25,V004,Buea,Mile 17 Motor Park Market,Fresh Vegetables,Sunday,January,1,1,0,0,0,0,11,2014.0,22152.0
2026-01-26,V004,Buea,Mile 17 Motor Park Market,Fresh Vegetables,Monday,January,1,0,0,0,0,0,12,1357.0,16281.0
2026-01-27,V004,Buea,Mile 17 Motor Park Market,Fresh Vegetables,Tuesday,January,1,0,0,0,0,0,8,2198.0,17582.0
2026-01-28,V004,Buea,Mile 17 Motor Park Market,Fresh Vegetables,Wednesday,January,1,0,0,0,0,0,7,2264.0,15848.0
2026-01-29,V004,Buea,Mile 17 Motor Park Market,Fresh Vegetables,Thursday,January,1,0,0,0,0,1,9,1839.0,16550.0
2026-01-30,V004,Buea,Mile 17 Motor Park Market,Fresh Vegetables,Friday,January,1,0,0,0,0,1,6,3297.0,19782.0
2026-01-31,V004,Buea,Mile 17 Motor Park Market,Fresh Vegetables,Saturday,January,1,1,0,0,0,1,12,2003.0,24035.0
2026-02-01,V004,Buea,Mile 17 Motor Park Market,Fresh Vegetables,Sunday,February,2,1,0,0,0,0,12,2090.0,25082.0
2026-02-02,V004,Buea,Mile 17 Motor Park Market,Fresh Vegetables,Monday,February,2,0,0,0,0,0,8,1942.0,15536.0
2026-02-03,V004,Buea,Mile 17 Motor Park Market,Fresh Vegetables,Tuesday,February,2,0,0,0,0,0,12,1548.0,18575.0
2026-02-04,V004,Buea,Mile 17 Motor Park Market,Fresh Vegetables,Wednesday,February,2,0,0,0,0,0,7,2726.0,19081.0
2026-02-05,V004,Buea,Mile 17 Motor Park Market,Fresh Vegetables,Thursday,February,2,0,0,0,0,0,10,1697.0,16968.0
2026-02-06,V004,Buea,Mile 17 Motor Park Market,Fresh Vegetables,Friday,February,2,0,0,0,0,0,13,1646.0,21402.0
2026-02-07,V004,Buea,Mile 17 Motor Park Market,Fresh Vegetables,Saturday,February,2,1,0,0,1,0,14,2089.0,29242.0
2026-02-08,V004,Buea,Mile 17 Motor Park Market,Fresh Vegetables,Sunday,February,2,1,0,0,0,0,6,2342.0,14053.0
2026-02-09,V004,Buea,Mile 17 Motor Park Market,Fresh Vegetables,Monday,February,2,0,0,0,0,0,11,2086.0,22945.0
2026-02-10,V004,Buea,Mile 17 Motor Park Market,Fresh Vegetables,Tuesday,February,2,0,0,0,0,0,7,1495.0,10468.0
2026-02-11,V004,Buea,Mile 17 Motor Park Market,Fresh Vegetables,Wednesday,February,2,0,1,0,0,0,15,1501.0,22513.0
2026-02-12,V004,Buea,Mile 17 Motor Park Market,Fresh Vegetables,Thursday,February,2,0,0,0,0,0,11,1618.0,17795.0
2026-02-13,V004,Buea,Mile 17 Motor Park Market,Fresh Vegetables,Friday,February,2,0,0,0,0,0,13,2141.0,27828.0
2026-02-14,V004,Buea,Mile 17 Motor Park Market,Fresh Vegetables,Saturday,February,2,1,0,0,0,0,9,2299.0,20691.0
2026-02-15,V004,Buea,Mile 17 Motor Park Market,Fresh Vegetables,Sunday,February,2,1,0,0,0,0,12,1515.0,18182.0
2026-02-16,V004,Buea,Mile 17 Motor Park Market,Fresh Vegetables,Monday,February,2,0,0,0,0,0,9,1731.0,15582.0
2026-02-17,V004,Buea,Mile 17 Motor Park Market,Fresh Vegetables,Tuesday,February,2,0,0,0,0,0,4,2684.0,10736.0
2026-02-18,V004,Buea,Mile 17 Motor Park Market,Fresh Vegetables,Wednesday,February,2,0,0,0,0,0,8,1387.0,11096.0
2026-02-19,V004,Buea,Mile 17 Motor Park Market,Fresh Vegetables,Thursday,February,2,0,0,0,0,0,13,1673.0,21749.0
2026-02-20,V004,Buea,Mile 17 Motor Park Market,Fresh Vegetables,Friday,February,2,0,0,0,0,0,12,1394.0,16730.0
2026-02-21,V004,Buea,Mile 17 Motor Park Market,Fresh Vegetables,Saturday,February,2,1,0,0,1,0,12,2304.0,27647.0
2026-02-22,V004,Buea,Mile 17 Motor Park Market,Fresh Vegetables,Sunday,February,2,1,0,0,0,0,8,2004.0,16034.0
2026-02-23,V004,Buea,Mile 17 Motor Park Market,Fresh Vegetables,Monday,February,2,0,0,0,0,0,7,2042.0,14296.0
2026-02-24,V004,Buea,Mile 17 Motor Park Market,Fresh Vegetables,Tuesday,February,2,0,0,0,0,0,8,1444.0,11551.0
2026-02-25,V004,Buea,Mile 17 Motor Park Market,Fresh Vegetables,Wednesday,February,2,0,0,0,0,0,6,2505.0,15027.0
2026-02-26,V004,Buea,Mile 17 Motor Park Market,Fresh Vegetables,Thursday,February,2,0,0,0,0,1,10,2296.0,22960.0
2026-02-27,V004,Buea,Mile 17 Motor Park Market,Fresh Vegetables,Friday,February,2,0,0,0,0,1,12,1428.0,17139.0
2026-02-28,V004,Buea,Mile 17 Motor Park Market,Fresh Vegetables,Saturday,February,2,1,0,0,0,1,21,1888.0,39639.0
2026-03-01,V004,Buea,Mile 17 Motor Park Market,Fresh Vegetables,Sunday,March,3,1,0,0,0,0,8,2365.0,18916.0
2026-03-02,V004,Buea,Mile 17 Motor Park Market,Fresh Vegetables,Monday,March,3,0,0,0,0,0,6,2364.0,14183.0
2026-03-03,V004,Buea,Mile 17 Motor Park Market,Fresh Vegetables,Tuesday,March,3,0,0,0,0,0,8,1828.0,14624.0
2026-03-04,V004,Buea,Mile 17 Motor Park Market,Fresh Vegetables,Wednesday,March,3,0,0,0,0,0,6,2112.0,12671.0
2026-03-05,V004,Buea,Mile 17 Motor Park Market,Fresh Vegetables,Thursday,March,3,0,0,0,0,0,5,2363.0,11816.0
2026-03-06,V004,Buea,Mile 17 Motor Park Market,Fresh Vegetables,Friday,March,3,0,0,0,0,0,11,1786.0,19648.0
2026-03-07,V004,Buea,Mile 17 Motor Park Market,Fresh Vegetables,Saturday,March,3,1,0,0,1,0,18,1678.0,30212.0
2026-03-08,V004,Buea,Mile 17 Motor Park Market,Fresh Vegetables,Sunday,March,3,1,1,0,0,0,7,2582.0,18071.0
2026-03-09,V004,Buea,Mile 17 Motor Park Market,Fresh Vegetables,Monday,March,3,0,0,0,0,0,4,3896.0,15584.0
2026-03-10,V004,Buea,Mile 17 Motor Park Market,Fresh Vegetables,Tuesday,March,3,0,0,0,0,0,6,2566.0,15395.0
2026-03-11,V004,Buea,Mile 17 Motor Park Market,Fresh Vegetables,Wednesday,March,3,0,0,0,0,0,11,1863.0,20493.0
2026-03-12,V004,Buea,Mile 17 Motor Park Market,Fresh Vegetables,Thursday,March,3,0,0,0,0,0,11,1429.0,15716.0
2026-03-13,V004,Buea,Mile 17 Motor Park Market,Fresh Vegetables,Friday,March,3,0,0,0,0,0,7,2357.0,16501.0
2026-03-14,V004,Buea,Mile 17 Motor Park Market,Fresh Vegetables,Saturday,March,3,1,0,0,0,0,9,2171.0,19542.0
2026-03-15,V004,Buea,Mile 17 Motor Park Market,Fresh Vegetables,Sunday,March,3,1,0,0,0,0,11,1753.0,19284.0
2026-03-16,V004,Buea,Mile 17 Motor Park Market,Fresh Vegetables,Monday,March,3,0,0,0,0,0,5,3369.0,16846.0
2026-03-17,V004,Buea,Mile 17 Motor Park Market,Fresh Vegetables,Tuesday,March,3,0,0,0,0,0,5,2888.0,14442.0
2026-03-18,V004,Buea,Mile 17 Motor Park Market,Fresh Vegetables,Wednesday,March,3,0,0,0,0,0,12,1240.0,14880.0
2026-03-19,V004,Buea,Mile 17 Motor Park Market,Fresh Vegetables,Thursday,March,3,0,0,0,0,0,11,1566.0,17230.0
2026-03-20,V004,Buea,Mile 17 Motor Park Market,Fresh Vegetables,Friday,March,3,0,0,0,0,0,18,1580.0,28438.0
2026-03-21,V004,Buea,Mile 17 Motor Park Market,Fresh Vegetables,Saturday,March,3,1,0,0,1,0,12,2225.0,26695.0
2026-03-22,V004,Buea,Mile 17 Motor Park Market,Fresh Vegetables,Sunday,March,3,1,0,0,0,0,9,2108.0,18970.0
2026-03-23,V004,Buea,Mile 17 Motor Park Market,Fresh Vegetables,Monday,March,3,0,0,0,0,0,6,1795.0,10768.0
2026-03-24,V004,Buea,Mile 17 Motor Park Market,Fresh Vegetables,Tuesday,March,3,0,0,0,0,0,12,1302.0,15626.0
2026-03-25,V004,Buea,Mile 17 Motor Park Market,Fresh Vegetables,Wednesday,March,3,0,0,0,0,0,8,1808.0,14467.0
2026-03-26,V004,Buea,Mile 17 Motor Park Market,Fresh Vegetables,Thursday,March,3,0,0,0,0,0,9,1611.0,14503.0
2026-03-27,V004,Buea,Mile 17 Motor Park Market,Fresh Vegetables,Friday,March,3,0,0,0,0,0,8,2442.0,19538.0
2026-03-28,V004,Buea,Mile 17 Motor Park Market,Fresh Vegetables,Saturday,March,3,1,0,0,0,0,14,1747.0,24463.0
2026-03-29,V004,Buea,Mile 17 Motor Park Market,Fresh Vegetables,Sunday,March,3,1,0,0,0,1,14,1640.0,22966.0
2026-03-30,V004,Buea,Mile 17 Motor Park Market,Fresh Vegetables,Monday,March,3,0,0,0,0,1,5,2511.0,12555.0
2026-03-31,V004,Buea,Mile 17 Motor Park Market,Fresh Vegetables,Tuesday,March,3,0,0,0,0,1,9,2136.0,19220.0
2025-09-01,V005,Buea,Sandpit Market,Cooked Street Food (Soya/Beignets),Monday,September,9,0,0,1,0,0,11,782.0,8601.0
2025-09-02,V005,Buea,Sandpit Market,Cooked Street Food (Soya/Beignets),Tuesday,September,9,0,0,1,0,0,9,2079.0,18710.0
2025-09-03,V005,Buea,Sandpit Market,Cooked Street Food (Soya/Beignets),Wednesday,September,9,0,0,1,0,0,9,1921.0,17289.0
2025-09-04,V005,Buea,Sandpit Market,Cooked Street Food (Soya/Beignets),Thursday,September,9,0,0,1,0,0,9,1998.0,17980.0
2025-09-05,V005,Buea,Sandpit Market,Cooked Street Food (Soya/Beignets),Friday,September,9,0,0,1,0,0,6,3755.0,22528.0
2025-09-06,V005,Buea,Sandpit Market,Cooked Street Food (Soya/Beignets),Saturday,September,9,1,0,1,1,0,22,1895.0,41699.0
2025-09-07,V005,Buea,Sandpit Market,Cooked Street Food (Soya/Beignets),Sunday,September,9,1,0,1,0,0,10,1681.0,16815.0
2025-09-08,V005,Buea,Sandpit Market,Cooked Street Food (Soya/Beignets),Monday,September,9,0,0,1,0,0,7,2218.0,15525.0
2025-09-09,V005,Buea,Sandpit Market,Cooked Street Food (Soya/Beignets),Tuesday,September,9,0,0,1,0,0,9,1752.0,15766.0
2025-09-10,V005,Buea,Sandpit Market,Cooked Street Food (Soya/Beignets),Wednesday,September,9,0,0,1,0,0,9,1678.0,15104.0
2025-09-11,V005,Buea,Sandpit Market,Cooked Street Food (Soya/Beignets),Thursday,September,9,0,0,1,0,0,10,1684.0,16835.0
2025-09-12,V005,Buea,Sandpit Market,Cooked Street Food (Soya/Beignets),Friday,September,9,0,0,1,0,0,13,1730.0,22491.0
2025-09-13,V005,Buea,Sandpit Market,Cooked Street Food (Soya/Beignets),Saturday,September,9,1,0,1,0,0,11,2248.0,24728.0
2025-09-14,V005,Buea,Sandpit Market,Cooked Street Food (Soya/Beignets),Sunday,September,9,1,0,1,0,0,3,4219.0,12658.0
2025-09-15,V005,Buea,Sandpit Market,Cooked Street Food (Soya/Beignets),Monday,September,9,0,0,1,0,0,5,2191.0,10953.0
2025-09-16,V005,Buea,Sandpit Market,Cooked Street Food (Soya/Beignets),Tuesday,September,9,0,0,1,0,0,9,1686.0,15174.0
2025-09-17,V005,Buea,Sandpit Market,Cooked Street Food (Soya/Beignets),Wednesday,September,9,0,0,1,0,0,6,2295.0,13769.0
2025-09-18,V005,Buea,Sandpit Market,Cooked Street Food (Soya/Beignets),Thursday,September,9,0,0,1,0,0,9,1782.0,16038.0
2025-09-19,V005,Buea,Sandpit Market,Cooked Street Food (Soya/Beignets),Friday,September,9,0,0,1,0,0,5,2668.0,13339.0
2025-09-20,V005,Buea,Sandpit Market,Cooked Street Food (Soya/Beignets),Saturday,September,9,1,0,1,1,0,15,2013.0,30190.0
2025-09-21,V005,Buea,Sandpit Market,Cooked Street Food (Soya/Beignets),Sunday,September,9,1,0,1,0,0,12,1870.0,22436.0
2025-09-22,V005,Buea,Sandpit Market,Cooked Street Food (Soya/Beignets),Monday,September,9,0,0,1,0,0,5,1915.0,9573.0
2025-09-23,V005,Buea,Sandpit Market,Cooked Street Food (Soya/Beignets),Tuesday,September,9,0,0,1,0,0,9,1695.0,15255.0
2025-09-24,V005,Buea,Sandpit Market,Cooked Street Food (Soya/Beignets),Wednesday,September,9,0,0,1,0,0,7,1686.0,11803.0
2025-09-25,V005,Buea,Sandpit Market,Cooked Street Food (Soya/Beignets),Thursday,September,9,0,0,1,0,0,5,1924.0,9619.0
2025-09-26,V005,Buea,Sandpit Market,Cooked Street Food (Soya/Beignets),Friday,September,9,0,0,1,0,0,10,1801.0,18013.0
2025-09-27,V005,Buea,Sandpit Market,Cooked Street Food (Soya/Beignets),Saturday,September,9,1,0,1,0,0,14,2052.0,28731.0
2025-09-28,V005,Buea,Sandpit Market,Cooked Street Food (Soya/Beignets),Sunday,September,9,1,0,1,0,1,15,1546.0,23190.0
2025-09-29,V005,Buea,Sandpit Market,Cooked Street Food (Soya/Beignets),Monday,September,9,0,0,1,0,1,8,2215.0,17717.0
2025-09-30,V005,Buea,Sandpit Market,Cooked Street Food (Soya/Beignets),Tuesday,September,9,0,0,1,0,1,6,1830.0,10980.0
2025-10-01,V005,Buea,Sandpit Market,Cooked Street Food (Soya/Beignets),Wednesday,October,10,0,0,1,0,0,7,1790.0,12527.0
2025-10-02,V005,Buea,Sandpit Market,Cooked Street Food (Soya/Beignets),Thursday,October,10,0,0,1,0,0,8,1850.0,14798.0
2025-10-03,V005,Buea,Sandpit Market,Cooked Street Food (Soya/Beignets),Friday,October,10,0,0,1,0,0,9,1866.0,16794.0
2025-10-04,V005,Buea,Sandpit Market,Cooked Street Food (Soya/Beignets),Saturday,October,10,1,0,1,1,0,16,1570.0,25121.0
2025-10-05,V005,Buea,Sandpit Market,Cooked Street Food (Soya/Beignets),Sunday,October,10,1,0,1,0,0,5,2669.0,13347.0
2025-10-06,V005,Buea,Sandpit Market,Cooked Street Food (Soya/Beignets),Monday,October,10,0,0,1,0,0,8,2159.0,17272.0
2025-10-07,V005,Buea,Sandpit Market,Cooked Street Food (Soya/Beignets),Tuesday,October,10,0,0,1,0,0,9,1954.0,17589.0
2025-10-08,V005,Buea,Sandpit Market,Cooked Street Food (Soya/Beignets),Wednesday,October,10,0,0,1,0,0,11,1237.0,13605.0
2025-10-09,V005,Buea,Sandpit Market,Cooked Street Food (Soya/Beignets),Thursday,October,10,0,0,1,0,0,12,1569.0,18831.0
2025-10-10,V005,Buea,Sandpit Market,Cooked Street Food (Soya/Beignets),Friday,October,10,0,0,1,0,0,9,2175.0,19571.0
2025-10-11,V005,Buea,Sandpit Market,Cooked Street Food (Soya/Beignets),Saturday,October,10,1,0,1,0,0,14,1803.0,25246.0
2025-10-12,V005,Buea,Sandpit Market,Cooked Street Food (Soya/Beignets),Sunday,October,10,1,0,1,0,0,9,1960.0,17639.0
2025-10-13,V005,Buea,Sandpit Market,Cooked Street Food (Soya/Beignets),Monday,October,10,0,0,1,0,0,6,2333.0,14000.0
2025-10-14,V005,Buea,Sandpit Market,Cooked Street Food (Soya/Beignets),Tuesday,October,10,0,0,1,0,0,5,1813.0,9064.0
2025-10-15,V005,Buea,Sandpit Market,Cooked Street Food (Soya/Beignets),Wednesday,October,10,0,0,1,0,0,5,2834.0,14168.0
2025-10-16,V005,Buea,Sandpit Market,Cooked Street Food (Soya/Beignets),Thursday,October,10,0,0,1,0,0,9,2023.0,18205.0
2025-10-17,V005,Buea,Sandpit Market,Cooked Street Food (Soya/Beignets),Friday,October,10,0,0,1,0,0,10,2264.0,22644.0
2025-10-18,V005,Buea,Sandpit Market,Cooked Street Food (Soya/Beignets),Saturday,October,10,1,0,1,1,0,16,1745.0,27912.0
2025-10-19,V005,Buea,Sandpit Market,Cooked Street Food (Soya/Beignets),Sunday,October,10,1,0,1,0,0,9,1623.0,14610.0
2025-10-20,V005,Buea,Sandpit Market,Cooked Street Food (Soya/Beignets),Monday,October,10,0,0,1,0,0,10,1589.0,15890.0
2025-10-21,V005,Buea,Sandpit Market,Cooked Street Food (Soya/Beignets),Tuesday,October,10,0,0,1,0,0,9,1191.0,10721.0
2025-10-22,V005,Buea,Sandpit Market,Cooked Street Food (Soya/Beignets),Wednesday,October,10,0,0,1,0,0,8,2024.0,16195.0
2025-10-23,V005,Buea,Sandpit Market,Cooked Street Food (Soya/Beignets),Thursday,October,10,0,0,1,0,0,7,1888.0,13216.0
2025-10-24,V005,Buea,Sandpit Market,Cooked Street Food (Soya/Beignets),Friday,October,10,0,0,1,0,0,7,1859.0,13016.0
2025-10-25,V005,Buea,Sandpit Market,Cooked Street Food (Soya/Beignets),Saturday,October,10,1,0,1,0,0,11,2168.0,23844.0
2025-10-26,V005,Buea,Sandpit Market,Cooked Street Food (Soya/Beignets),Sunday,October,10,1,0,1,0,0,7,3176.0,22233.0
2025-10-27,V005,Buea,Sandpit Market,Cooked Street Food (Soya/Beignets),Monday,October,10,0,0,1,0,0,7,2044.0,14306.0
2025-10-28,V005,Buea,Sandpit Market,Cooked Street Food (Soya/Beignets),Tuesday,October,10,0,0,1,0,0,12,1808.0,21701.0
2025-10-29,V005,Buea,Sandpit Market,Cooked Street Food (Soya/Beignets),Wednesday,October,10,0,0,1,0,1,11,1637.0,18007.0
2025-10-30,V005,Buea,Sandpit Market,Cooked Street Food (Soya/Beignets),Thursday,October,10,0,0,1,0,1,10,1825.0,18251.0
2025-10-31,V005,Buea,Sandpit Market,Cooked Street Food (Soya/Beignets),Friday,October,10,0,0,1,0,1,14,1490.0,20867.0
2025-11-01,V005,Buea,Sandpit Market,Cooked Street Food (Soya/Beignets),Saturday,November,11,1,0,0,1,0,10,2346.0,23457.0
2025-11-02,V005,Buea,Sandpit Market,Cooked Street Food (Soya/Beignets),Sunday,November,11,1,0,0,0,0,11,1810.0,19906.0
2025-11-03,V005,Buea,Sandpit Market,Cooked Street Food (Soya/Beignets),Monday,November,11,0,0,0,0,0,8,1851.0,14810.0
2025-11-04,V005,Buea,Sandpit Market,Cooked Street Food (Soya/Beignets),Tuesday,November,11,0,0,0,0,0,11,1318.0,14497.0
2025-11-05,V005,Buea,Sandpit Market,Cooked Street Food (Soya/Beignets),Wednesday,November,11,0,0,0,0,0,4,2932.0,11727.0
2025-11-06,V005,Buea,Sandpit Market,Cooked Street Food (Soya/Beignets),Thursday,November,11,0,0,0,0,0,5,3252.0,16259.0
2025-11-07,V005,Buea,Sandpit Market,Cooked Street Food (Soya/Beignets),Friday,November,11,0,0,0,0,0,14,1401.0,19614.0
2025-11-08,V005,Buea,Sandpit Market,Cooked Street Food (Soya/Beignets),Saturday,November,11,1,0,0,0,0,14,1781.0,24939.0
2025-11-09,V005,Buea,Sandpit Market,Cooked Street Food (Soya/Beignets),Sunday,November,11,1,0,0,0,0,7,2200.0,15403.0
2025-11-10,V005,Buea,Sandpit Market,Cooked Street Food (Soya/Beignets),Monday,November,11,0,0,0,0,0,6,2236.0,13418.0
2025-11-11,V005,Buea,Sandpit Market,Cooked Street Food (Soya/Beignets),Tuesday,November,11,0,0,0,0,0,11,1728.0,19007.0
2025-11-12,V005,Buea,Sandpit Market,Cooked Street Food (Soya/Beignets),Wednesday,November,11,0,0,0,0,0,7,1830.0,12807.0
2025-11-13,V005,Buea,Sandpit Market,Cooked Street Food (Soya/Beignets),Thursday,November,11,0,0,0,0,0,12,1510.0,18118.0
2025-11-14,V005,Buea,Sandpit Market,Cooked Street Food (Soya/Beignets),Friday,November,11,0,0,0,0,0,12,2242.0,26907.0
2025-11-15,V005,Buea,Sandpit Market,Cooked Street Food (Soya/Beignets),Saturday,November,11,1,0,0,1,0,11,2303.0,25337.0
2025-11-16,V005,Buea,Sandpit Market,Cooked Street Food (Soya/Beignets),Sunday,November,11,1,0,0,0,0,11,1684.0,18527.0
2025-11-17,V005,Buea,Sandpit Market,Cooked Street Food (Soya/Beignets),Monday,November,11,0,0,0,0,0,9,1905.0,17147.0
2025-11-18,V005,Buea,Sandpit Market,Cooked Street Food (Soya/Beignets),Tuesday,November,11,0,0,0,0,0,8,1781.0,14247.0
2025-11-19,V005,Buea,Sandpit Market,Cooked Street Food (Soya/Beignets),Wednesday,November,11,0,0,0,0,0,11,1224.0,13460.0
2025-11-20,V005,Buea,Sandpit Market,Cooked Street Food (Soya/Beignets),Thursday,November,11,0,0,0,0,0,7,1772.0,12402.0
2025-11-21,V005,Buea,Sandpit Market,Cooked Street Food (Soya/Beignets),Friday,November,11,0,0,0,0,0,16,1821.0,29141.0
2025-11-22,V005,Buea,Sandpit Market,Cooked Street Food (Soya/Beignets),Saturday,November,11,1,0,0,0,0,12,2001.0,24010.0
2025-11-23,V005,Buea,Sandpit Market,Cooked Street Food (Soya/Beignets),Sunday,November,11,1,0,0,0,0,13,1439.0,18707.0
2025-11-24,V005,Buea,Sandpit Market,Cooked Street Food (Soya/Beignets),Monday,November,11,0,0,0,0,0,8,1205.0,9641.0
2025-11-25,V005,Buea,Sandpit Market,Cooked Street Food (Soya/Beignets),Tuesday,November,11,0,0,0,0,0,5,2336.0,11679.0
2025-11-26,V005,Buea,Sandpit Market,Cooked Street Food (Soya/Beignets),Wednesday,November,11,0,0,0,0,0,9,1609.0,14481.0
2025-11-27,V005,Buea,Sandpit Market,Cooked Street Food (Soya/Beignets),Thursday,November,11,0,0,0,0,0,7,1775.0,12423.0
2025-11-28,V005,Buea,Sandpit Market,Cooked Street Food (Soya/Beignets),Friday,November,11,0,0,0,0,1,15,2234.0,33516.0
2025-11-29,V005,Buea,Sandpit Market,Cooked Street Food (Soya/Beignets),Saturday,November,11,1,0,0,0,1,15,1971.0,29565.0
2025-11-30,V005,Buea,Sandpit Market,Cooked Street Food (Soya/Beignets),Sunday,November,11,1,0,0,0,1,13,1846.0,23994.0
2025-12-01,V005,Buea,Sandpit Market,Cooked Street Food (Soya/Beignets),Monday,December,12,0,0,0,0,0,8,1599.0,12790.0
2025-12-02,V005,Buea,Sandpit Market,Cooked Street Food (Soya/Beignets),Tuesday,December,12,0,0,0,0,0,11,1898.0,20883.0
2025-12-03,V005,Buea,Sandpit Market,Cooked Street Food (Soya/Beignets),Wednesday,December,12,0,0,0,0,0,7,2544.0,17808.0
2025-12-04,V005,Buea,Sandpit Market,Cooked Street Food (Soya/Beignets),Thursday,December,12,0,0,0,0,0,8,1743.0,13944.0
2025-12-05,V005,Buea,Sandpit Market,Cooked Street Food (Soya/Beignets),Friday,December,12,0,0,0,0,0,15,1763.0,26444.0
2025-12-06,V005,Buea,Sandpit Market,Cooked Street Food (Soya/Beignets),Saturday,December,12,1,0,0,1,0,15,1847.0,27712.0
2025-12-07,V005,Buea,Sandpit Market,Cooked Street Food (Soya/Beignets),Sunday,December,12,1,0,0,0,0,9,1714.0,15430.0
2025-12-08,V005,Buea,Sandpit Market,Cooked Street Food (Soya/Beignets),Monday,December,12,0,0,0,0,0,8,2103.0,16826.0
2025-12-09,V005,Buea,Sandpit Market,Cooked Street Food (Soya/Beignets),Tuesday,December,12,0,0,0,0,0,8,1733.0,13867.0
2025-12-10,V005,Buea,Sandpit Market,Cooked Street Food (Soya/Beignets),Wednesday,December,12,0,0,0,0,0,7,2066.0,14461.0
2025-12-11,V005,Buea,Sandpit Market,Cooked Street Food (Soya/Beignets),Thursday,December,12,0,0,0,0,0,12,2014.0,24172.0
2025-12-12,V005,Buea,Sandpit Market,Cooked Street Food (Soya/Beignets),Friday,December,12,0,0,0,0,0,9,2109.0,18980.0
2025-12-13,V005,Buea,Sandpit Market,Cooked Street Food (Soya/Beignets),Saturday,December,12,1,0,0,0,0,15,1894.0,28407.0
2025-12-14,V005,Buea,Sandpit Market,Cooked Street Food (Soya/Beignets),Sunday,December,12,1,0,0,0,0,12,1433.0,17193.0
2025-12-15,V005,Buea,Sandpit Market,Cooked Street Food (Soya/Beignets),Monday,December,12,0,0,0,0,0,9,2059.0,18535.0
2025-12-16,V005,Buea,Sandpit Market,Cooked Street Food (Soya/Beignets),Tuesday,December,12,0,0,0,0,0,8,1348.0,10785.0
2025-12-17,V005,Buea,Sandpit Market,Cooked Street Food (Soya/Beignets),Wednesday,December,12,0,0,0,0,0,9,1537.0,13830.0
2025-12-18,V005,Buea,Sandpit Market,Cooked Street Food (Soya/Beignets),Thursday,December,12,0,0,0,0,0,8,1452.0,11619.0
2025-12-19,V005,Buea,Sandpit Market,Cooked Street Food (Soya/Beignets),Friday,December,12,0,0,0,0,0,10,1628.0,16279.0
2025-12-20,V005,Buea,Sandpit Market,Cooked Street Food (Soya/Beignets),Saturday,December,12,1,0,0,1,0,14,2100.0,29394.0
2025-12-21,V005,Buea,Sandpit Market,Cooked Street Food (Soya/Beignets),Sunday,December,12,1,0,0,0,0,11,1633.0,17959.0
2025-12-22,V005,Buea,Sandpit Market,Cooked Street Food (Soya/Beignets),Monday,December,12,0,0,0,0,0,9,1626.0,14632.0
2025-12-23,V005,Buea,Sandpit Market,Cooked Street Food (Soya/Beignets),Tuesday,December,12,0,0,0,0,0,8,2692.0,21540.0
2025-12-24,V005,Buea,Sandpit Market,Cooked Street Food (Soya/Beignets),Wednesday,December,12,0,0,0,0,0,11,1903.0,20930.0
2025-12-25,V005,Buea,Sandpit Market,Cooked Street Food (Soya/Beignets),Thursday,December,12,0,1,0,0,0,7,2516.0,17612.0
2025-12-26,V005,Buea,Sandpit Market,Cooked Street Food (Soya/Beignets),Friday,December,12,0,0,0,0,0,12,1631.0,19567.0
2025-12-27,V005,Buea,Sandpit Market,Cooked Street Food (Soya/Beignets),Saturday,December,12,1,0,0,0,0,16,1518.0,24282.0
2025-12-28,V005,Buea,Sandpit Market,Cooked Street Food (Soya/Beignets),Sunday,December,12,1,0,0,0,0,8,1860.0,14882.0
2025-12-29,V005,Buea,Sandpit Market,Cooked Street Food (Soya/Beignets),Monday,December,12,0,0,0,0,1,8,1647.0,13177.0
2025-12-30,V005,Buea,Sandpit Market,Cooked Street Food (Soya/Beignets),Tuesday,December,12,0,0,0,0,1,10,2036.0,20359.0
2025-12-31,V005,Buea,Sandpit Market,Cooked Street Food (Soya/Beignets),Wednesday,December,12,0,0,0,0,1,6,1876.0,11258.0
2026-01-01,V005,Buea,Sandpit Market,Cooked Street Food (Soya/Beignets),Thursday,January,1,0,1,0,0,0,13,1723.0,22398.0
2026-01-02,V005,Buea,Sandpit Market,Cooked Street Food (Soya/Beignets),Friday,January,1,0,0,0,0,0,11,2299.0,25288.0
2026-01-03,V005,Buea,Sandpit Market,Cooked Street Food (Soya/Beignets),Saturday,January,1,1,0,0,1,0,20,1657.0,33137.0
2026-01-04,V005,Buea,Sandpit Market,Cooked Street Food (Soya/Beignets),Sunday,January,1,1,0,0,0,0,8,1754.0,14030.0
2026-01-05,V005,Buea,Sandpit Market,Cooked Street Food (Soya/Beignets),Monday,January,1,0,0,0,0,0,7,1873.0,13110.0
2026-01-06,V005,Buea,Sandpit Market,Cooked Street Food (Soya/Beignets),Tuesday,January,1,0,0,0,0,0,7,2295.0,16066.0
2026-01-07,V005,Buea,Sandpit Market,Cooked Street Food (Soya/Beignets),Wednesday,January,1,0,0,0,0,0,7,1979.0,13852.0
2026-01-08,V005,Buea,Sandpit Market,Cooked Street Food (Soya/Beignets),Thursday,January,1,0,0,0,0,0,5,2724.0,13620.0
2026-01-09,V005,Buea,Sandpit Market,Cooked Street Food (Soya/Beignets),Friday,January,1,0,0,0,0,0,10,2288.0,22878.0
2026-01-10,V005,Buea,Sandpit Market,Cooked Street Food (Soya/Beignets),Saturday,January,1,1,0,0,0,0,16,1751.0,28012.0
2026-01-11,V005,Buea,Sandpit Market,Cooked Street Food (Soya/Beignets),Sunday,January,1,1,0,0,0,0,6,2361.0,14164.0
2026-01-12,V005,Buea,Sandpit Market,Cooked Street Food (Soya/Beignets),Monday,January,1,0,0,0,0,0,7,2543.0,17798.0
2026-01-13,V005,Buea,Sandpit Market,Cooked Street Food (Soya/Beignets),Tuesday,January,1,0,0,0,0,0,8,1735.0,13881.0
2026-01-14,V005,Buea,Sandpit Market,Cooked Street Food (Soya/Beignets),Wednesday,January,1,0,0,0,0,0,9,2001.0,18013.0
2026-01-15,V005,Buea,Sandpit Market,Cooked Street Food (Soya/Beignets),Thursday,January,1,0,0,0,0,0,11,1352.0,14875.0
2026-01-16,V005,Buea,Sandpit Market,Cooked Street Food (Soya/Beignets),Friday,January,1,0,0,0,0,0,17,1629.0,27685.0
2026-01-17,V005,Buea,Sandpit Market,Cooked Street Food (Soya/Beignets),Saturday,January,1,1,0,0,1,0,14,2127.0,29772.0
2026-01-18,V005,Buea,Sandpit Market,Cooked Street Food (Soya/Beignets),Sunday,January,1,1,0,0,0,0,10,1664.0,16641.0
2026-01-19,V005,Buea,Sandpit Market,Cooked Street Food (Soya/Beignets),Monday,January,1,0,0,0,0,0,11,1407.0,15478.0
2026-01-20,V005,Buea,Sandpit Market,Cooked Street Food (Soya/Beignets),Tuesday,January,1,0,0,0,0,0,6,2828.0,16966.0
2026-01-21,V005,Buea,Sandpit Market,Cooked Street Food (Soya/Beignets),Wednesday,January,1,0,0,0,0,0,8,2363.0,18905.0
2026-01-22,V005,Buea,Sandpit Market,Cooked Street Food (Soya/Beignets),Thursday,January,1,0,0,0,0,0,9,1718.0,15458.0
2026-01-23,V005,Buea,Sandpit Market,Cooked Street Food (Soya/Beignets),Friday,January,1,0,0,0,0,0,22,1318.0,28995.0
2026-01-24,V005,Buea,Sandpit Market,Cooked Street Food (Soya/Beignets),Saturday,January,1,1,0,0,0,0,15,1848.0,27713.0
2026-01-25,V005,Buea,Sandpit Market,Cooked Street Food (Soya/Beignets),Sunday,January,1,1,0,0,0,0,13,1637.0,21276.0
2026-01-26,V005,Buea,Sandpit Market,Cooked Street Food (Soya/Beignets),Monday,January,1,0,0,0,0,0,11,1232.0,13550.0
2026-01-27,V005,Buea,Sandpit Market,Cooked Street Food (Soya/Beignets),Tuesday,January,1,0,0,0,0,0,9,1748.0,15730.0
2026-01-28,V005,Buea,Sandpit Market,Cooked Street Food (Soya/Beignets),Wednesday,January,1,0,0,0,0,0,10,1764.0,17636.0
2026-01-29,V005,Buea,Sandpit Market,Cooked Street Food (Soya/Beignets),Thursday,January,1,0,0,0,0,1,11,2014.0,22154.0
2026-01-30,V005,Buea,Sandpit Market,Cooked Street Food (Soya/Beignets),Friday,January,1,0,0,0,0,1,9,2340.0,21056.0
2026-01-31,V005,Buea,Sandpit Market,Cooked Street Food (Soya/Beignets),Saturday,January,1,1,0,0,0,1,18,1718.0,30925.0
2026-02-01,V005,Buea,Sandpit Market,Cooked Street Food (Soya/Beignets),Sunday,February,2,1,0,0,0,0,15,1399.0,20984.0
2026-02-02,V005,Buea,Sandpit Market,Cooked Street Food (Soya/Beignets),Monday,February,2,0,0,0,0,0,9,1593.0,14341.0
2026-02-03,V005,Buea,Sandpit Market,Cooked Street Food (Soya/Beignets),Tuesday,February,2,0,0,0,0,0,6,2067.0,12399.0
2026-02-04,V005,Buea,Sandpit Market,Cooked Street Food (Soya/Beignets),Wednesday,February,2,0,0,0,0,0,11,1612.0,17730.0
2026-02-05,V005,Buea,Sandpit Market,Cooked Street Food (Soya/Beignets),Thursday,February,2,0,0,0,0,0,8,1964.0,15710.0
2026-02-06,V005,Buea,Sandpit Market,Cooked Street Food (Soya/Beignets),Friday,February,2,0,0,0,0,0,7,2201.0,15405.0
2026-02-07,V005,Buea,Sandpit Market,Cooked Street Food (Soya/Beignets),Saturday,February,2,1,0,0,1,0,20,1721.0,34414.0
2026-02-08,V005,Buea,Sandpit Market,Cooked Street Food (Soya/Beignets),Sunday,February,2,1,0,0,0,0,11,1922.0,21147.0
2026-02-09,V005,Buea,Sandpit Market,Cooked Street Food (Soya/Beignets),Monday,February,2,0,0,0,0,0,6,2396.0,14374.0
2026-02-10,V005,Buea,Sandpit Market,Cooked Street Food (Soya/Beignets),Tuesday,February,2,0,0,0,0,0,10,1711.0,17115.0
2026-02-11,V005,Buea,Sandpit Market,Cooked Street Food (Soya/Beignets),Wednesday,February,2,0,1,0,0,0,10,2137.0,21365.0
2026-02-12,V005,Buea,Sandpit Market,Cooked Street Food (Soya/Beignets),Thursday,February,2,0,0,0,0,0,8,1405.0,11242.0
2026-02-13,V005,Buea,Sandpit Market,Cooked Street Food (Soya/Beignets),Friday,February,2,0,0,0,0,0,8,2322.0,18573.0
2026-02-14,V005,Buea,Sandpit Market,Cooked Street Food (Soya/Beignets),Saturday,February,2,1,0,0,0,0,14,2011.0,28149.0
2026-02-15,V005,Buea,Sandpit Market,Cooked Street Food (Soya/Beignets),Sunday,February,2,1,0,0,0,0,14,1670.0,23387.0
2026-02-16,V005,Buea,Sandpit Market,Cooked Street Food (Soya/Beignets),Monday,February,2,0,0,0,0,0,6,2706.0,16235.0
2026-02-17,V005,Buea,Sandpit Market,Cooked Street Food (Soya/Beignets),Tuesday,February,2,0,0,0,0,0,10,1877.0,18771.0
2026-02-18,V005,Buea,Sandpit Market,Cooked Street Food (Soya/Beignets),Wednesday,February,2,0,0,0,0,0,8,1830.0,14638.0
2026-02-19,V005,Buea,Sandpit Market,Cooked Street Food (Soya/Beignets),Thursday,February,2,0,0,0,0,0,7,1719.0,12031.0
2026-02-20,V005,Buea,Sandpit Market,Cooked Street Food (Soya/Beignets),Friday,February,2,0,0,0,0,0,6,2803.0,16821.0
2026-02-21,V005,Buea,Sandpit Market,Cooked Street Food (Soya/Beignets),Saturday,February,2,1,0,0,1,0,14,1592.0,22291.0
2026-02-22,V005,Buea,Sandpit Market,Cooked Street Food (Soya/Beignets),Sunday,February,2,1,0,0,0,0,12,1438.0,17255.0
2026-02-23,V005,Buea,Sandpit Market,Cooked Street Food (Soya/Beignets),Monday,February,2,0,0,0,0,0,3,4345.0,13036.0
2026-02-24,V005,Buea,Sandpit Market,Cooked Street Food (Soya/Beignets),Tuesday,February,2,0,0,0,0,0,9,1372.0,12344.0
2026-02-25,V005,Buea,Sandpit Market,Cooked Street Food (Soya/Beignets),Wednesday,February,2,0,0,0,0,0,7,2173.0,15211.0
2026-02-26,V005,Buea,Sandpit Market,Cooked Street Food (Soya/Beignets),Thursday,February,2,0,0,0,0,1,11,1782.0,19605.0
2026-02-27,V005,Buea,Sandpit Market,Cooked Street Food (Soya/Beignets),Friday,February,2,0,0,0,0,1,18,1582.0,28468.0
2026-02-28,V005,Buea,Sandpit Market,Cooked Street Food (Soya/Beignets),Saturday,February,2,1,0,0,0,1,12,2232.0,26781.0
2026-03-01,V005,Buea,Sandpit Market,Cooked Street Food (Soya/Beignets),Sunday,March,3,1,0,0,0,0,10,1794.0,17939.0
2026-03-02,V005,Buea,Sandpit Market,Cooked Street Food (Soya/Beignets),Monday,March,3,0,0,0,0,0,4,3017.0,12069.0
2026-03-03,V005,Buea,Sandpit Market,Cooked Street Food (Soya/Beignets),Tuesday,March,3,0,0,0,0,0,8,2007.0,16055.0
2026-03-04,V005,Buea,Sandpit Market,Cooked Street Food (Soya/Beignets),Wednesday,March,3,0,0,0,0,0,7,2248.0,15736.0
2026-03-05,V005,Buea,Sandpit Market,Cooked Street Food (Soya/Beignets),Thursday,March,3,0,0,0,0,0,6,2649.0,15891.0
2026-03-06,V005,Buea,Sandpit Market,Cooked Street Food (Soya/Beignets),Friday,March,3,0,0,0,0,0,15,1584.0,23763.0
2026-03-07,V005,Buea,Sandpit Market,Cooked Street Food (Soya/Beignets),Saturday,March,3,1,0,0,1,0,9,2337.0,21029.0
2026-03-08,V005,Buea,Sandpit Market,Cooked Street Food (Soya/Beignets),Sunday,March,3,1,1,0,0,0,8,2306.0,18452.0
2026-03-09,V005,Buea,Sandpit Market,Cooked Street Food (Soya/Beignets),Monday,March,3,0,0,0,0,0,4,3535.0,14141.0
2026-03-10,V005,Buea,Sandpit Market,Cooked Street Food (Soya/Beignets),Tuesday,March,3,0,0,0,0,0,5,2557.0,12784.0
2026-03-11,V005,Buea,Sandpit Market,Cooked Street Food (Soya/Beignets),Wednesday,March,3,0,0,0,0,0,9,1804.0,16238.0
2026-03-12,V005,Buea,Sandpit Market,Cooked Street Food (Soya/Beignets),Thursday,March,3,0,0,0,0,0,8,1818.0,14546.0
2026-03-13,V005,Buea,Sandpit Market,Cooked Street Food (Soya/Beignets),Friday,March,3,0,0,0,0,0,9,2039.0,18348.0
2026-03-14,V005,Buea,Sandpit Market,Cooked Street Food (Soya/Beignets),Saturday,March,3,1,0,0,0,0,21,1599.0,33579.0
2026-03-15,V005,Buea,Sandpit Market,Cooked Street Food (Soya/Beignets),Sunday,March,3,1,0,0,0,0,10,1529.0,15294.0
2026-03-16,V005,Buea,Sandpit Market,Cooked Street Food (Soya/Beignets),Monday,March,3,0,0,0,0,0,6,2769.0,16613.0
2026-03-17,V005,Buea,Sandpit Market,Cooked Street Food (Soya/Beignets),Tuesday,March,3,0,0,0,0,0,12,1457.0,17488.0
2026-03-18,V005,Buea,Sandpit Market,Cooked Street Food (Soya/Beignets),Wednesday,March,3,0,0,0,0,0,5,2556.0,12782.0
2026-03-19,V005,Buea,Sandpit Market,Cooked Street Food (Soya/Beignets),Thursday,March,3,0,0,0,0,0,11,1809.0,19894.0
2026-03-20,V005,Buea,Sandpit Market,Cooked Street Food (Soya/Beignets),Friday,March,3,0,0,0,0,0,13,1720.0,22358.0
2026-03-21,V005,Buea,Sandpit Market,Cooked Street Food (Soya/Beignets),Saturday,March,3,1,0,0,1,0,14,2247.0,31454.0
2026-03-22,V005,Buea,Sandpit Market,Cooked Street Food (Soya/Beignets),Sunday,March,3,1,0,0,0,0,15,1556.0,23334.0
2026-03-23,V005,Buea,Sandpit Market,Cooked Street Food (Soya/Beignets),Monday,March,3,0,0,0,0,0,7,1968.0,13775.0
2026-03-24,V005,Buea,Sandpit Market,Cooked Street Food (Soya/Beignets),Tuesday,March,3,0,0,0,0,0,7,1637.0,11456.0
2026-03-25,V005,Buea,Sandpit Market,Cooked Street Food (Soya/Beignets),Wednesday,March,3,0,0,0,0,0,9,1927.0,17340.0
2026-03-26,V005,Buea,Sandpit Market,Cooked Street Food (Soya/Beignets),Thursday,March,3,0,0,0,0,0,10,2028.0,20280.0
2026-03-27,V005,Buea,Sandpit Market,Cooked Street Food (Soya/Beignets),Friday,March,3,0,0,0,0,0,10,2241.0,22410.0
2026-03-28,V005,Buea,Sandpit Market,Cooked Street Food (Soya/Beignets),Saturday,March,3,1,0,0,0,0,13,1903.0,24741.0
2026-03-29,V005,Buea,Sandpit Market,Cooked Street Food (Soya/Beignets),Sunday,March,3,1,0,0,0,1,12,1929.0,23143.0
2026-03-30,V005,Buea,Sandpit Market,Cooked Street Food (Soya/Beignets),Monday,March,3,0,0,0,0,1,10,1612.0,16123.0
2026-03-31,V005,Buea,Sandpit Market,Cooked Street Food (Soya/Beignets),Tuesday,March,3,0,0,0,0,1,5,3209.0,16043.0
2025-09-01,V006,Buea,Mile 17 Motor Park Market,Charcoal & Firewood,Monday,September,9,0,0,1,0,0,5,2108.0,10539.0
2025-09-02,V006,Buea,Mile 17 Motor Park Market,Charcoal & Firewood,Tuesday,September,9,0,0,1,0,0,6,1459.0,8755.0
2025-09-03,V006,Buea,Mile 17 Motor Park Market,Charcoal & Firewood,Wednesday,September,9,0,0,1,0,0,7,1745.0,12217.0
2025-09-04,V006,Buea,Mile 17 Motor Park Market,Charcoal & Firewood,Thursday,September,9,0,0,1,0,0,3,3089.0,9266.0
2025-09-05,V006,Buea,Mile 17 Motor Park Market,Charcoal & Firewood,Friday,September,9,0,0,1,0,0,9,1970.0,17726.0
2025-09-06,V006,Buea,Mile 17 Motor Park Market,Charcoal & Firewood,Saturday,September,9,1,0,1,1,0,11,1758.0,19334.0
2025-09-07,V006,Buea,Mile 17 Motor Park Market,Charcoal & Firewood,Sunday,September,9,1,0,1,0,0,9,1692.0,15224.0
2025-09-08,V006,Buea,Mile 17 Motor Park Market,Charcoal & Firewood,Monday,September,9,0,0,1,0,0,7,1522.0,10653.0
2025-09-09,V006,Buea,Mile 17 Motor Park Market,Charcoal & Firewood,Tuesday,September,9,0,0,1,0,0,8,1568.0,12546.0
2025-09-10,V006,Buea,Mile 17 Motor Park Market,Charcoal & Firewood,Wednesday,September,9,0,0,1,0,0,5,1996.0,9982.0
2025-09-11,V006,Buea,Mile 17 Motor Park Market,Charcoal & Firewood,Thursday,September,9,0,0,1,0,0,7,1567.0,10970.0
2025-09-12,V006,Buea,Mile 17 Motor Park Market,Charcoal & Firewood,Friday,September,9,0,0,1,0,0,4,3216.0,12865.0
2025-09-13,V006,Buea,Mile 17 Motor Park Market,Charcoal & Firewood,Saturday,September,9,1,0,1,0,0,13,1708.0,22198.0
2025-09-14,V006,Buea,Mile 17 Motor Park Market,Charcoal & Firewood,Sunday,September,9,1,0,1,0,0,7,1588.0,11117.0
2025-09-15,V006,Buea,Mile 17 Motor Park Market,Charcoal & Firewood,Monday,September,9,0,0,1,0,0,3,2619.0,7857.0
2025-09-16,V006,Buea,Mile 17 Motor Park Market,Charcoal & Firewood,Tuesday,September,9,0,0,1,0,0,7,1430.0,10007.0
2025-09-17,V006,Buea,Mile 17 Motor Park Market,Charcoal & Firewood,Wednesday,September,9,0,0,1,0,0,5,2023.0,10114.0
2025-09-18,V006,Buea,Mile 17 Motor Park Market,Charcoal & Firewood,Thursday,September,9,0,0,1,0,0,9,1233.0,11095.0
2025-09-19,V006,Buea,Mile 17 Motor Park Market,Charcoal & Firewood,Friday,September,9,0,0,1,0,0,6,2178.0,13067.0
2025-09-20,V006,Buea,Mile 17 Motor Park Market,Charcoal & Firewood,Saturday,September,9,1,0,1,1,0,12,1814.0,21774.0
2025-09-21,V006,Buea,Mile 17 Motor Park Market,Charcoal & Firewood,Sunday,September,9,1,0,1,0,0,7,1783.0,12484.0
2025-09-22,V006,Buea,Mile 17 Motor Park Market,Charcoal & Firewood,Monday,September,9,0,0,1,0,0,3,2536.0,7607.0
2025-09-23,V006,Buea,Mile 17 Motor Park Market,Charcoal & Firewood,Tuesday,September,9,0,0,1,0,0,5,1502.0,7509.0
2025-09-24,V006,Buea,Mile 17 Motor Park Market,Charcoal & Firewood,Wednesday,September,9,0,0,1,0,0,7,1570.0,10991.0
2025-09-25,V006,Buea,Mile 17 Motor Park Market,Charcoal & Firewood,Thursday,September,9,0,0,1,0,0,3,2894.0,8682.0
2025-09-26,V006,Buea,Mile 17 Motor Park Market,Charcoal & Firewood,Friday,September,9,0,0,1,0,0,6,2370.0,14219.0
2025-09-27,V006,Buea,Mile 17 Motor Park Market,Charcoal & Firewood,Saturday,September,9,1,0,1,0,0,7,2019.0,14135.0
2025-09-28,V006,Buea,Mile 17 Motor Park Market,Charcoal & Firewood,Sunday,September,9,1,0,1,0,1,11,1746.0,19204.0
2025-09-29,V006,Buea,Mile 17 Motor Park Market,Charcoal & Firewood,Monday,September,9,0,0,1,0,1,9,1252.0,11267.0
2025-09-30,V006,Buea,Mile 17 Motor Park Market,Charcoal & Firewood,Tuesday,September,9,0,0,1,0,1,5,2767.0,13835.0
2025-10-01,V006,Buea,Mile 17 Motor Park Market,Charcoal & Firewood,Wednesday,October,10,0,0,1,0,0,6,1394.0,8362.0
2025-10-02,V006,Buea,Mile 17 Motor Park Market,Charcoal & Firewood,Thursday,October,10,0,0,1,0,0,8,1590.0,12719.0
2025-10-03,V006,Buea,Mile 17 Motor Park Market,Charcoal & Firewood,Friday,October,10,0,0,1,0,0,8,1761.0,14089.0
2025-10-04,V006,Buea,Mile 17 Motor Park Market,Charcoal & Firewood,Saturday,October,10,1,0,1,1,0,9,2018.0,18163.0
2025-10-05,V006,Buea,Mile 17 Motor Park Market,Charcoal & Firewood,Sunday,October,10,1,0,1,0,0,7,1566.0,10960.0
2025-10-06,V006,Buea,Mile 17 Motor Park Market,Charcoal & Firewood,Monday,October,10,0,0,1,0,0,3,2406.0,7217.0
2025-10-07,V006,Buea,Mile 17 Motor Park Market,Charcoal & Firewood,Tuesday,October,10,0,0,1,0,0,6,1653.0,9921.0
2025-10-08,V006,Buea,Mile 17 Motor Park Market,Charcoal & Firewood,Wednesday,October,10,0,0,1,0,0,3,2869.0,8608.0
2025-10-09,V006,Buea,Mile 17 Motor Park Market,Charcoal & Firewood,Thursday,October,10,0,0,1,0,0,10,1474.0,14743.0
2025-10-10,V006,Buea,Mile 17 Motor Park Market,Charcoal & Firewood,Friday,October,10,0,0,1,0,0,4,2029.0,8115.0
2025-10-11,V006,Buea,Mile 17 Motor Park Market,Charcoal & Firewood,Saturday,October,10,1,0,1,0,0,15,1338.0,20077.0
2025-10-12,V006,Buea,Mile 17 Motor Park Market,Charcoal & Firewood,Sunday,October,10,1,0,1,0,0,6,1756.0,10539.0
2025-10-13,V006,Buea,Mile 17 Motor Park Market,Charcoal & Firewood,Monday,October,10,0,0,1,0,0,3,3333.0,9998.0
2025-10-14,V006,Buea,Mile 17 Motor Park Market,Charcoal & Firewood,Tuesday,October,10,0,0,1,0,0,5,2269.0,11346.0
2025-10-15,V006,Buea,Mile 17 Motor Park Market,Charcoal & Firewood,Wednesday,October,10,0,0,1,0,0,3,2072.0,6216.0
2025-10-16,V006,Buea,Mile 17 Motor Park Market,Charcoal & Firewood,Thursday,October,10,0,0,1,0,0,7,2443.0,17102.0
2025-10-17,V006,Buea,Mile 17 Motor Park Market,Charcoal & Firewood,Friday,October,10,0,0,1,0,0,8,1521.0,12166.0
2025-10-18,V006,Buea,Mile 17 Motor Park Market,Charcoal & Firewood,Saturday,October,10,1,0,1,1,0,14,1419.0,19865.0
2025-10-19,V006,Buea,Mile 17 Motor Park Market,Charcoal & Firewood,Sunday,October,10,1,0,1,0,0,9,1677.0,15097.0
2025-10-20,V006,Buea,Mile 17 Motor Park Market,Charcoal & Firewood,Monday,October,10,0,0,1,0,0,5,2560.0,12802.0
2025-10-21,V006,Buea,Mile 17 Motor Park Market,Charcoal & Firewood,Tuesday,October,10,0,0,1,0,0,5,2346.0,11732.0
2025-10-22,V006,Buea,Mile 17 Motor Park Market,Charcoal & Firewood,Wednesday,October,10,0,0,1,0,0,5,1983.0,9916.0
2025-10-23,V006,Buea,Mile 17 Motor Park Market,Charcoal & Firewood,Thursday,October,10,0,0,1,0,0,7,1451.0,10154.0
2025-10-24,V006,Buea,Mile 17 Motor Park Market,Charcoal & Firewood,Friday,October,10,0,0,1,0,0,7,1898.0,13287.0
2025-10-25,V006,Buea,Mile 17 Motor Park Market,Charcoal & Firewood,Saturday,October,10,1,0,1,0,0,11,1380.0,15178.0
2025-10-26,V006,Buea,Mile 17 Motor Park Market,Charcoal & Firewood,Sunday,October,10,1,0,1,0,0,6,1682.0,10091.0
2025-10-27,V006,Buea,Mile 17 Motor Park Market,Charcoal & Firewood,Monday,October,10,0,0,1,0,0,3,2460.0,7379.0
2025-10-28,V006,Buea,Mile 17 Motor Park Market,Charcoal & Firewood,Tuesday,October,10,0,0,1,0,0,3,2906.0,8719.0
2025-10-29,V006,Buea,Mile 17 Motor Park Market,Charcoal & Firewood,Wednesday,October,10,0,0,1,0,1,11,1510.0,16610.0
2025-10-30,V006,Buea,Mile 17 Motor Park Market,Charcoal & Firewood,Thursday,October,10,0,0,1,0,1,5,2760.0,13798.0
2025-10-31,V006,Buea,Mile 17 Motor Park Market,Charcoal & Firewood,Friday,October,10,0,0,1,0,1,12,1491.0,17887.0
2025-11-01,V006,Buea,Mile 17 Motor Park Market,Charcoal & Firewood,Saturday,November,11,1,0,0,1,0,16,1725.0,27596.0
2025-11-02,V006,Buea,Mile 17 Motor Park Market,Charcoal & Firewood,Sunday,November,11,1,0,0,0,0,10,1619.0,16194.0
2025-11-03,V006,Buea,Mile 17 Motor Park Market,Charcoal & Firewood,Monday,November,11,0,0,0,0,0,4,2138.0,8553.0
2025-11-04,V006,Buea,Mile 17 Motor Park Market,Charcoal & Firewood,Tuesday,November,11,0,0,0,0,0,10,1340.0,13404.0
2025-11-05,V006,Buea,Mile 17 Motor Park Market,Charcoal & Firewood,Wednesday,November,11,0,0,0,0,0,6,1676.0,10059.0
2025-11-06,V006,Buea,Mile 17 Motor Park Market,Charcoal & Firewood,Thursday,November,11,0,0,0,0,0,6,2077.0,12459.0
2025-11-07,V006,Buea,Mile 17 Motor Park Market,Charcoal & Firewood,Friday,November,11,0,0,0,0,0,9,1756.0,15801.0
2025-11-08,V006,Buea,Mile 17 Motor Park Market,Charcoal & Firewood,Saturday,November,11,1,0,0,0,0,14,1432.0,20050.0
2025-11-09,V006,Buea,Mile 17 Motor Park Market,Charcoal & Firewood,Sunday,November,11,1,0,0,0,0,9,1810.0,16291.0
2025-11-10,V006,Buea,Mile 17 Motor Park Market,Charcoal & Firewood,Monday,November,11,0,0,0,0,0,10,1470.0,14700.0
2025-11-11,V006,Buea,Mile 17 Motor Park Market,Charcoal & Firewood,Tuesday,November,11,0,0,0,0,0,3,3622.0,10865.0
2025-11-12,V006,Buea,Mile 17 Motor Park Market,Charcoal & Firewood,Wednesday,November,11,0,0,0,0,0,7,1369.0,9586.0
2025-11-13,V006,Buea,Mile 17 Motor Park Market,Charcoal & Firewood,Thursday,November,11,0,0,0,0,0,3,3608.0,10825.0
2025-11-14,V006,Buea,Mile 17 Motor Park Market,Charcoal & Firewood,Friday,November,11,0,0,0,0,0,5,2586.0,12930.0
2025-11-15,V006,Buea,Mile 17 Motor Park Market,Charcoal & Firewood,Saturday,November,11,1,0,0,1,0,13,1924.0,25013.0
2025-11-16,V006,Buea,Mile 17 Motor Park Market,Charcoal & Firewood,Sunday,November,11,1,0,0,0,0,6,1842.0,11050.0
2025-11-17,V006,Buea,Mile 17 Motor Park Market,Charcoal & Firewood,Monday,November,11,0,0,0,0,0,5,2188.0,10938.0
2025-11-18,V006,Buea,Mile 17 Motor Park Market,Charcoal & Firewood,Tuesday,November,11,0,0,0,0,0,6,2267.0,13603.0
2025-11-19,V006,Buea,Mile 17 Motor Park Market,Charcoal & Firewood,Wednesday,November,11,0,0,0,0,0,8,1748.0,13980.0
2025-11-20,V006,Buea,Mile 17 Motor Park Market,Charcoal & Firewood,Thursday,November,11,0,0,0,0,0,5,2865.0,14326.0
2025-11-21,V006,Buea,Mile 17 Motor Park Market,Charcoal & Firewood,Friday,November,11,0,0,0,0,0,8,1886.0,15084.0
2025-11-22,V006,Buea,Mile 17 Motor Park Market,Charcoal & Firewood,Saturday,November,11,1,0,0,0,0,10,1408.0,14081.0
2025-11-23,V006,Buea,Mile 17 Motor Park Market,Charcoal & Firewood,Sunday,November,11,1,0,0,0,0,5,2442.0,12211.0
2025-11-24,V006,Buea,Mile 17 Motor Park Market,Charcoal & Firewood,Monday,November,11,0,0,0,0,0,6,1459.0,8757.0
2025-11-25,V006,Buea,Mile 17 Motor Park Market,Charcoal & Firewood,Tuesday,November,11,0,0,0,0,0,5,1679.0,8394.0
2025-11-26,V006,Buea,Mile 17 Motor Park Market,Charcoal & Firewood,Wednesday,November,11,0,0,0,0,0,8,1728.0,13821.0
2025-11-27,V006,Buea,Mile 17 Motor Park Market,Charcoal & Firewood,Thursday,November,11,0,0,0,0,0,9,1532.0,13785.0
2025-11-28,V006,Buea,Mile 17 Motor Park Market,Charcoal & Firewood,Friday,November,11,0,0,0,0,1,10,1437.0,14366.0
2025-11-29,V006,Buea,Mile 17 Motor Park Market,Charcoal & Firewood,Saturday,November,11,1,0,0,0,1,10,1925.0,19254.0
2025-11-30,V006,Buea,Mile 17 Motor Park Market,Charcoal & Firewood,Sunday,November,11,1,0,0,0,1,9,1703.0,15323.0
2025-12-01,V006,Buea,Mile 17 Motor Park Market,Charcoal & Firewood,Monday,December,12,0,0,0,0,0,5,1908.0,9539.0
2025-12-02,V006,Buea,Mile 17 Motor Park Market,Charcoal & Firewood,Tuesday,December,12,0,0,0,0,0,7,1264.0,8845.0
2025-12-03,V006,Buea,Mile 17 Motor Park Market,Charcoal & Firewood,Wednesday,December,12,0,0,0,0,0,6,2154.0,12921.0
2025-12-04,V006,Buea,Mile 17 Motor Park Market,Charcoal & Firewood,Thursday,December,12,0,0,0,0,0,7,1592.0,11143.0
2025-12-05,V006,Buea,Mile 17 Motor Park Market,Charcoal & Firewood,Friday,December,12,0,0,0,0,0,7,1864.0,13048.0
2025-12-06,V006,Buea,Mile 17 Motor Park Market,Charcoal & Firewood,Saturday,December,12,1,0,0,1,0,13,2035.0,26452.0
2025-12-07,V006,Buea,Mile 17 Motor Park Market,Charcoal & Firewood,Sunday,December,12,1,0,0,0,0,9,1680.0,15117.0
2025-12-08,V006,Buea,Mile 17 Motor Park Market,Charcoal & Firewood,Monday,December,12,0,0,0,0,0,4,2582.0,10326.0
2025-12-09,V006,Buea,Mile 17 Motor Park Market,Charcoal & Firewood,Tuesday,December,12,0,0,0,0,0,6,2291.0,13748.0
2025-12-10,V006,Buea,Mile 17 Motor Park Market,Charcoal & Firewood,Wednesday,December,12,0,0,0,0,0,5,1653.0,8265.0
2025-12-11,V006,Buea,Mile 17 Motor Park Market,Charcoal & Firewood,Thursday,December,12,0,0,0,0,0,6,1628.0,9768.0
2025-12-12,V006,Buea,Mile 17 Motor Park Market,Charcoal & Firewood,Friday,December,12,0,0,0,0,0,11,1713.0,18845.0
2025-12-13,V006,Buea,Mile 17 Motor Park Market,Charcoal & Firewood,Saturday,December,12,1,0,0,0,0,16,1379.0,22057.0
2025-12-14,V006,Buea,Mile 17 Motor Park Market,Charcoal & Firewood,Sunday,December,12,1,0,0,0,0,10,1684.0,16835.0
2025-12-15,V006,Buea,Mile 17 Motor Park Market,Charcoal & Firewood,Monday,December,12,0,0,0,0,0,11,1282.0,14102.0
2025-12-16,V006,Buea,Mile 17 Motor Park Market,Charcoal & Firewood,Tuesday,December,12,0,0,0,0,0,7,2170.0,15189.0
2025-12-17,V006,Buea,Mile 17 Motor Park Market,Charcoal & Firewood,Wednesday,December,12,0,0,0,0,0,3,2992.0,8975.0
2025-12-18,V006,Buea,Mile 17 Motor Park Market,Charcoal & Firewood,Thursday,December,12,0,0,0,0,0,7,1966.0,13763.0
2025-12-19,V006,Buea,Mile 17 Motor Park Market,Charcoal & Firewood,Friday,December,12,0,0,0,0,0,9,1587.0,14279.0
2025-12-20,V006,Buea,Mile 17 Motor Park Market,Charcoal & Firewood,Saturday,December,12,1,0,0,1,0,9,1830.0,16470.0
2025-12-21,V006,Buea,Mile 17 Motor Park Market,Charcoal & Firewood,Sunday,December,12,1,0,0,0,0,10,1730.0,17301.0
2025-12-22,V006,Buea,Mile 17 Motor Park Market,Charcoal & Firewood,Monday,December,12,0,0,0,0,0,9,1322.0,11902.0
2025-12-23,V006,Buea,Mile 17 Motor Park Market,Charcoal & Firewood,Tuesday,December,12,0,0,0,0,0,4,2729.0,10917.0
2025-12-24,V006,Buea,Mile 17 Motor Park Market,Charcoal & Firewood,Wednesday,December,12,0,0,0,0,0,10,1419.0,14186.0
2025-12-25,V006,Buea,Mile 17 Motor Park Market,Charcoal & Firewood,Thursday,December,12,0,1,0,0,0,8,2095.0,16759.0
2025-12-26,V006,Buea,Mile 17 Motor Park Market,Charcoal & Firewood,Friday,December,12,0,0,0,0,0,5,2965.0,14824.0
2025-12-27,V006,Buea,Mile 17 Motor Park Market,Charcoal & Firewood,Saturday,December,12,1,0,0,0,0,14,1587.0,22222.0
2025-12-28,V006,Buea,Mile 17 Motor Park Market,Charcoal & Firewood,Sunday,December,12,1,0,0,0,0,7,1596.0,11171.0
2025-12-29,V006,Buea,Mile 17 Motor Park Market,Charcoal & Firewood,Monday,December,12,0,0,0,0,1,5,2599.0,12997.0
2025-12-30,V006,Buea,Mile 17 Motor Park Market,Charcoal & Firewood,Tuesday,December,12,0,0,0,0,1,6,1704.0,10226.0
2025-12-31,V006,Buea,Mile 17 Motor Park Market,Charcoal & Firewood,Wednesday,December,12,0,0,0,0,1,10,1226.0,12260.0
2026-01-01,V006,Buea,Mile 17 Motor Park Market,Charcoal & Firewood,Thursday,January,1,0,1,0,0,0,10,1799.0,17992.0
2026-01-02,V006,Buea,Mile 17 Motor Park Market,Charcoal & Firewood,Friday,January,1,0,0,0,0,0,11,1480.0,16283.0
2026-01-03,V006,Buea,Mile 17 Motor Park Market,Charcoal & Firewood,Saturday,January,1,1,0,0,1,0,14,1785.0,24994.0
2026-01-04,V006,Buea,Mile 17 Motor Park Market,Charcoal & Firewood,Sunday,January,1,1,0,0,0,0,12,988.0,11858.0
2026-01-05,V006,Buea,Mile 17 Motor Park Market,Charcoal & Firewood,Monday,January,1,0,0,0,0,0,4,2154.0,8616.0
2026-01-06,V006,Buea,Mile 17 Motor Park Market,Charcoal & Firewood,Tuesday,January,1,0,0,0,0,0,5,1640.0,8202.0
2026-01-07,V006,Buea,Mile 17 Motor Park Market,Charcoal & Firewood,Wednesday,January,1,0,0,0,0,0,8,1471.0,11768.0
2026-01-08,V006,Buea,Mile 17 Motor Park Market,Charcoal & Firewood,Thursday,January,1,0,0,0,0,0,7,1267.0,8866.0
2026-01-09,V006,Buea,Mile 17 Motor Park Market,Charcoal & Firewood,Friday,January,1,0,0,0,0,0,6,2136.0,12815.0
2026-01-10,V006,Buea,Mile 17 Motor Park Market,Charcoal & Firewood,Saturday,January,1,1,0,0,0,0,12,1792.0,21509.0
2026-01-11,V006,Buea,Mile 17 Motor Park Market,Charcoal & Firewood,Sunday,January,1,1,0,0,0,0,9,1669.0,15017.0
2026-01-12,V006,Buea,Mile 17 Motor Park Market,Charcoal & Firewood,Monday,January,1,0,0,0,0,0,5,2270.0,11352.0
2026-01-13,V006,Buea,Mile 17 Motor Park Market,Charcoal & Firewood,Tuesday,January,1,0,0,0,0,0,6,1787.0,10721.0
2026-01-14,V006,Buea,Mile 17 Motor Park Market,Charcoal & Firewood,Wednesday,January,1,0,0,0,0,0,7,1392.0,9747.0
2026-01-15,V006,Buea,Mile 17 Motor Park Market,Charcoal & Firewood,Thursday,January,1,0,0,0,0,0,7,1825.0,12772.0
2026-01-16,V006,Buea,Mile 17 Motor Park Market,Charcoal & Firewood,Friday,January,1,0,0,0,0,0,9,2041.0,18368.0
2026-01-17,V006,Buea,Mile 17 Motor Park Market,Charcoal & Firewood,Saturday,January,1,1,0,0,1,0,10,2077.0,20769.0
2026-01-18,V006,Buea,Mile 17 Motor Park Market,Charcoal & Firewood,Sunday,January,1,1,0,0,0,0,8,1881.0,15047.0
2026-01-19,V006,Buea,Mile 17 Motor Park Market,Charcoal & Firewood,Monday,January,1,0,0,0,0,0,4,2330.0,9321.0
2026-01-20,V006,Buea,Mile 17 Motor Park Market,Charcoal & Firewood,Tuesday,January,1,0,0,0,0,0,4,2453.0,9811.0
2026-01-21,V006,Buea,Mile 17 Motor Park Market,Charcoal & Firewood,Wednesday,January,1,0,0,0,0,0,4,2097.0,8388.0
2026-01-22,V006,Buea,Mile 17 Motor Park Market,Charcoal & Firewood,Thursday,January,1,0,0,0,0,0,4,2231.0,8925.0
2026-01-23,V006,Buea,Mile 17 Motor Park Market,Charcoal & Firewood,Friday,January,1,0,0,0,0,0,9,1475.0,13272.0
2026-01-24,V006,Buea,Mile 17 Motor Park Market,Charcoal & Firewood,Saturday,January,1,1,0,0,0,0,6,2525.0,15151.0
2026-01-25,V006,Buea,Mile 17 Motor Park Market,Charcoal & Firewood,Sunday,January,1,1,0,0,0,0,6,2201.0,13207.0
2026-01-26,V006,Buea,Mile 17 Motor Park Market,Charcoal & Firewood,Monday,January,1,0,0,0,0,0,5,2689.0,13446.0
2026-01-27,V006,Buea,Mile 17 Motor Park Market,Charcoal & Firewood,Tuesday,January,1,0,0,0,0,0,6,1720.0,10318.0
2026-01-28,V006,Buea,Mile 17 Motor Park Market,Charcoal & Firewood,Wednesday,January,1,0,0,0,0,0,6,2237.0,13420.0
2026-01-29,V006,Buea,Mile 17 Motor Park Market,Charcoal & Firewood,Thursday,January,1,0,0,0,0,1,5,1975.0,9873.0
2026-01-30,V006,Buea,Mile 17 Motor Park Market,Charcoal & Firewood,Friday,January,1,0,0,0,0,1,12,1812.0,21739.0
2026-01-31,V006,Buea,Mile 17 Motor Park Market,Charcoal & Firewood,Saturday,January,1,1,0,0,0,1,9,2425.0,21826.0
2026-02-01,V006,Buea,Mile 17 Motor Park Market,Charcoal & Firewood,Sunday,February,2,1,0,0,0,0,6,1911.0,11469.0
2026-02-02,V006,Buea,Mile 17 Motor Park Market,Charcoal & Firewood,Monday,February,2,0,0,0,0,0,6,1355.0,8129.0
2026-02-03,V006,Buea,Mile 17 Motor Park Market,Charcoal & Firewood,Tuesday,February,2,0,0,0,0,0,5,1897.0,9486.0
2026-02-04,V006,Buea,Mile 17 Motor Park Market,Charcoal & Firewood,Wednesday,February,2,0,0,0,0,0,3,2719.0,8156.0
2026-02-05,V006,Buea,Mile 17 Motor Park Market,Charcoal & Firewood,Thursday,February,2,0,0,0,0,0,3,3265.0,9795.0
2026-02-06,V006,Buea,Mile 17 Motor Park Market,Charcoal & Firewood,Friday,February,2,0,0,0,0,0,12,1362.0,16338.0
2026-02-07,V006,Buea,Mile 17 Motor Park Market,Charcoal & Firewood,Saturday,February,2,1,0,0,1,0,15,1753.0,26300.0
2026-02-08,V006,Buea,Mile 17 Motor Park Market,Charcoal & Firewood,Sunday,February,2,1,0,0,0,0,8,1641.0,13130.0
2026-02-09,V006,Buea,Mile 17 Motor Park Market,Charcoal & Firewood,Monday,February,2,0,0,0,0,0,7,1871.0,13098.0
2026-02-10,V006,Buea,Mile 17 Motor Park Market,Charcoal & Firewood,Tuesday,February,2,0,0,0,0,0,3,2976.0,8927.0
2026-02-11,V006,Buea,Mile 17 Motor Park Market,Charcoal & Firewood,Wednesday,February,2,0,1,0,0,0,10,1945.0,19449.0
2026-02-12,V006,Buea,Mile 17 Motor Park Market,Charcoal & Firewood,Thursday,February,2,0,0,0,0,0,3,2222.0,6665.0
2026-02-13,V006,Buea,Mile 17 Motor Park Market,Charcoal & Firewood,Friday,February,2,0,0,0,0,0,9,1526.0,13730.0
2026-02-14,V006,Buea,Mile 17 Motor Park Market,Charcoal & Firewood,Saturday,February,2,1,0,0,0,0,11,1574.0,17316.0
2026-02-15,V006,Buea,Mile 17 Motor Park Market,Charcoal & Firewood,Sunday,February,2,1,0,0,0,0,3,4289.0,12868.0
2026-02-16,V006,Buea,Mile 17 Motor Park Market,Charcoal & Firewood,Monday,February,2,0,0,0,0,0,6,1603.0,9619.0
2026-02-17,V006,Buea,Mile 17 Motor Park Market,Charcoal & Firewood,Tuesday,February,2,0,0,0,0,0,3,3860.0,11581.0
2026-02-18,V006,Buea,Mile 17 Motor Park Market,Charcoal & Firewood,Wednesday,February,2,0,0,0,0,0,11,977.0,10750.0
2026-02-19,V006,Buea,Mile 17 Motor Park Market,Charcoal & Firewood,Thursday,February,2,0,0,0,0,0,6,1619.0,9712.0
2026-02-20,V006,Buea,Mile 17 Motor Park Market,Charcoal & Firewood,Friday,February,2,0,0,0,0,0,7,1452.0,10161.0
2026-02-21,V006,Buea,Mile 17 Motor Park Market,Charcoal & Firewood,Saturday,February,2,1,0,0,1,0,10,1828.0,18277.0
2026-02-22,V006,Buea,Mile 17 Motor Park Market,Charcoal & Firewood,Sunday,February,2,1,0,0,0,0,6,1869.0,11212.0
2026-02-23,V006,Buea,Mile 17 Motor Park Market,Charcoal & Firewood,Monday,February,2,0,0,0,0,0,3,2974.0,8923.0
2026-02-24,V006,Buea,Mile 17 Motor Park Market,Charcoal & Firewood,Tuesday,February,2,0,0,0,0,0,5,2392.0,11962.0
2026-02-25,V006,Buea,Mile 17 Motor Park Market,Charcoal & Firewood,Wednesday,February,2,0,0,0,0,0,6,2044.0,12263.0
2026-02-26,V006,Buea,Mile 17 Motor Park Market,Charcoal & Firewood,Thursday,February,2,0,0,0,0,1,8,1764.0,14115.0
2026-02-27,V006,Buea,Mile 17 Motor Park Market,Charcoal & Firewood,Friday,February,2,0,0,0,0,1,6,2667.0,16002.0
2026-02-28,V006,Buea,Mile 17 Motor Park Market,Charcoal & Firewood,Saturday,February,2,1,0,0,0,1,12,1584.0,19005.0
2026-03-01,V006,Buea,Mile 17 Motor Park Market,Charcoal & Firewood,Sunday,March,3,1,0,0,0,0,6,2408.0,14445.0
2026-03-02,V006,Buea,Mile 17 Motor Park Market,Charcoal & Firewood,Monday,March,3,0,0,0,0,0,7,1614.0,11296.0
2026-03-03,V006,Buea,Mile 17 Motor Park Market,Charcoal & Firewood,Tuesday,March,3,0,0,0,0,0,4,3033.0,12132.0
2026-03-04,V006,Buea,Mile 17 Motor Park Market,Charcoal & Firewood,Wednesday,March,3,0,0,0,0,0,4,2532.0,10128.0
2026-03-05,V006,Buea,Mile 17 Motor Park Market,Charcoal & Firewood,Thursday,March,3,0,0,0,0,0,7,1623.0,11363.0
2026-03-06,V006,Buea,Mile 17 Motor Park Market,Charcoal & Firewood,Friday,March,3,0,0,0,0,0,9,1737.0,15631.0
2026-03-07,V006,Buea,Mile 17 Motor Park Market,Charcoal & Firewood,Saturday,March,3,1,0,0,1,0,16,1712.0,27385.0
2026-03-08,V006,Buea,Mile 17 Motor Park Market,Charcoal & Firewood,Sunday,March,3,1,1,0,0,0,7,2462.0,17237.0
2026-03-09,V006,Buea,Mile 17 Motor Park Market,Charcoal & Firewood,Monday,March,3,0,0,0,0,0,4,2310.0,9240.0
2026-03-10,V006,Buea,Mile 17 Motor Park Market,Charcoal & Firewood,Tuesday,March,3,0,0,0,0,0,7,1832.0,12826.0
2026-03-11,V006,Buea,Mile 17 Motor Park Market,Charcoal & Firewood,Wednesday,March,3,0,0,0,0,0,4,2544.0,10176.0
2026-03-12,V006,Buea,Mile 17 Motor Park Market,Charcoal & Firewood,Thursday,March,3,0,0,0,0,0,8,1497.0,11974.0
2026-03-13,V006,Buea,Mile 17 Motor Park Market,Charcoal & Firewood,Friday,March,3,0,0,0,0,0,10,1973.0,19734.0
2026-03-14,V006,Buea,Mile 17 Motor Park Market,Charcoal & Firewood,Saturday,March,3,1,0,0,0,0,7,2577.0,18042.0
2026-03-15,V006,Buea,Mile 17 Motor Park Market,Charcoal & Firewood,Sunday,March,3,1,0,0,0,0,8,2507.0,20056.0
2026-03-16,V006,Buea,Mile 17 Motor Park Market,Charcoal & Firewood,Monday,March,3,0,0,0,0,0,6,2163.0,12976.0
2026-03-17,V006,Buea,Mile 17 Motor Park Market,Charcoal & Firewood,Tuesday,March,3,0,0,0,0,0,3,3306.0,9918.0
2026-03-18,V006,Buea,Mile 17 Motor Park Market,Charcoal & Firewood,Wednesday,March,3,0,0,0,0,0,10,1767.0,17671.0
2026-03-19,V006,Buea,Mile 17 Motor Park Market,Charcoal & Firewood,Thursday,March,3,0,0,0,0,0,8,1521.0,12172.0
2026-03-20,V006,Buea,Mile 17 Motor Park Market,Charcoal & Firewood,Friday,March,3,0,0,0,0,0,7,1883.0,13182.0
2026-03-21,V006,Buea,Mile 17 Motor Park Market,Charcoal & Firewood,Saturday,March,3,1,0,0,1,0,11,1971.0,21681.0
2026-03-22,V006,Buea,Mile 17 Motor Park Market,Charcoal & Firewood,Sunday,March,3,1,0,0,0,0,9,1951.0,17556.0
2026-03-23,V006,Buea,Mile 17 Motor Park Market,Charcoal & Firewood,Monday,March,3,0,0,0,0,0,3,2649.0,7946.0
2026-03-24,V006,Buea,Mile 17 Motor Park Market,Charcoal & Firewood,Tuesday,March,3,0,0,0,0,0,4,2889.0,11554.0
2026-03-25,V006,Buea,Mile 17 Motor Park Market,Charcoal & Firewood,Wednesday,March,3,0,0,0,0,0,4,2472.0,9890.0
2026-03-26,V006,Buea,Mile 17 Motor Park Market,Charcoal & Firewood,Thursday,March,3,0,0,0,0,0,7,2158.0,15106.0
2026-03-27,V006,Buea,Mile 17 Motor Park Market,Charcoal & Firewood,Friday,March,3,0,0,0,0,0,9,2130.0,19167.0
2026-03-28,V006,Buea,Mile 17 Motor Park Market,Charcoal & Firewood,Saturday,March,3,1,0,0,0,0,9,2143.0,19284.0
2026-03-29,V006,Buea,Mile 17 Motor Park Market,Charcoal & Firewood,Sunday,March,3,1,0,0,0,1,8,2329.0,18633.0
2026-03-30,V006,Buea,Mile 17 Motor Park Market,Charcoal & Firewood,Monday,March,3,0,0,0,0,1,7,1973.0,13814.0
2026-03-31,V006,Buea,Mile 17 Motor Park Market,Charcoal & Firewood,Tuesday,March,3,0,0,0,0,1,5,2264.0,11322.0
2025-09-01,V007,Buea,Molyko Market,Plantain & Cassava,Monday,September,9,0,0,1,0,0,8,1251.0,10009.0
2025-09-02,V007,Buea,Molyko Market,Plantain & Cassava,Tuesday,September,9,0,0,1,0,0,3,3451.0,10352.0
2025-09-03,V007,Buea,Molyko Market,Plantain & Cassava,Wednesday,September,9,0,0,1,0,0,6,1816.0,10895.0
2025-09-04,V007,Buea,Molyko Market,Plantain & Cassava,Thursday,September,9,0,0,1,0,0,5,2923.0,14613.0
2025-09-05,V007,Buea,Molyko Market,Plantain & Cassava,Friday,September,9,0,0,1,0,0,9,2048.0,18428.0
2025-09-06,V007,Buea,Molyko Market,Plantain & Cassava,Saturday,September,9,1,0,1,1,0,14,1730.0,24225.0
2025-09-07,V007,Buea,Molyko Market,Plantain & Cassava,Sunday,September,9,1,0,1,0,0,11,1409.0,15499.0
2025-09-08,V007,Buea,Molyko Market,Plantain & Cassava,Monday,September,9,0,0,1,0,0,3,3062.0,9187.0
2025-09-09,V007,Buea,Molyko Market,Plantain & Cassava,Tuesday,September,9,0,0,1,0,0,3,2565.0,7696.0
2025-09-10,V007,Buea,Molyko Market,Plantain & Cassava,Wednesday,September,9,0,0,1,0,0,3,3283.0,9850.0
2025-09-11,V007,Buea,Molyko Market,Plantain & Cassava,Thursday,September,9,0,0,1,0,0,5,2734.0,13669.0
2025-09-12,V007,Buea,Molyko Market,Plantain & Cassava,Friday,September,9,0,0,1,0,0,8,1716.0,13731.0
2025-09-13,V007,Buea,Molyko Market,Plantain & Cassava,Saturday,September,9,1,0,1,0,0,7,2672.0,18701.0
2025-09-14,V007,Buea,Molyko Market,Plantain & Cassava,Sunday,September,9,1,0,1,0,0,11,1586.0,17451.0
2025-09-15,V007,Buea,Molyko Market,Plantain & Cassava,Monday,September,9,0,0,1,0,0,8,1178.0,9420.0
2025-09-16,V007,Buea,Molyko Market,Plantain & Cassava,Tuesday,September,9,0,0,1,0,0,7,1599.0,11190.0
2025-09-17,V007,Buea,Molyko Market,Plantain & Cassava,Wednesday,September,9,0,0,1,0,0,4,2625.0,10498.0
2025-09-18,V007,Buea,Molyko Market,Plantain & Cassava,Thursday,September,9,0,0,1,0,0,3,3254.0,9762.0
2025-09-19,V007,Buea,Molyko Market,Plantain & Cassava,Friday,September,9,0,0,1,0,0,8,2099.0,16792.0
2025-09-20,V007,Buea,Molyko Market,Plantain & Cassava,Saturday,September,9,1,0,1,1,0,8,2821.0,22567.0
2025-09-21,V007,Buea,Molyko Market,Plantain & Cassava,Sunday,September,9,1,0,1,0,0,9,1150.0,10348.0
2025-09-22,V007,Buea,Molyko Market,Plantain & Cassava,Monday,September,9,0,0,1,0,0,3,3351.0,10054.0
2025-09-23,V007,Buea,Molyko Market,Plantain & Cassava,Tuesday,September,9,0,0,1,0,0,6,2458.0,14749.0
2025-09-24,V007,Buea,Molyko Market,Plantain & Cassava,Wednesday,September,9,0,0,1,0,0,11,1561.0,17173.0
2025-09-25,V007,Buea,Molyko Market,Plantain & Cassava,Thursday,September,9,0,0,1,0,0,3,3191.0,9573.0
2025-09-26,V007,Buea,Molyko Market,Plantain & Cassava,Friday,September,9,0,0,1,0,0,9,1676.0,15084.0
2025-09-27,V007,Buea,Molyko Market,Plantain & Cassava,Saturday,September,9,1,0,1,0,0,12,1157.0,13887.0
2025-09-28,V007,Buea,Molyko Market,Plantain & Cassava,Sunday,September,9,1,0,1,0,1,7,2234.0,15637.0
2025-09-29,V007,Buea,Molyko Market,Plantain & Cassava,Monday,September,9,0,0,1,0,1,6,2170.0,13019.0
2025-09-30,V007,Buea,Molyko Market,Plantain & Cassava,Tuesday,September,9,0,0,1,0,1,6,1645.0,9870.0
2025-10-01,V007,Buea,Molyko Market,Plantain & Cassava,Wednesday,October,10,0,0,1,0,0,3,2879.0,8638.0
2025-10-02,V007,Buea,Molyko Market,Plantain & Cassava,Thursday,October,10,0,0,1,0,0,5,2323.0,11615.0
2025-10-03,V007,Buea,Molyko Market,Plantain & Cassava,Friday,October,10,0,0,1,0,0,7,2489.0,17420.0
2025-10-04,V007,Buea,Molyko Market,Plantain & Cassava,Saturday,October,10,1,0,1,1,0,10,1436.0,14355.0
2025-10-05,V007,Buea,Molyko Market,Plantain & Cassava,Sunday,October,10,1,0,1,0,0,10,1479.0,14792.0
2025-10-06,V007,Buea,Molyko Market,Plantain & Cassava,Monday,October,10,0,0,1,0,0,5,2421.0,12103.0
2025-10-07,V007,Buea,Molyko Market,Plantain & Cassava,Tuesday,October,10,0,0,1,0,0,3,2622.0,7865.0
2025-10-08,V007,Buea,Molyko Market,Plantain & Cassava,Wednesday,October,10,0,0,1,0,0,3,3673.0,11019.0
2025-10-09,V007,Buea,Molyko Market,Plantain & Cassava,Thursday,October,10,0,0,1,0,0,8,1497.0,11974.0
2025-10-10,V007,Buea,Molyko Market,Plantain & Cassava,Friday,October,10,0,0,1,0,0,9,1885.0,16969.0
2025-10-11,V007,Buea,Molyko Market,Plantain & Cassava,Saturday,October,10,1,0,1,0,0,10,1761.0,17614.0
2025-10-12,V007,Buea,Molyko Market,Plantain & Cassava,Sunday,October,10,1,0,1,0,0,7,2139.0,14971.0
2025-10-13,V007,Buea,Molyko Market,Plantain & Cassava,Monday,October,10,0,0,1,0,0,4,3031.0,12125.0
2025-10-14,V007,Buea,Molyko Market,Plantain & Cassava,Tuesday,October,10,0,0,1,0,0,9,1780.0,16021.0
2025-10-15,V007,Buea,Molyko Market,Plantain & Cassava,Wednesday,October,10,0,0,1,0,0,4,2253.0,9011.0
2025-10-16,V007,Buea,Molyko Market,Plantain & Cassava,Thursday,October,10,0,0,1,0,0,8,1665.0,13318.0
2025-10-17,V007,Buea,Molyko Market,Plantain & Cassava,Friday,October,10,0,0,1,0,0,4,3943.0,15772.0
2025-10-18,V007,Buea,Molyko Market,Plantain & Cassava,Saturday,October,10,1,0,1,1,0,14,1753.0,24541.0
2025-10-19,V007,Buea,Molyko Market,Plantain & Cassava,Sunday,October,10,1,0,1,0,0,5,2350.0,11752.0
2025-10-20,V007,Buea,Molyko Market,Plantain & Cassava,Monday,October,10,0,0,1,0,0,3,2704.0,8112.0
2025-10-21,V007,Buea,Molyko Market,Plantain & Cassava,Tuesday,October,10,0,0,1,0,0,6,1772.0,10630.0
2025-10-22,V007,Buea,Molyko Market,Plantain & Cassava,Wednesday,October,10,0,0,1,0,0,4,2503.0,10013.0
2025-10-23,V007,Buea,Molyko Market,Plantain & Cassava,Thursday,October,10,0,0,1,0,0,5,2536.0,12679.0
2025-10-24,V007,Buea,Molyko Market,Plantain & Cassava,Friday,October,10,0,0,1,0,0,9,1584.0,14256.0
2025-10-25,V007,Buea,Molyko Market,Plantain & Cassava,Saturday,October,10,1,0,1,0,0,13,1796.0,23343.0
2025-10-26,V007,Buea,Molyko Market,Plantain & Cassava,Sunday,October,10,1,0,1,0,0,8,2004.0,16032.0
2025-10-27,V007,Buea,Molyko Market,Plantain & Cassava,Monday,October,10,0,0,1,0,0,7,1662.0,11637.0
2025-10-28,V007,Buea,Molyko Market,Plantain & Cassava,Tuesday,October,10,0,0,1,0,0,7,2184.0,15291.0
2025-10-29,V007,Buea,Molyko Market,Plantain & Cassava,Wednesday,October,10,0,0,1,0,1,10,1227.0,12273.0
2025-10-30,V007,Buea,Molyko Market,Plantain & Cassava,Thursday,October,10,0,0,1,0,1,8,1757.0,14052.0
2025-10-31,V007,Buea,Molyko Market,Plantain & Cassava,Friday,October,10,0,0,1,0,1,12,1875.0,22495.0
2025-11-01,V007,Buea,Molyko Market,Plantain & Cassava,Saturday,November,11,1,0,0,1,0,6,2670.0,16018.0
2025-11-02,V007,Buea,Molyko Market,Plantain & Cassava,Sunday,November,11,1,0,0,0,0,8,1819.0,14548.0
2025-11-03,V007,Buea,Molyko Market,Plantain & Cassava,Monday,November,11,0,0,0,0,0,8,1383.0,11062.0
2025-11-04,V007,Buea,Molyko Market,Plantain & Cassava,Tuesday,November,11,0,0,0,0,0,4,2067.0,8269.0
2025-11-05,V007,Buea,Molyko Market,Plantain & Cassava,Wednesday,November,11,0,0,0,0,0,6,1463.0,8779.0
2025-11-06,V007,Buea,Molyko Market,Plantain & Cassava,Thursday,November,11,0,0,0,0,0,7,1811.0,12677.0
2025-11-07,V007,Buea,Molyko Market,Plantain & Cassava,Friday,November,11,0,0,0,0,0,10,1349.0,13490.0
2025-11-08,V007,Buea,Molyko Market,Plantain & Cassava,Saturday,November,11,1,0,0,0,0,14,1666.0,23330.0
2025-11-09,V007,Buea,Molyko Market,Plantain & Cassava,Sunday,November,11,1,0,0,0,0,9,1633.0,14697.0
2025-11-10,V007,Buea,Molyko Market,Plantain & Cassava,Monday,November,11,0,0,0,0,0,7,1406.0,9840.0
2025-11-11,V007,Buea,Molyko Market,Plantain & Cassava,Tuesday,November,11,0,0,0,0,0,10,1581.0,15809.0
2025-11-12,V007,Buea,Molyko Market,Plantain & Cassava,Wednesday,November,11,0,0,0,0,0,6,1780.0,10679.0
2025-11-13,V007,Buea,Molyko Market,Plantain & Cassava,Thursday,November,11,0,0,0,0,0,6,1703.0,10217.0
2025-11-14,V007,Buea,Molyko Market,Plantain & Cassava,Friday,November,11,0,0,0,0,0,5,3418.0,17091.0
2025-11-15,V007,Buea,Molyko Market,Plantain & Cassava,Saturday,November,11,1,0,0,1,0,9,2057.0,18516.0
2025-11-16,V007,Buea,Molyko Market,Plantain & Cassava,Sunday,November,11,1,0,0,0,0,5,2850.0,14250.0
2025-11-17,V007,Buea,Molyko Market,Plantain & Cassava,Monday,November,11,0,0,0,0,0,7,1712.0,11985.0
2025-11-18,V007,Buea,Molyko Market,Plantain & Cassava,Tuesday,November,11,0,0,0,0,0,4,2836.0,11344.0
2025-11-19,V007,Buea,Molyko Market,Plantain & Cassava,Wednesday,November,11,0,0,0,0,0,11,1337.0,14708.0
2025-11-20,V007,Buea,Molyko Market,Plantain & Cassava,Thursday,November,11,0,0,0,0,0,5,2364.0,11819.0
2025-11-21,V007,Buea,Molyko Market,Plantain & Cassava,Friday,November,11,0,0,0,0,0,8,2152.0,17216.0
2025-11-22,V007,Buea,Molyko Market,Plantain & Cassava,Saturday,November,11,1,0,0,0,0,11,1715.0,18862.0
2025-11-23,V007,Buea,Molyko Market,Plantain & Cassava,Sunday,November,11,1,0,0,0,0,8,1333.0,10668.0
2025-11-24,V007,Buea,Molyko Market,Plantain & Cassava,Monday,November,11,0,0,0,0,0,5,2264.0,11322.0
2025-11-25,V007,Buea,Molyko Market,Plantain & Cassava,Tuesday,November,11,0,0,0,0,0,6,1927.0,11561.0
2025-11-26,V007,Buea,Molyko Market,Plantain & Cassava,Wednesday,November,11,0,0,0,0,0,7,1274.0,8917.0
2025-11-27,V007,Buea,Molyko Market,Plantain & Cassava,Thursday,November,11,0,0,0,0,0,8,1624.0,12991.0
2025-11-28,V007,Buea,Molyko Market,Plantain & Cassava,Friday,November,11,0,0,0,0,1,9,2390.0,21509.0
2025-11-29,V007,Buea,Molyko Market,Plantain & Cassava,Saturday,November,11,1,0,0,0,1,12,2018.0,24221.0
2025-11-30,V007,Buea,Molyko Market,Plantain & Cassava,Sunday,November,11,1,0,0,0,1,6,3358.0,20148.0
2025-12-01,V007,Buea,Molyko Market,Plantain & Cassava,Monday,December,12,0,0,0,0,0,4,2744.0,10977.0
2025-12-02,V007,Buea,Molyko Market,Plantain & Cassava,Tuesday,December,12,0,0,0,0,0,7,1814.0,12699.0
2025-12-03,V007,Buea,Molyko Market,Plantain & Cassava,Wednesday,December,12,0,0,0,0,0,4,2680.0,10721.0
2025-12-04,V007,Buea,Molyko Market,Plantain & Cassava,Thursday,December,12,0,0,0,0,0,5,2528.0,12640.0
2025-12-05,V007,Buea,Molyko Market,Plantain & Cassava,Friday,December,12,0,0,0,0,0,9,2038.0,18339.0
2025-12-06,V007,Buea,Molyko Market,Plantain & Cassava,Saturday,December,12,1,0,0,1,0,6,2254.0,13524.0
2025-12-07,V007,Buea,Molyko Market,Plantain & Cassava,Sunday,December,12,1,0,0,0,0,3,4159.0,12478.0
2025-12-08,V007,Buea,Molyko Market,Plantain & Cassava,Monday,December,12,0,0,0,0,0,5,1789.0,8944.0
2025-12-09,V007,Buea,Molyko Market,Plantain & Cassava,Tuesday,December,12,0,0,0,0,0,8,1865.0,14922.0
2025-12-10,V007,Buea,Molyko Market,Plantain & Cassava,Wednesday,December,12,0,0,0,0,0,6,1820.0,10918.0
2025-12-11,V007,Buea,Molyko Market,Plantain & Cassava,Thursday,December,12,0,0,0,0,0,5,2374.0,11872.0
2025-12-12,V007,Buea,Molyko Market,Plantain & Cassava,Friday,December,12,0,0,0,0,0,3,4268.0,12803.0
2025-12-13,V007,Buea,Molyko Market,Plantain & Cassava,Saturday,December,12,1,0,0,0,0,10,1803.0,18030.0
2025-12-14,V007,Buea,Molyko Market,Plantain & Cassava,Sunday,December,12,1,0,0,0,0,7,2112.0,14784.0
2025-12-15,V007,Buea,Molyko Market,Plantain & Cassava,Monday,December,12,0,0,0,0,0,6,1571.0,9426.0
2025-12-16,V007,Buea,Molyko Market,Plantain & Cassava,Tuesday,December,12,0,0,0,0,0,6,1545.0,9268.0
2025-12-17,V007,Buea,Molyko Market,Plantain & Cassava,Wednesday,December,12,0,0,0,0,0,4,2542.0,10168.0
2025-12-18,V007,Buea,Molyko Market,Plantain & Cassava,Thursday,December,12,0,0,0,0,0,4,2476.0,9902.0
2025-12-19,V007,Buea,Molyko Market,Plantain & Cassava,Friday,December,12,0,0,0,0,0,11,1708.0,18784.0
2025-12-20,V007,Buea,Molyko Market,Plantain & Cassava,Saturday,December,12,1,0,0,1,0,16,1701.0,27218.0
2025-12-21,V007,Buea,Molyko Market,Plantain & Cassava,Sunday,December,12,1,0,0,0,0,6,2055.0,12333.0
2025-12-22,V007,Buea,Molyko Market,Plantain & Cassava,Monday,December,12,0,0,0,0,0,8,1214.0,9711.0
2025-12-23,V007,Buea,Molyko Market,Plantain & Cassava,Tuesday,December,12,0,0,0,0,0,7,1353.0,9471.0
2025-12-24,V007,Buea,Molyko Market,Plantain & Cassava,Wednesday,December,12,0,0,0,0,0,11,1300.0,14301.0
2025-12-25,V007,Buea,Molyko Market,Plantain & Cassava,Thursday,December,12,0,1,0,0,0,9,1664.0,14972.0
2025-12-26,V007,Buea,Molyko Market,Plantain & Cassava,Friday,December,12,0,0,0,0,0,11,2160.0,23763.0
2025-12-27,V007,Buea,Molyko Market,Plantain & Cassava,Saturday,December,12,1,0,0,0,0,4,3668.0,14672.0
2025-12-28,V007,Buea,Molyko Market,Plantain & Cassava,Sunday,December,12,1,0,0,0,0,5,3420.0,17102.0
2025-12-29,V007,Buea,Molyko Market,Plantain & Cassava,Monday,December,12,0,0,0,0,1,7,1717.0,12018.0
2025-12-30,V007,Buea,Molyko Market,Plantain & Cassava,Tuesday,December,12,0,0,0,0,1,8,1746.0,13968.0
2025-12-31,V007,Buea,Molyko Market,Plantain & Cassava,Wednesday,December,12,0,0,0,0,1,10,1458.0,14576.0
2026-01-01,V007,Buea,Molyko Market,Plantain & Cassava,Thursday,January,1,0,1,0,0,0,6,2263.0,13579.0
2026-01-02,V007,Buea,Molyko Market,Plantain & Cassava,Friday,January,1,0,0,0,0,0,9,1524.0,13713.0
2026-01-03,V007,Buea,Molyko Market,Plantain & Cassava,Saturday,January,1,1,0,0,1,0,15,1789.0,26838.0
2026-01-04,V007,Buea,Molyko Market,Plantain & Cassava,Sunday,January,1,1,0,0,0,0,7,2659.0,18615.0
2026-01-05,V007,Buea,Molyko Market,Plantain & Cassava,Monday,January,1,0,0,0,0,0,11,1371.0,15086.0
2026-01-06,V007,Buea,Molyko Market,Plantain & Cassava,Tuesday,January,1,0,0,0,0,0,11,1219.0,13411.0
2026-01-07,V007,Buea,Molyko Market,Plantain & Cassava,Wednesday,January,1,0,0,0,0,0,3,3013.0,9038.0
2026-01-08,V007,Buea,Molyko Market,Plantain & Cassava,Thursday,January,1,0,0,0,0,0,7,1614.0,11296.0
2026-01-09,V007,Buea,Molyko Market,Plantain & Cassava,Friday,January,1,0,0,0,0,0,8,1631.0,13045.0
2026-01-10,V007,Buea,Molyko Market,Plantain & Cassava,Saturday,January,1,1,0,0,0,0,15,1650.0,24753.0
2026-01-11,V007,Buea,Molyko Market,Plantain & Cassava,Sunday,January,1,1,0,0,0,0,6,2639.0,15832.0
2026-01-12,V007,Buea,Molyko Market,Plantain & Cassava,Monday,January,1,0,0,0,0,0,7,1371.0,9595.0
2026-01-13,V007,Buea,Molyko Market,Plantain & Cassava,Tuesday,January,1,0,0,0,0,0,7,1931.0,13517.0
2026-01-14,V007,Buea,Molyko Market,Plantain & Cassava,Wednesday,January,1,0,0,0,0,0,3,3765.0,11295.0
2026-01-15,V007,Buea,Molyko Market,Plantain & Cassava,Thursday,January,1,0,0,0,0,0,9,1182.0,10634.0
2026-01-16,V007,Buea,Molyko Market,Plantain & Cassava,Friday,January,1,0,0,0,0,0,7,1788.0,12516.0
2026-01-17,V007,Buea,Molyko Market,Plantain & Cassava,Saturday,January,1,1,0,0,1,0,12,2280.0,27360.0
2026-01-18,V007,Buea,Molyko Market,Plantain & Cassava,Sunday,January,1,1,0,0,0,0,10,1555.0,15552.0
2026-01-19,V007,Buea,Molyko Market,Plantain & Cassava,Monday,January,1,0,0,0,0,0,11,1018.0,11200.0
2026-01-20,V007,Buea,Molyko Market,Plantain & Cassava,Tuesday,January,1,0,0,0,0,0,6,1450.0,8700.0
2026-01-21,V007,Buea,Molyko Market,Plantain & Cassava,Wednesday,January,1,0,0,0,0,0,8,1476.0,11805.0
2026-01-22,V007,Buea,Molyko Market,Plantain & Cassava,Thursday,January,1,0,0,0,0,0,6,2327.0,13960.0
2026-01-23,V007,Buea,Molyko Market,Plantain & Cassava,Friday,January,1,0,0,0,0,0,5,3285.0,16423.0
2026-01-24,V007,Buea,Molyko Market,Plantain & Cassava,Saturday,January,1,1,0,0,0,0,12,1797.0,21560.0
2026-01-25,V007,Buea,Molyko Market,Plantain & Cassava,Sunday,January,1,1,0,0,0,0,11,1534.0,16876.0
2026-01-26,V007,Buea,Molyko Market,Plantain & Cassava,Monday,January,1,0,0,0,0,0,6,1990.0,11939.0
2026-01-27,V007,Buea,Molyko Market,Plantain & Cassava,Tuesday,January,1,0,0,0,0,0,4,2506.0,10025.0
2026-01-28,V007,Buea,Molyko Market,Plantain & Cassava,Wednesday,January,1,0,0,0,0,0,11,1371.0,15078.0
2026-01-29,V007,Buea,Molyko Market,Plantain & Cassava,Thursday,January,1,0,0,0,0,1,7,2029.0,14206.0
2026-01-30,V007,Buea,Molyko Market,Plantain & Cassava,Friday,January,1,0,0,0,0,1,10,1540.0,15400.0
2026-01-31,V007,Buea,Molyko Market,Plantain & Cassava,Saturday,January,1,1,0,0,0,1,17,1475.0,25073.0
2026-02-01,V007,Buea,Molyko Market,Plantain & Cassava,Sunday,February,2,1,0,0,0,0,6,2141.0,12843.0
2026-02-02,V007,Buea,Molyko Market,Plantain & Cassava,Monday,February,2,0,0,0,0,0,7,1664.0,11650.0
2026-02-03,V007,Buea,Molyko Market,Plantain & Cassava,Tuesday,February,2,0,0,0,0,0,4,2825.0,11301.0
2026-02-04,V007,Buea,Molyko Market,Plantain & Cassava,Wednesday,February,2,0,0,0,0,0,9,1586.0,14272.0
2026-02-05,V007,Buea,Molyko Market,Plantain & Cassava,Thursday,February,2,0,0,0,0,0,8,1367.0,10934.0
2026-02-06,V007,Buea,Molyko Market,Plantain & Cassava,Friday,February,2,0,0,0,0,0,11,1769.0,19455.0
2026-02-07,V007,Buea,Molyko Market,Plantain & Cassava,Saturday,February,2,1,0,0,1,0,13,1781.0,23152.0
2026-02-08,V007,Buea,Molyko Market,Plantain & Cassava,Sunday,February,2,1,0,0,0,0,7,1840.0,12882.0
2026-02-09,V007,Buea,Molyko Market,Plantain & Cassava,Monday,February,2,0,0,0,0,0,5,1517.0,7586.0
2026-02-10,V007,Buea,Molyko Market,Plantain & Cassava,Tuesday,February,2,0,0,0,0,0,7,1267.0,8870.0
2026-02-11,V007,Buea,Molyko Market,Plantain & Cassava,Wednesday,February,2,0,1,0,0,0,7,2049.0,14344.0
2026-02-12,V007,Buea,Molyko Market,Plantain & Cassava,Thursday,February,2,0,0,0,0,0,5,2303.0,11517.0
2026-02-13,V007,Buea,Molyko Market,Plantain & Cassava,Friday,February,2,0,0,0,0,0,6,3391.0,20344.0
2026-02-14,V007,Buea,Molyko Market,Plantain & Cassava,Saturday,February,2,1,0,0,0,0,14,1739.0,24339.0
2026-02-15,V007,Buea,Molyko Market,Plantain & Cassava,Sunday,February,2,1,0,0,0,0,4,3026.0,12106.0
2026-02-16,V007,Buea,Molyko Market,Plantain & Cassava,Monday,February,2,0,0,0,0,0,6,2519.0,15111.0
2026-02-17,V007,Buea,Molyko Market,Plantain & Cassava,Tuesday,February,2,0,0,0,0,0,7,1364.0,9546.0
2026-02-18,V007,Buea,Molyko Market,Plantain & Cassava,Wednesday,February,2,0,0,0,0,0,5,2589.0,12943.0
2026-02-19,V007,Buea,Molyko Market,Plantain & Cassava,Thursday,February,2,0,0,0,0,0,5,2681.0,13407.0
2026-02-20,V007,Buea,Molyko Market,Plantain & Cassava,Friday,February,2,0,0,0,0,0,12,1601.0,19213.0
2026-02-21,V007,Buea,Molyko Market,Plantain & Cassava,Saturday,February,2,1,0,0,1,0,14,1794.0,25116.0
2026-02-22,V007,Buea,Molyko Market,Plantain & Cassava,Sunday,February,2,1,0,0,0,0,11,1878.0,20655.0
2026-02-23,V007,Buea,Molyko Market,Plantain & Cassava,Monday,February,2,0,0,0,0,0,5,1807.0,9034.0
2026-02-24,V007,Buea,Molyko Market,Plantain & Cassava,Tuesday,February,2,0,0,0,0,0,7,2443.0,17102.0
2026-02-25,V007,Buea,Molyko Market,Plantain & Cassava,Wednesday,February,2,0,0,0,0,0,7,1630.0,11411.0
2026-02-26,V007,Buea,Molyko Market,Plantain & Cassava,Thursday,February,2,0,0,0,0,1,6,2448.0,14685.0
2026-02-27,V007,Buea,Molyko Market,Plantain & Cassava,Friday,February,2,0,0,0,0,1,16,1386.0,22179.0
2026-02-28,V007,Buea,Molyko Market,Plantain & Cassava,Saturday,February,2,1,0,0,0,1,10,2304.0,23042.0
2026-03-01,V007,Buea,Molyko Market,Plantain & Cassava,Sunday,March,3,1,0,0,0,0,6,1897.0,11383.0
2026-03-02,V007,Buea,Molyko Market,Plantain & Cassava,Monday,March,3,0,0,0,0,0,8,1704.0,13631.0
2026-03-03,V007,Buea,Molyko Market,Plantain & Cassava,Tuesday,March,3,0,0,0,0,0,5,2349.0,11743.0
2026-03-04,V007,Buea,Molyko Market,Plantain & Cassava,Wednesday,March,3,0,0,0,0,0,7,1429.0,10004.0
2026-03-05,V007,Buea,Molyko Market,Plantain & Cassava,Thursday,March,3,0,0,0,0,0,5,3040.0,15199.0
2026-03-06,V007,Buea,Molyko Market,Plantain & Cassava,Friday,March,3,0,0,0,0,0,12,1748.0,20981.0
2026-03-07,V007,Buea,Molyko Market,Plantain & Cassava,Saturday,March,3,1,0,0,1,0,13,2259.0,29362.0
2026-03-08,V007,Buea,Molyko Market,Plantain & Cassava,Sunday,March,3,1,1,0,0,0,7,2101.0,14706.0
2026-03-09,V007,Buea,Molyko Market,Plantain & Cassava,Monday,March,3,0,0,0,0,0,10,1223.0,12234.0
2026-03-10,V007,Buea,Molyko Market,Plantain & Cassava,Tuesday,March,3,0,0,0,0,0,6,2223.0,13340.0
2026-03-11,V007,Buea,Molyko Market,Plantain & Cassava,Wednesday,March,3,0,0,0,0,0,8,1265.0,10124.0
2026-03-12,V007,Buea,Molyko Market,Plantain & Cassava,Thursday,March,3,0,0,0,0,0,9,1204.0,10839.0
2026-03-13,V007,Buea,Molyko Market,Plantain & Cassava,Friday,March,3,0,0,0,0,0,11,1361.0,14973.0
2026-03-14,V007,Buea,Molyko Market,Plantain & Cassava,Saturday,March,3,1,0,0,0,0,11,1987.0,21855.0
2026-03-15,V007,Buea,Molyko Market,Plantain & Cassava,Sunday,March,3,1,0,0,0,0,6,2283.0,13701.0
2026-03-16,V007,Buea,Molyko Market,Plantain & Cassava,Monday,March,3,0,0,0,0,0,6,2012.0,12071.0
2026-03-17,V007,Buea,Molyko Market,Plantain & Cassava,Tuesday,March,3,0,0,0,0,0,5,2111.0,10557.0
2026-03-18,V007,Buea,Molyko Market,Plantain & Cassava,Wednesday,March,3,0,0,0,0,0,3,4117.0,12351.0
2026-03-19,V007,Buea,Molyko Market,Plantain & Cassava,Thursday,March,3,0,0,0,0,0,5,2801.0,14003.0
2026-03-20,V007,Buea,Molyko Market,Plantain & Cassava,Friday,March,3,0,0,0,0,0,3,4268.0,12805.0
2026-03-21,V007,Buea,Molyko Market,Plantain & Cassava,Saturday,March,3,1,0,0,1,0,6,2754.0,16525.0
2026-03-22,V007,Buea,Molyko Market,Plantain & Cassava,Sunday,March,3,1,0,0,0,0,11,1204.0,13241.0
2026-03-23,V007,Buea,Molyko Market,Plantain & Cassava,Monday,March,3,0,0,0,0,0,6,1694.0,10166.0
2026-03-24,V007,Buea,Molyko Market,Plantain & Cassava,Tuesday,March,3,0,0,0,0,0,7,1804.0,12626.0
2026-03-25,V007,Buea,Molyko Market,Plantain & Cassava,Wednesday,March,3,0,0,0,0,0,4,3002.0,12009.0
2026-03-26,V007,Buea,Molyko Market,Plantain & Cassava,Thursday,March,3,0,0,0,0,0,12,1395.0,16742.0
2026-03-27,V007,Buea,Molyko Market,Plantain & Cassava,Friday,March,3,0,0,0,0,0,4,2910.0,11641.0
2026-03-28,V007,Buea,Molyko Market,Plantain & Cassava,Saturday,March,3,1,0,0,0,0,8,2299.0,18391.0
2026-03-29,V007,Buea,Molyko Market,Plantain & Cassava,Sunday,March,3,1,0,0,0,1,9,2105.0,18949.0
2026-03-30,V007,Buea,Molyko Market,Plantain & Cassava,Monday,March,3,0,0,0,0,1,12,1581.0,18976.0
2026-03-31,V007,Buea,Molyko Market,Plantain & Cassava,Tuesday,March,3,0,0,0,0,1,9,1560.0,14037.0
2025-09-01,V008,Buea,Mile 17 Motor Park Market,Fresh Vegetables,Monday,September,9,0,0,1,0,0,9,1262.0,11359.0
2025-09-02,V008,Buea,Mile 17 Motor Park Market,Fresh Vegetables,Tuesday,September,9,0,0,1,0,0,7,1927.0,13489.0
2025-09-03,V008,Buea,Mile 17 Motor Park Market,Fresh Vegetables,Wednesday,September,9,0,0,1,0,0,4,2606.0,10422.0
2025-09-04,V008,Buea,Mile 17 Motor Park Market,Fresh Vegetables,Thursday,September,9,0,0,1,0,0,7,2583.0,18082.0
2025-09-05,V008,Buea,Mile 17 Motor Park Market,Fresh Vegetables,Friday,September,9,0,0,1,0,0,11,1749.0,19239.0
2025-09-06,V008,Buea,Mile 17 Motor Park Market,Fresh Vegetables,Saturday,September,9,1,0,1,1,0,17,1987.0,33774.0
2025-09-07,V008,Buea,Mile 17 Motor Park Market,Fresh Vegetables,Sunday,September,9,1,0,1,0,0,10,1480.0,14800.0
2025-09-08,V008,Buea,Mile 17 Motor Park Market,Fresh Vegetables,Monday,September,9,0,0,1,0,0,3,4502.0,13505.0
2025-09-09,V008,Buea,Mile 17 Motor Park Market,Fresh Vegetables,Tuesday,September,9,0,0,1,0,0,8,1697.0,13575.0
2025-09-10,V008,Buea,Mile 17 Motor Park Market,Fresh Vegetables,Wednesday,September,9,0,0,1,0,0,5,2410.0,12050.0
2025-09-11,V008,Buea,Mile 17 Motor Park Market,Fresh Vegetables,Thursday,September,9,0,0,1,0,0,9,1275.0,11473.0
2025-09-12,V008,Buea,Mile 17 Motor Park Market,Fresh Vegetables,Friday,September,9,0,0,1,0,0,10,1803.0,18027.0
2025-09-13,V008,Buea,Mile 17 Motor Park Market,Fresh Vegetables,Saturday,September,9,1,0,1,0,0,7,2577.0,18038.0
2025-09-14,V008,Buea,Mile 17 Motor Park Market,Fresh Vegetables,Sunday,September,9,1,0,1,0,0,9,1774.0,15969.0
2025-09-15,V008,Buea,Mile 17 Motor Park Market,Fresh Vegetables,Monday,September,9,0,0,1,0,0,7,2191.0,15334.0
2025-09-16,V008,Buea,Mile 17 Motor Park Market,Fresh Vegetables,Tuesday,September,9,0,0,1,0,0,10,1422.0,14219.0
2025-09-17,V008,Buea,Mile 17 Motor Park Market,Fresh Vegetables,Wednesday,September,9,0,0,1,0,0,9,1150.0,10346.0
2025-09-18,V008,Buea,Mile 17 Motor Park Market,Fresh Vegetables,Thursday,September,9,0,0,1,0,0,13,1668.0,21687.0
2025-09-19,V008,Buea,Mile 17 Motor Park Market,Fresh Vegetables,Friday,September,9,0,0,1,0,0,14,1350.0,18898.0
2025-09-20,V008,Buea,Mile 17 Motor Park Market,Fresh Vegetables,Saturday,September,9,1,0,1,1,0,11,2094.0,23035.0
2025-09-21,V008,Buea,Mile 17 Motor Park Market,Fresh Vegetables,Sunday,September,9,1,0,1,0,0,7,1818.0,12728.0
2025-09-22,V008,Buea,Mile 17 Motor Park Market,Fresh Vegetables,Monday,September,9,0,0,1,0,0,5,2448.0,12238.0
2025-09-23,V008,Buea,Mile 17 Motor Park Market,Fresh Vegetables,Tuesday,September,9,0,0,1,0,0,4,2631.0,10524.0
2025-09-24,V008,Buea,Mile 17 Motor Park Market,Fresh Vegetables,Wednesday,September,9,0,0,1,0,0,5,2340.0,11701.0
2025-09-25,V008,Buea,Mile 17 Motor Park Market,Fresh Vegetables,Thursday,September,9,0,0,1,0,0,4,2348.0,9393.0
2025-09-26,V008,Buea,Mile 17 Motor Park Market,Fresh Vegetables,Friday,September,9,0,0,1,0,0,7,2524.0,17668.0
2025-09-27,V008,Buea,Mile 17 Motor Park Market,Fresh Vegetables,Saturday,September,9,1,0,1,0,0,9,2162.0,19455.0
2025-09-28,V008,Buea,Mile 17 Motor Park Market,Fresh Vegetables,Sunday,September,9,1,0,1,0,1,13,1529.0,19882.0
2025-09-29,V008,Buea,Mile 17 Motor Park Market,Fresh Vegetables,Monday,September,9,0,0,1,0,1,12,1747.0,20968.0
2025-09-30,V008,Buea,Mile 17 Motor Park Market,Fresh Vegetables,Tuesday,September,9,0,0,1,0,1,6,2040.0,12240.0
2025-10-01,V008,Buea,Mile 17 Motor Park Market,Fresh Vegetables,Wednesday,October,10,0,0,1,0,0,5,1783.0,8917.0
2025-10-02,V008,Buea,Mile 17 Motor Park Market,Fresh Vegetables,Thursday,October,10,0,0,1,0,0,4,3779.0,15117.0
2025-10-03,V008,Buea,Mile 17 Motor Park Market,Fresh Vegetables,Friday,October,10,0,0,1,0,0,10,1268.0,12681.0
2025-10-04,V008,Buea,Mile 17 Motor Park Market,Fresh Vegetables,Saturday,October,10,1,0,1,1,0,13,1838.0,23894.0
2025-10-05,V008,Buea,Mile 17 Motor Park Market,Fresh Vegetables,Sunday,October,10,1,0,1,0,0,9,1676.0,15088.0
2025-10-06,V008,Buea,Mile 17 Motor Park Market,Fresh Vegetables,Monday,October,10,0,0,1,0,0,3,3524.0,10571.0
2025-10-07,V008,Buea,Mile 17 Motor Park Market,Fresh Vegetables,Tuesday,October,10,0,0,1,0,0,9,1435.0,12916.0
2025-10-08,V008,Buea,Mile 17 Motor Park Market,Fresh Vegetables,Wednesday,October,10,0,0,1,0,0,8,1970.0,15757.0
2025-10-09,V008,Buea,Mile 17 Motor Park Market,Fresh Vegetables,Thursday,October,10,0,0,1,0,0,3,3596.0,10787.0
2025-10-10,V008,Buea,Mile 17 Motor Park Market,Fresh Vegetables,Friday,October,10,0,0,1,0,0,9,1972.0,17752.0
2025-10-11,V008,Buea,Mile 17 Motor Park Market,Fresh Vegetables,Saturday,October,10,1,0,1,0,0,4,3611.0,14446.0
2025-10-12,V008,Buea,Mile 17 Motor Park Market,Fresh Vegetables,Sunday,October,10,1,0,1,0,0,9,2043.0,18391.0
2025-10-13,V008,Buea,Mile 17 Motor Park Market,Fresh Vegetables,Monday,October,10,0,0,1,0,0,8,1243.0,9944.0
2025-10-14,V008,Buea,Mile 17 Motor Park Market,Fresh Vegetables,Tuesday,October,10,0,0,1,0,0,8,1774.0,14194.0
2025-10-15,V008,Buea,Mile 17 Motor Park Market,Fresh Vegetables,Wednesday,October,10,0,0,1,0,0,7,2000.0,14003.0
2025-10-16,V008,Buea,Mile 17 Motor Park Market,Fresh Vegetables,Thursday,October,10,0,0,1,0,0,4,3990.0,15961.0
2025-10-17,V008,Buea,Mile 17 Motor Park Market,Fresh Vegetables,Friday,October,10,0,0,1,0,0,10,1811.0,18113.0
2025-10-18,V008,Buea,Mile 17 Motor Park Market,Fresh Vegetables,Saturday,October,10,1,0,1,1,0,13,1451.0,18859.0
2025-10-19,V008,Buea,Mile 17 Motor Park Market,Fresh Vegetables,Sunday,October,10,1,0,1,0,0,8,2365.0,18921.0
2025-10-20,V008,Buea,Mile 17 Motor Park Market,Fresh Vegetables,Monday,October,10,0,0,1,0,0,3,2993.0,8979.0
2025-10-21,V008,Buea,Mile 17 Motor Park Market,Fresh Vegetables,Tuesday,October,10,0,0,1,0,0,6,1769.0,10614.0
2025-10-22,V008,Buea,Mile 17 Motor Park Market,Fresh Vegetables,Wednesday,October,10,0,0,1,0,0,14,1417.0,19841.0
2025-10-23,V008,Buea,Mile 17 Motor Park Market,Fresh Vegetables,Thursday,October,10,0,0,1,0,0,7,2250.0,15748.0
2025-10-24,V008,Buea,Mile 17 Motor Park Market,Fresh Vegetables,Friday,October,10,0,0,1,0,0,9,2292.0,20628.0
2025-10-25,V008,Buea,Mile 17 Motor Park Market,Fresh Vegetables,Saturday,October,10,1,0,1,0,0,15,1621.0,24322.0
2025-10-26,V008,Buea,Mile 17 Motor Park Market,Fresh Vegetables,Sunday,October,10,1,0,1,0,0,7,1966.0,13760.0
2025-10-27,V008,Buea,Mile 17 Motor Park Market,Fresh Vegetables,Monday,October,10,0,0,1,0,0,5,3044.0,15218.0
2025-10-28,V008,Buea,Mile 17 Motor Park Market,Fresh Vegetables,Tuesday,October,10,0,0,1,0,0,5,1885.0,9425.0
2025-10-29,V008,Buea,Mile 17 Motor Park Market,Fresh Vegetables,Wednesday,October,10,0,0,1,0,1,8,1979.0,15829.0
2025-10-30,V008,Buea,Mile 17 Motor Park Market,Fresh Vegetables,Thursday,October,10,0,0,1,0,1,6,2706.0,16234.0
2025-10-31,V008,Buea,Mile 17 Motor Park Market,Fresh Vegetables,Friday,October,10,0,0,1,0,1,15,1385.0,20775.0
2025-11-01,V008,Buea,Mile 17 Motor Park Market,Fresh Vegetables,Saturday,November,11,1,0,0,1,0,10,2830.0,28303.0
2025-11-02,V008,Buea,Mile 17 Motor Park Market,Fresh Vegetables,Sunday,November,11,1,0,0,0,0,9,1855.0,16693.0
2025-11-03,V008,Buea,Mile 17 Motor Park Market,Fresh Vegetables,Monday,November,11,0,0,0,0,0,8,1847.0,14777.0
2025-11-04,V008,Buea,Mile 17 Motor Park Market,Fresh Vegetables,Tuesday,November,11,0,0,0,0,0,9,1827.0,16447.0
2025-11-05,V008,Buea,Mile 17 Motor Park Market,Fresh Vegetables,Wednesday,November,11,0,0,0,0,0,9,2001.0,18013.0
2025-11-06,V008,Buea,Mile 17 Motor Park Market,Fresh Vegetables,Thursday,November,11,0,0,0,0,0,9,1643.0,14786.0
2025-11-07,V008,Buea,Mile 17 Motor Park Market,Fresh Vegetables,Friday,November,11,0,0,0,0,0,7,2269.0,15885.0
2025-11-08,V008,Buea,Mile 17 Motor Park Market,Fresh Vegetables,Saturday,November,11,1,0,0,0,0,9,2144.0,19295.0
2025-11-09,V008,Buea,Mile 17 Motor Park Market,Fresh Vegetables,Sunday,November,11,1,0,0,0,0,6,3078.0,18465.0
2025-11-10,V008,Buea,Mile 17 Motor Park Market,Fresh Vegetables,Monday,November,11,0,0,0,0,0,8,1179.0,9436.0
2025-11-11,V008,Buea,Mile 17 Motor Park Market,Fresh Vegetables,Tuesday,November,11,0,0,0,0,0,6,1920.0,11520.0
2025-11-12,V008,Buea,Mile 17 Motor Park Market,Fresh Vegetables,Wednesday,November,11,0,0,0,0,0,5,2081.0,10407.0
2025-11-13,V008,Buea,Mile 17 Motor Park Market,Fresh Vegetables,Thursday,November,11,0,0,0,0,0,3,4219.0,12658.0
2025-11-14,V008,Buea,Mile 17 Motor Park Market,Fresh Vegetables,Friday,November,11,0,0,0,0,0,14,1600.0,22399.0
2025-11-15,V008,Buea,Mile 17 Motor Park Market,Fresh Vegetables,Saturday,November,11,1,0,0,1,0,15,1667.0,25011.0
2025-11-16,V008,Buea,Mile 17 Motor Park Market,Fresh Vegetables,Sunday,November,11,1,0,0,0,0,14,1691.0,23675.0
2025-11-17,V008,Buea,Mile 17 Motor Park Market,Fresh Vegetables,Monday,November,11,0,0,0,0,0,7,1945.0,13612.0
2025-11-18,V008,Buea,Mile 17 Motor Park Market,Fresh Vegetables,Tuesday,November,11,0,0,0,0,0,7,2108.0,14754.0
2025-11-19,V008,Buea,Mile 17 Motor Park Market,Fresh Vegetables,Wednesday,November,11,0,0,0,0,0,8,1618.0,12945.0
2025-11-20,V008,Buea,Mile 17 Motor Park Market,Fresh Vegetables,Thursday,November,11,0,0,0,0,0,6,2205.0,13229.0
2025-11-21,V008,Buea,Mile 17 Motor Park Market,Fresh Vegetables,Friday,November,11,0,0,0,0,0,12,1467.0,17609.0
2025-11-22,V008,Buea,Mile 17 Motor Park Market,Fresh Vegetables,Saturday,November,11,1,0,0,0,0,11,1602.0,17624.0
2025-11-23,V008,Buea,Mile 17 Motor Park Market,Fresh Vegetables,Sunday,November,11,1,0,0,0,0,12,1615.0,19382.0
2025-11-24,V008,Buea,Mile 17 Motor Park Market,Fresh Vegetables,Monday,November,11,0,0,0,0,0,3,3599.0,10798.0
2025-11-25,V008,Buea,Mile 17 Motor Park Market,Fresh Vegetables,Tuesday,November,11,0,0,0,0,0,8,1815.0,14517.0
2025-11-26,V008,Buea,Mile 17 Motor Park Market,Fresh Vegetables,Wednesday,November,11,0,0,0,0,0,7,2329.0,16302.0
2025-11-27,V008,Buea,Mile 17 Motor Park Market,Fresh Vegetables,Thursday,November,11,0,0,0,0,0,11,1502.0,16519.0
2025-11-28,V008,Buea,Mile 17 Motor Park Market,Fresh Vegetables,Friday,November,11,0,0,0,0,1,11,1810.0,19905.0
2025-11-29,V008,Buea,Mile 17 Motor Park Market,Fresh Vegetables,Saturday,November,11,1,0,0,0,1,13,2048.0,26620.0
2025-11-30,V008,Buea,Mile 17 Motor Park Market,Fresh Vegetables,Sunday,November,11,1,0,0,0,1,15,1418.0,21268.0
2025-12-01,V008,Buea,Mile 17 Motor Park Market,Fresh Vegetables,Monday,December,12,0,0,0,0,0,4,3134.0,12536.0
2025-12-02,V008,Buea,Mile 17 Motor Park Market,Fresh Vegetables,Tuesday,December,12,0,0,0,0,0,3,3866.0,11599.0
2025-12-03,V008,Buea,Mile 17 Motor Park Market,Fresh Vegetables,Wednesday,December,12,0,0,0,0,0,11,1560.0,17163.0
2025-12-04,V008,Buea,Mile 17 Motor Park Market,Fresh Vegetables,Thursday,December,12,0,0,0,0,0,4,3291.0,13163.0
2025-12-05,V008,Buea,Mile 17 Motor Park Market,Fresh Vegetables,Friday,December,12,0,0,0,0,0,7,2165.0,15155.0
2025-12-06,V008,Buea,Mile 17 Motor Park Market,Fresh Vegetables,Saturday,December,12,1,0,0,1,0,14,1858.0,26007.0
2025-12-07,V008,Buea,Mile 17 Motor Park Market,Fresh Vegetables,Sunday,December,12,1,0,0,0,0,10,2140.0,21398.0
2025-12-08,V008,Buea,Mile 17 Motor Park Market,Fresh Vegetables,Monday,December,12,0,0,0,0,0,3,3172.0,9517.0
2025-12-09,V008,Buea,Mile 17 Motor Park Market,Fresh Vegetables,Tuesday,December,12,0,0,0,0,0,5,2614.0,13072.0
2025-12-10,V008,Buea,Mile 17 Motor Park Market,Fresh Vegetables,Wednesday,December,12,0,0,0,0,0,6,2152.0,12909.0
2025-12-11,V008,Buea,Mile 17 Motor Park Market,Fresh Vegetables,Thursday,December,12,0,0,0,0,0,8,2152.0,17217.0
2025-12-12,V008,Buea,Mile 17 Motor Park Market,Fresh Vegetables,Friday,December,12,0,0,0,0,0,10,1645.0,16452.0
2025-12-13,V008,Buea,Mile 17 Motor Park Market,Fresh Vegetables,Saturday,December,12,1,0,0,0,0,11,1775.0,19520.0
2025-12-14,V008,Buea,Mile 17 Motor Park Market,Fresh Vegetables,Sunday,December,12,1,0,0,0,0,10,1784.0,17841.0
2025-12-15,V008,Buea,Mile 17 Motor Park Market,Fresh Vegetables,Monday,December,12,0,0,0,0,0,8,1272.0,10180.0
2025-12-16,V008,Buea,Mile 17 Motor Park Market,Fresh Vegetables,Tuesday,December,12,0,0,0,0,0,10,1958.0,19576.0
2025-12-17,V008,Buea,Mile 17 Motor Park Market,Fresh Vegetables,Wednesday,December,12,0,0,0,0,0,6,1878.0,11270.0
2025-12-18,V008,Buea,Mile 17 Motor Park Market,Fresh Vegetables,Thursday,December,12,0,0,0,0,0,8,2152.0,17216.0
2025-12-19,V008,Buea,Mile 17 Motor Park Market,Fresh Vegetables,Friday,December,12,0,0,0,0,0,10,1720.0,17204.0
2025-12-20,V008,Buea,Mile 17 Motor Park Market,Fresh Vegetables,Saturday,December,12,1,0,0,1,0,19,1667.0,31665.0
2025-12-21,V008,Buea,Mile 17 Motor Park Market,Fresh Vegetables,Sunday,December,12,1,0,0,0,0,9,2163.0,19470.0
2025-12-22,V008,Buea,Mile 17 Motor Park Market,Fresh Vegetables,Monday,December,12,0,0,0,0,0,6,2237.0,13422.0
2025-12-23,V008,Buea,Mile 17 Motor Park Market,Fresh Vegetables,Tuesday,December,12,0,0,0,0,0,10,1528.0,15284.0
2025-12-24,V008,Buea,Mile 17 Motor Park Market,Fresh Vegetables,Wednesday,December,12,0,0,0,0,0,7,2147.0,15031.0
2025-12-25,V008,Buea,Mile 17 Motor Park Market,Fresh Vegetables,Thursday,December,12,0,1,0,0,0,13,1335.0,17360.0
2025-12-26,V008,Buea,Mile 17 Motor Park Market,Fresh Vegetables,Friday,December,12,0,0,0,0,0,11,1503.0,16531.0
2025-12-27,V008,Buea,Mile 17 Motor Park Market,Fresh Vegetables,Saturday,December,12,1,0,0,0,0,12,1914.0,22969.0
2025-12-28,V008,Buea,Mile 17 Motor Park Market,Fresh Vegetables,Sunday,December,12,1,0,0,0,0,7,1885.0,13194.0
2025-12-29,V008,Buea,Mile 17 Motor Park Market,Fresh Vegetables,Monday,December,12,0,0,0,0,1,11,1327.0,14596.0
2025-12-30,V008,Buea,Mile 17 Motor Park Market,Fresh Vegetables,Tuesday,December,12,0,0,0,0,1,11,1175.0,12930.0
2025-12-31,V008,Buea,Mile 17 Motor Park Market,Fresh Vegetables,Wednesday,December,12,0,0,0,0,1,10,1675.0,16751.0
2026-01-01,V008,Buea,Mile 17 Motor Park Market,Fresh Vegetables,Thursday,January,1,0,1,0,0,0,9,1798.0,16185.0
2026-01-02,V008,Buea,Mile 17 Motor Park Market,Fresh Vegetables,Friday,January,1,0,0,0,0,0,12,1598.0,19173.0
2026-01-03,V008,Buea,Mile 17 Motor Park Market,Fresh Vegetables,Saturday,January,1,1,0,0,1,0,14,1527.0,21382.0
2026-01-04,V008,Buea,Mile 17 Motor Park Market,Fresh Vegetables,Sunday,January,1,1,0,0,0,0,11,1631.0,17937.0
2026-01-05,V008,Buea,Mile 17 Motor Park Market,Fresh Vegetables,Monday,January,1,0,0,0,0,0,4,3000.0,11999.0
2026-01-06,V008,Buea,Mile 17 Motor Park Market,Fresh Vegetables,Tuesday,January,1,0,0,0,0,0,7,1900.0,13299.0
2026-01-07,V008,Buea,Mile 17 Motor Park Market,Fresh Vegetables,Wednesday,January,1,0,0,0,0,0,7,1515.0,10603.0
2026-01-08,V008,Buea,Mile 17 Motor Park Market,Fresh Vegetables,Thursday,January,1,0,0,0,0,0,8,2155.0,17237.0
2026-01-09,V008,Buea,Mile 17 Motor Park Market,Fresh Vegetables,Friday,January,1,0,0,0,0,0,7,2093.0,14648.0
2026-01-10,V008,Buea,Mile 17 Motor Park Market,Fresh Vegetables,Saturday,January,1,1,0,0,0,0,11,1973.0,21703.0
2026-01-11,V008,Buea,Mile 17 Motor Park Market,Fresh Vegetables,Sunday,January,1,1,0,0,0,0,9,1847.0,16624.0
2026-01-12,V008,Buea,Mile 17 Motor Park Market,Fresh Vegetables,Monday,January,1,0,0,0,0,0,3,3253.0,9760.0
2026-01-13,V008,Buea,Mile 17 Motor Park Market,Fresh Vegetables,Tuesday,January,1,0,0,0,0,0,6,1340.0,8041.0
2026-01-14,V008,Buea,Mile 17 Motor Park Market,Fresh Vegetables,Wednesday,January,1,0,0,0,0,0,9,1516.0,13643.0
2026-01-15,V008,Buea,Mile 17 Motor Park Market,Fresh Vegetables,Thursday,January,1,0,0,0,0,0,6,1956.0,11739.0
2026-01-16,V008,Buea,Mile 17 Motor Park Market,Fresh Vegetables,Friday,January,1,0,0,0,0,0,9,2034.0,18302.0
2026-01-17,V008,Buea,Mile 17 Motor Park Market,Fresh Vegetables,Saturday,January,1,1,0,0,1,0,14,1377.0,19279.0
2026-01-18,V008,Buea,Mile 17 Motor Park Market,Fresh Vegetables,Sunday,January,1,1,0,0,0,0,11,1966.0,21622.0
2026-01-19,V008,Buea,Mile 17 Motor Park Market,Fresh Vegetables,Monday,January,1,0,0,0,0,0,6,2281.0,13687.0
2026-01-20,V008,Buea,Mile 17 Motor Park Market,Fresh Vegetables,Tuesday,January,1,0,0,0,0,0,9,1219.0,10973.0
2026-01-21,V008,Buea,Mile 17 Motor Park Market,Fresh Vegetables,Wednesday,January,1,0,0,0,0,0,5,2020.0,10100.0
2026-01-22,V008,Buea,Mile 17 Motor Park Market,Fresh Vegetables,Thursday,January,1,0,0,0,0,0,11,1330.0,14627.0
2026-01-23,V008,Buea,Mile 17 Motor Park Market,Fresh Vegetables,Friday,January,1,0,0,0,0,0,8,2586.0,20692.0
2026-01-24,V008,Buea,Mile 17 Motor Park Market,Fresh Vegetables,Saturday,January,1,1,0,0,0,0,12,1800.0,21599.0
2026-01-25,V008,Buea,Mile 17 Motor Park Market,Fresh Vegetables,Sunday,January,1,1,0,0,0,0,10,1613.0,16131.0
2026-01-26,V008,Buea,Mile 17 Motor Park Market,Fresh Vegetables,Monday,January,1,0,0,0,0,0,4,2422.0,9688.0
2026-01-27,V008,Buea,Mile 17 Motor Park Market,Fresh Vegetables,Tuesday,January,1,0,0,0,0,0,9,1590.0,14307.0
2026-01-28,V008,Buea,Mile 17 Motor Park Market,Fresh Vegetables,Wednesday,January,1,0,0,0,0,0,7,1997.0,13977.0
2026-01-29,V008,Buea,Mile 17 Motor Park Market,Fresh Vegetables,Thursday,January,1,0,0,0,0,1,10,1621.0,16214.0
2026-01-30,V008,Buea,Mile 17 Motor Park Market,Fresh Vegetables,Friday,January,1,0,0,0,0,1,9,2264.0,20373.0
2026-01-31,V008,Buea,Mile 17 Motor Park Market,Fresh Vegetables,Saturday,January,1,1,0,0,0,1,8,2488.0,19903.0
2026-02-01,V008,Buea,Mile 17 Motor Park Market,Fresh Vegetables,Sunday,February,2,1,0,0,0,0,13,1680.0,21842.0
2026-02-02,V008,Buea,Mile 17 Motor Park Market,Fresh Vegetables,Monday,February,2,0,0,0,0,0,5,2450.0,12249.0
2026-02-03,V008,Buea,Mile 17 Motor Park Market,Fresh Vegetables,Tuesday,February,2,0,0,0,0,0,8,1480.0,11838.0
2026-02-04,V008,Buea,Mile 17 Motor Park Market,Fresh Vegetables,Wednesday,February,2,0,0,0,0,0,9,2130.0,19169.0
2026-02-05,V008,Buea,Mile 17 Motor Park Market,Fresh Vegetables,Thursday,February,2,0,0,0,0,0,9,1965.0,17683.0
2026-02-06,V008,Buea,Mile 17 Motor Park Market,Fresh Vegetables,Friday,February,2,0,0,0,0,0,12,1412.0,16947.0
2026-02-07,V008,Buea,Mile 17 Motor Park Market,Fresh Vegetables,Saturday,February,2,1,0,0,1,0,14,1818.0,25453.0
2026-02-08,V008,Buea,Mile 17 Motor Park Market,Fresh Vegetables,Sunday,February,2,1,0,0,0,0,6,2929.0,17576.0
2026-02-09,V008,Buea,Mile 17 Motor Park Market,Fresh Vegetables,Monday,February,2,0,0,0,0,0,6,2192.0,13151.0
2026-02-10,V008,Buea,Mile 17 Motor Park Market,Fresh Vegetables,Tuesday,February,2,0,0,0,0,0,4,2541.0,10163.0
2026-02-11,V008,Buea,Mile 17 Motor Park Market,Fresh Vegetables,Wednesday,February,2,0,1,0,0,0,10,1547.0,15473.0
2026-02-12,V008,Buea,Mile 17 Motor Park Market,Fresh Vegetables,Thursday,February,2,0,0,0,0,0,5,2379.0,11896.0
2026-02-13,V008,Buea,Mile 17 Motor Park Market,Fresh Vegetables,Friday,February,2,0,0,0,0,0,7,2624.0,18370.0
2026-02-14,V008,Buea,Mile 17 Motor Park Market,Fresh Vegetables,Saturday,February,2,1,0,0,0,0,7,2742.0,19193.0
2026-02-15,V008,Buea,Mile 17 Motor Park Market,Fresh Vegetables,Sunday,February,2,1,0,0,0,0,10,1983.0,19835.0
2026-02-16,V008,Buea,Mile 17 Motor Park Market,Fresh Vegetables,Monday,February,2,0,0,0,0,0,8,1556.0,12450.0
2026-02-17,V008,Buea,Mile 17 Motor Park Market,Fresh Vegetables,Tuesday,February,2,0,0,0,0,0,5,2305.0,11526.0
2026-02-18,V008,Buea,Mile 17 Motor Park Market,Fresh Vegetables,Wednesday,February,2,0,0,0,0,0,4,2813.0,11250.0
2026-02-19,V008,Buea,Mile 17 Motor Park Market,Fresh Vegetables,Thursday,February,2,0,0,0,0,0,5,2441.0,12207.0
2026-02-20,V008,Buea,Mile 17 Motor Park Market,Fresh Vegetables,Friday,February,2,0,0,0,0,0,9,1826.0,16430.0
2026-02-21,V008,Buea,Mile 17 Motor Park Market,Fresh Vegetables,Saturday,February,2,1,0,0,1,0,12,1810.0,21720.0
2026-02-22,V008,Buea,Mile 17 Motor Park Market,Fresh Vegetables,Sunday,February,2,1,0,0,0,0,9,2038.0,18341.0
2026-02-23,V008,Buea,Mile 17 Motor Park Market,Fresh Vegetables,Monday,February,2,0,0,0,0,0,6,1800.0,10802.0
2026-02-24,V008,Buea,Mile 17 Motor Park Market,Fresh Vegetables,Tuesday,February,2,0,0,0,0,0,7,1808.0,12655.0
2026-02-25,V008,Buea,Mile 17 Motor Park Market,Fresh Vegetables,Wednesday,February,2,0,0,0,0,0,10,1805.0,18049.0
2026-02-26,V008,Buea,Mile 17 Motor Park Market,Fresh Vegetables,Thursday,February,2,0,0,0,0,1,6,2461.0,14767.0
2026-02-27,V008,Buea,Mile 17 Motor Park Market,Fresh Vegetables,Friday,February,2,0,0,0,0,1,6,2895.0,17369.0
2026-02-28,V008,Buea,Mile 17 Motor Park Market,Fresh Vegetables,Saturday,February,2,1,0,0,0,1,11,2672.0,29394.0
2026-03-01,V008,Buea,Mile 17 Motor Park Market,Fresh Vegetables,Sunday,March,3,1,0,0,0,0,8,2294.0,18351.0
2026-03-02,V008,Buea,Mile 17 Motor Park Market,Fresh Vegetables,Monday,March,3,0,0,0,0,0,4,2846.0,11386.0
2026-03-03,V008,Buea,Mile 17 Motor Park Market,Fresh Vegetables,Tuesday,March,3,0,0,0,0,0,9,1892.0,17028.0
2026-03-04,V008,Buea,Mile 17 Motor Park Market,Fresh Vegetables,Wednesday,March,3,0,0,0,0,0,11,1426.0,15686.0
2026-03-05,V008,Buea,Mile 17 Motor Park Market,Fresh Vegetables,Thursday,March,3,0,0,0,0,0,5,2967.0,14837.0
2026-03-06,V008,Buea,Mile 17 Motor Park Market,Fresh Vegetables,Friday,March,3,0,0,0,0,0,7,2417.0,16922.0
2026-03-07,V008,Buea,Mile 17 Motor Park Market,Fresh Vegetables,Saturday,March,3,1,0,0,1,0,12,1941.0,23290.0
2026-03-08,V008,Buea,Mile 17 Motor Park Market,Fresh Vegetables,Sunday,March,3,1,1,0,0,0,12,1709.0,20508.0
2026-03-09,V008,Buea,Mile 17 Motor Park Market,Fresh Vegetables,Monday,March,3,0,0,0,0,0,7,1972.0,13803.0
2026-03-10,V008,Buea,Mile 17 Motor Park Market,Fresh Vegetables,Tuesday,March,3,0,0,0,0,0,6,2352.0,14115.0
2026-03-11,V008,Buea,Mile 17 Motor Park Market,Fresh Vegetables,Wednesday,March,3,0,0,0,0,0,8,2155.0,17239.0
2026-03-12,V008,Buea,Mile 17 Motor Park Market,Fresh Vegetables,Thursday,March,3,0,0,0,0,0,6,2978.0,17871.0
2026-03-13,V008,Buea,Mile 17 Motor Park Market,Fresh Vegetables,Friday,March,3,0,0,0,0,0,8,2055.0,16443.0
2026-03-14,V008,Buea,Mile 17 Motor Park Market,Fresh Vegetables,Saturday,March,3,1,0,0,0,0,14,1623.0,22723.0
2026-03-15,V008,Buea,Mile 17 Motor Park Market,Fresh Vegetables,Sunday,March,3,1,0,0,0,0,5,2685.0,13423.0
2026-03-16,V008,Buea,Mile 17 Motor Park Market,Fresh Vegetables,Monday,March,3,0,0,0,0,0,8,1213.0,9701.0
2026-03-17,V008,Buea,Mile 17 Motor Park Market,Fresh Vegetables,Tuesday,March,3,0,0,0,0,0,5,2770.0,13848.0
2026-03-18,V008,Buea,Mile 17 Motor Park Market,Fresh Vegetables,Wednesday,March,3,0,0,0,0,0,9,1396.0,12563.0
2026-03-19,V008,Buea,Mile 17 Motor Park Market,Fresh Vegetables,Thursday,March,3,0,0,0,0,0,6,2284.0,13703.0
2026-03-20,V008,Buea,Mile 17 Motor Park Market,Fresh Vegetables,Friday,March,3,0,0,0,0,0,6,2550.0,15298.0
2026-03-21,V008,Buea,Mile 17 Motor Park Market,Fresh Vegetables,Saturday,March,3,1,0,0,1,0,20,1578.0,31553.0
2026-03-22,V008,Buea,Mile 17 Motor Park Market,Fresh Vegetables,Sunday,March,3,1,0,0,0,0,10,1408.0,14076.0
2026-03-23,V008,Buea,Mile 17 Motor Park Market,Fresh Vegetables,Monday,March,3,0,0,0,0,0,7,1634.0,11437.0
2026-03-24,V008,Buea,Mile 17 Motor Park Market,Fresh Vegetables,Tuesday,March,3,0,0,0,0,0,9,1880.0,16919.0
2026-03-25,V008,Buea,Mile 17 Motor Park Market,Fresh Vegetables,Wednesday,March,3,0,0,0,0,0,8,1603.0,12826.0
2026-03-26,V008,Buea,Mile 17 Motor Park Market,Fresh Vegetables,Thursday,March,3,0,0,0,0,0,8,1475.0,11798.0
2026-03-27,V008,Buea,Mile 17 Motor Park Market,Fresh Vegetables,Friday,March,3,0,0,0,0,0,8,2258.0,18066.0
2026-03-28,V008,Buea,Mile 17 Motor Park Market,Fresh Vegetables,Saturday,March,3,1,0,0,0,0,8,2423.0,19383.0
2026-03-29,V008,Buea,Mile 17 Motor Park Market,Fresh Vegetables,Sunday,March,3,1,0,0,0,1,9,1950.0,17550.0
2026-03-30,V008,Buea,Mile 17 Motor Park Market,Fresh Vegetables,Monday,March,3,0,0,0,0,1,6,1977.0,11862.0
2026-03-31,V008,Buea,Mile 17 Motor Park Market,Fresh Vegetables,Tuesday,March,3,0,0,0,0,1,8,2055.0,16436.0
2025-09-01,V009,Buea,Mile 17 Motor Park Market,Palm Oil & Condiments,Monday,September,9,0,0,1,0,0,10,1339.0,13387.0
2025-09-02,V009,Buea,Mile 17 Motor Park Market,Palm Oil & Condiments,Tuesday,September,9,0,0,1,0,0,15,1329.0,19941.0
2025-09-03,V009,Buea,Mile 17 Motor Park Market,Palm Oil & Condiments,Wednesday,September,9,0,0,1,0,0,3,3768.0,11304.0
2025-09-04,V009,Buea,Mile 17 Motor Park Market,Palm Oil & Condiments,Thursday,September,9,0,0,1,0,0,9,1972.0,17749.0
2025-09-05,V009,Buea,Mile 17 Motor Park Market,Palm Oil & Condiments,Friday,September,9,0,0,1,0,0,13,1849.0,24032.0
2025-09-06,V009,Buea,Mile 17 Motor Park Market,Palm Oil & Condiments,Saturday,September,9,1,0,1,1,0,10,2472.0,24720.0
2025-09-07,V009,Buea,Mile 17 Motor Park Market,Palm Oil & Condiments,Sunday,September,9,1,0,1,0,0,10,1796.0,17963.0
2025-09-08,V009,Buea,Mile 17 Motor Park Market,Palm Oil & Condiments,Monday,September,9,0,0,1,0,0,8,1894.0,15152.0
2025-09-09,V009,Buea,Mile 17 Motor Park Market,Palm Oil & Condiments,Tuesday,September,9,0,0,1,0,0,5,2034.0,10169.0
2025-09-10,V009,Buea,Mile 17 Motor Park Market,Palm Oil & Condiments,Wednesday,September,9,0,0,1,0,0,12,1713.0,20552.0
2025-09-11,V009,Buea,Mile 17 Motor Park Market,Palm Oil & Condiments,Thursday,September,9,0,0,1,0,0,4,3587.0,14350.0
2025-09-12,V009,Buea,Mile 17 Motor Park Market,Palm Oil & Condiments,Friday,September,9,0,0,1,0,0,12,2092.0,25109.0
2025-09-13,V009,Buea,Mile 17 Motor Park Market,Palm Oil & Condiments,Saturday,September,9,1,0,1,0,0,19,1681.0,31944.0
2025-09-14,V009,Buea,Mile 17 Motor Park Market,Palm Oil & Condiments,Sunday,September,9,1,0,1,0,0,12,1518.0,18210.0
2025-09-15,V009,Buea,Mile 17 Motor Park Market,Palm Oil & Condiments,Monday,September,9,0,0,1,0,0,7,2438.0,17068.0
2025-09-16,V009,Buea,Mile 17 Motor Park Market,Palm Oil & Condiments,Tuesday,September,9,0,0,1,0,0,9,1468.0,13211.0
2025-09-17,V009,Buea,Mile 17 Motor Park Market,Palm Oil & Condiments,Wednesday,September,9,0,0,1,0,0,8,2174.0,17392.0
2025-09-18,V009,Buea,Mile 17 Motor Park Market,Palm Oil & Condiments,Thursday,September,9,0,0,1,0,0,6,2455.0,14730.0
2025-09-19,V009,Buea,Mile 17 Motor Park Market,Palm Oil & Condiments,Friday,September,9,0,0,1,0,0,8,1933.0,15465.0
2025-09-20,V009,Buea,Mile 17 Motor Park Market,Palm Oil & Condiments,Saturday,September,9,1,0,1,1,0,8,3127.0,25017.0
2025-09-21,V009,Buea,Mile 17 Motor Park Market,Palm Oil & Condiments,Sunday,September,9,1,0,1,0,0,15,1800.0,27000.0
2025-09-22,V009,Buea,Mile 17 Motor Park Market,Palm Oil & Condiments,Monday,September,9,0,0,1,0,0,5,2098.0,10489.0
2025-09-23,V009,Buea,Mile 17 Motor Park Market,Palm Oil & Condiments,Tuesday,September,9,0,0,1,0,0,9,1755.0,15794.0
2025-09-24,V009,Buea,Mile 17 Motor Park Market,Palm Oil & Condiments,Wednesday,September,9,0,0,1,0,0,8,2131.0,17045.0
2025-09-25,V009,Buea,Mile 17 Motor Park Market,Palm Oil & Condiments,Thursday,September,9,0,0,1,0,0,12,1620.0,19443.0
2025-09-26,V009,Buea,Mile 17 Motor Park Market,Palm Oil & Condiments,Friday,September,9,0,0,1,0,0,9,1610.0,14491.0
2025-09-27,V009,Buea,Mile 17 Motor Park Market,Palm Oil & Condiments,Saturday,September,9,1,0,1,0,0,11,2122.0,23343.0
2025-09-28,V009,Buea,Mile 17 Motor Park Market,Palm Oil & Condiments,Sunday,September,9,1,0,1,0,1,12,1378.0,16534.0
2025-09-29,V009,Buea,Mile 17 Motor Park Market,Palm Oil & Condiments,Monday,September,9,0,0,1,0,1,10,1534.0,15336.0
2025-09-30,V009,Buea,Mile 17 Motor Park Market,Palm Oil & Condiments,Tuesday,September,9,0,0,1,0,1,9,1963.0,17669.0
2025-10-01,V009,Buea,Mile 17 Motor Park Market,Palm Oil & Condiments,Wednesday,October,10,0,0,1,0,0,5,2976.0,14882.0
2025-10-02,V009,Buea,Mile 17 Motor Park Market,Palm Oil & Condiments,Thursday,October,10,0,0,1,0,0,12,1286.0,15433.0
2025-10-03,V009,Buea,Mile 17 Motor Park Market,Palm Oil & Condiments,Friday,October,10,0,0,1,0,0,8,2281.0,18245.0
2025-10-04,V009,Buea,Mile 17 Motor Park Market,Palm Oil & Condiments,Saturday,October,10,1,0,1,1,0,12,2409.0,28913.0
2025-10-05,V009,Buea,Mile 17 Motor Park Market,Palm Oil & Condiments,Sunday,October,10,1,0,1,0,0,13,1304.0,16948.0
2025-10-06,V009,Buea,Mile 17 Motor Park Market,Palm Oil & Condiments,Monday,October,10,0,0,1,0,0,8,1906.0,15250.0
2025-10-07,V009,Buea,Mile 17 Motor Park Market,Palm Oil & Condiments,Tuesday,October,10,0,0,1,0,0,8,1692.0,13533.0
2025-10-08,V009,Buea,Mile 17 Motor Park Market,Palm Oil & Condiments,Wednesday,October,10,0,0,1,0,0,14,1539.0,21542.0
2025-10-09,V009,Buea,Mile 17 Motor Park Market,Palm Oil & Condiments,Thursday,October,10,0,0,1,0,0,6,2571.0,15429.0
2025-10-10,V009,Buea,Mile 17 Motor Park Market,Palm Oil & Condiments,Friday,October,10,0,0,1,0,0,11,1867.0,20537.0
2025-10-11,V009,Buea,Mile 17 Motor Park Market,Palm Oil & Condiments,Saturday,October,10,1,0,1,0,0,13,2118.0,27534.0
2025-10-12,V009,Buea,Mile 17 Motor Park Market,Palm Oil & Condiments,Sunday,October,10,1,0,1,0,0,15,1232.0,18485.0
2025-10-13,V009,Buea,Mile 17 Motor Park Market,Palm Oil & Condiments,Monday,October,10,0,0,1,0,0,4,3751.0,15004.0
2025-10-14,V009,Buea,Mile 17 Motor Park Market,Palm Oil & Condiments,Tuesday,October,10,0,0,1,0,0,7,1728.0,12096.0
2025-10-15,V009,Buea,Mile 17 Motor Park Market,Palm Oil & Condiments,Wednesday,October,10,0,0,1,0,0,9,2163.0,19471.0
2025-10-16,V009,Buea,Mile 17 Motor Park Market,Palm Oil & Condiments,Thursday,October,10,0,0,1,0,0,6,2992.0,17949.0
2025-10-17,V009,Buea,Mile 17 Motor Park Market,Palm Oil & Condiments,Friday,October,10,0,0,1,0,0,6,2048.0,12291.0
2025-10-18,V009,Buea,Mile 17 Motor Park Market,Palm Oil & Condiments,Saturday,October,10,1,0,1,1,0,15,1945.0,29176.0
2025-10-19,V009,Buea,Mile 17 Motor Park Market,Palm Oil & Condiments,Sunday,October,10,1,0,1,0,0,13,1759.0,22870.0
2025-10-20,V009,Buea,Mile 17 Motor Park Market,Palm Oil & Condiments,Monday,October,10,0,0,1,0,0,13,1699.0,22086.0
2025-10-21,V009,Buea,Mile 17 Motor Park Market,Palm Oil & Condiments,Tuesday,October,10,0,0,1,0,0,3,2722.0,8166.0
2025-10-22,V009,Buea,Mile 17 Motor Park Market,Palm Oil & Condiments,Wednesday,October,10,0,0,1,0,0,5,2422.0,12110.0
2025-10-23,V009,Buea,Mile 17 Motor Park Market,Palm Oil & Condiments,Thursday,October,10,0,0,1,0,0,8,1735.0,13879.0
2025-10-24,V009,Buea,Mile 17 Motor Park Market,Palm Oil & Condiments,Friday,October,10,0,0,1,0,0,11,2003.0,22032.0
2025-10-25,V009,Buea,Mile 17 Motor Park Market,Palm Oil & Condiments,Saturday,October,10,1,0,1,0,0,10,1993.0,19929.0
2025-10-26,V009,Buea,Mile 17 Motor Park Market,Palm Oil & Condiments,Sunday,October,10,1,0,1,0,0,18,1455.0,26182.0
2025-10-27,V009,Buea,Mile 17 Motor Park Market,Palm Oil & Condiments,Monday,October,10,0,0,1,0,0,5,2237.0,11186.0
2025-10-28,V009,Buea,Mile 17 Motor Park Market,Palm Oil & Condiments,Tuesday,October,10,0,0,1,0,0,7,1974.0,13817.0
2025-10-29,V009,Buea,Mile 17 Motor Park Market,Palm Oil & Condiments,Wednesday,October,10,0,0,1,0,1,14,1714.0,24000.0
2025-10-30,V009,Buea,Mile 17 Motor Park Market,Palm Oil & Condiments,Thursday,October,10,0,0,1,0,1,12,1226.0,14709.0
2025-10-31,V009,Buea,Mile 17 Motor Park Market,Palm Oil & Condiments,Friday,October,10,0,0,1,0,1,13,1549.0,20135.0
2025-11-01,V009,Buea,Mile 17 Motor Park Market,Palm Oil & Condiments,Saturday,November,11,1,0,0,1,0,17,1894.0,32193.0
2025-11-02,V009,Buea,Mile 17 Motor Park Market,Palm Oil & Condiments,Sunday,November,11,1,0,0,0,0,9,2140.0,19256.0
2025-11-03,V009,Buea,Mile 17 Motor Park Market,Palm Oil & Condiments,Monday,November,11,0,0,0,0,0,9,1656.0,14902.0
2025-11-04,V009,Buea,Mile 17 Motor Park Market,Palm Oil & Condiments,Tuesday,November,11,0,0,0,0,0,6,1881.0,11288.0
2025-11-05,V009,Buea,Mile 17 Motor Park Market,Palm Oil & Condiments,Wednesday,November,11,0,0,0,0,0,9,2057.0,18511.0
2025-11-06,V009,Buea,Mile 17 Motor Park Market,Palm Oil & Condiments,Thursday,November,11,0,0,0,0,0,16,1175.0,18800.0
2025-11-07,V009,Buea,Mile 17 Motor Park Market,Palm Oil & Condiments,Friday,November,11,0,0,0,0,0,11,1807.0,19878.0
2025-11-08,V009,Buea,Mile 17 Motor Park Market,Palm Oil & Condiments,Saturday,November,11,1,0,0,0,0,12,1814.0,21766.0
2025-11-09,V009,Buea,Mile 17 Motor Park Market,Palm Oil & Condiments,Sunday,November,11,1,0,0,0,0,12,1750.0,21004.0
2025-11-10,V009,Buea,Mile 17 Motor Park Market,Palm Oil & Condiments,Monday,November,11,0,0,0,0,0,7,1708.0,11954.0
2025-11-11,V009,Buea,Mile 17 Motor Park Market,Palm Oil & Condiments,Tuesday,November,11,0,0,0,0,0,11,1786.0,19645.0
2025-11-12,V009,Buea,Mile 17 Motor Park Market,Palm Oil & Condiments,Wednesday,November,11,0,0,0,0,0,9,2068.0,18610.0
2025-11-13,V009,Buea,Mile 17 Motor Park Market,Palm Oil & Condiments,Thursday,November,11,0,0,0,0,0,11,1724.0,18967.0
2025-11-14,V009,Buea,Mile 17 Motor Park Market,Palm Oil & Condiments,Friday,November,11,0,0,0,0,0,10,1707.0,17068.0
2025-11-15,V009,Buea,Mile 17 Motor Park Market,Palm Oil & Condiments,Saturday,November,11,1,0,0,1,0,12,2045.0,24537.0
2025-11-16,V009,Buea,Mile 17 Motor Park Market,Palm Oil & Condiments,Sunday,November,11,1,0,0,0,0,11,1819.0,20004.0
2025-11-17,V009,Buea,Mile 17 Motor Park Market,Palm Oil & Condiments,Monday,November,11,0,0,0,0,0,8,1449.0,11595.0
2025-11-18,V009,Buea,Mile 17 Motor Park Market,Palm Oil & Condiments,Tuesday,November,11,0,0,0,0,0,7,2391.0,16736.0
2025-11-19,V009,Buea,Mile 17 Motor Park Market,Palm Oil & Condiments,Wednesday,November,11,0,0,0,0,0,6,1978.0,11867.0
2025-11-20,V009,Buea,Mile 17 Motor Park Market,Palm Oil & Condiments,Thursday,November,11,0,0,0,0,0,8,1912.0,15294.0
2025-11-21,V009,Buea,Mile 17 Motor Park Market,Palm Oil & Condiments,Friday,November,11,0,0,0,0,0,6,3162.0,18973.0
2025-11-22,V009,Buea,Mile 17 Motor Park Market,Palm Oil & Condiments,Saturday,November,11,1,0,0,0,0,12,1932.0,23180.0
2025-11-23,V009,Buea,Mile 17 Motor Park Market,Palm Oil & Condiments,Sunday,November,11,1,0,0,0,0,10,2167.0,21670.0
2025-11-24,V009,Buea,Mile 17 Motor Park Market,Palm Oil & Condiments,Monday,November,11,0,0,0,0,0,6,3238.0,19429.0
2025-11-25,V009,Buea,Mile 17 Motor Park Market,Palm Oil & Condiments,Tuesday,November,11,0,0,0,0,0,10,1912.0,19118.0
2025-11-26,V009,Buea,Mile 17 Motor Park Market,Palm Oil & Condiments,Wednesday,November,11,0,0,0,0,0,10,1827.0,18270.0
2025-11-27,V009,Buea,Mile 17 Motor Park Market,Palm Oil & Condiments,Thursday,November,11,0,0,0,0,0,10,2034.0,20345.0
2025-11-28,V009,Buea,Mile 17 Motor Park Market,Palm Oil & Condiments,Friday,November,11,0,0,0,0,1,13,1470.0,19113.0
2025-11-29,V009,Buea,Mile 17 Motor Park Market,Palm Oil & Condiments,Saturday,November,11,1,0,0,0,1,16,1751.0,28009.0
2025-11-30,V009,Buea,Mile 17 Motor Park Market,Palm Oil & Condiments,Sunday,November,11,1,0,0,0,1,13,2136.0,27768.0
2025-12-01,V009,Buea,Mile 17 Motor Park Market,Palm Oil & Condiments,Monday,December,12,0,0,0,0,0,7,2284.0,15987.0
2025-12-02,V009,Buea,Mile 17 Motor Park Market,Palm Oil & Condiments,Tuesday,December,12,0,0,0,0,0,8,1843.0,14744.0
2025-12-03,V009,Buea,Mile 17 Motor Park Market,Palm Oil & Condiments,Wednesday,December,12,0,0,0,0,0,5,2389.0,11947.0
2025-12-04,V009,Buea,Mile 17 Motor Park Market,Palm Oil & Condiments,Thursday,December,12,0,0,0,0,0,13,1626.0,21134.0
2025-12-05,V009,Buea,Mile 17 Motor Park Market,Palm Oil & Condiments,Friday,December,12,0,0,0,0,0,11,1821.0,20028.0
2025-12-06,V009,Buea,Mile 17 Motor Park Market,Palm Oil & Condiments,Saturday,December,12,1,0,0,1,0,18,1546.0,27819.0
2025-12-07,V009,Buea,Mile 17 Motor Park Market,Palm Oil & Condiments,Sunday,December,12,1,0,0,0,0,10,1865.0,18649.0
2025-12-08,V009,Buea,Mile 17 Motor Park Market,Palm Oil & Condiments,Monday,December,12,0,0,0,0,0,8,2207.0,17653.0
2025-12-09,V009,Buea,Mile 17 Motor Park Market,Palm Oil & Condiments,Tuesday,December,12,0,0,0,0,0,8,2499.0,19989.0
2025-12-10,V009,Buea,Mile 17 Motor Park Market,Palm Oil & Condiments,Wednesday,December,12,0,0,0,0,0,10,2099.0,20987.0
2025-12-11,V009,Buea,Mile 17 Motor Park Market,Palm Oil & Condiments,Thursday,December,12,0,0,0,0,0,5,3173.0,15864.0
2025-12-12,V009,Buea,Mile 17 Motor Park Market,Palm Oil & Condiments,Friday,December,12,0,0,0,0,0,8,2333.0,18663.0
2025-12-13,V009,Buea,Mile 17 Motor Park Market,Palm Oil & Condiments,Saturday,December,12,1,0,0,0,0,12,1857.0,22282.0
2025-12-14,V009,Buea,Mile 17 Motor Park Market,Palm Oil & Condiments,Sunday,December,12,1,0,0,0,0,13,1767.0,22972.0
2025-12-15,V009,Buea,Mile 17 Motor Park Market,Palm Oil & Condiments,Monday,December,12,0,0,0,0,0,6,2530.0,15180.0
2025-12-16,V009,Buea,Mile 17 Motor Park Market,Palm Oil & Condiments,Tuesday,December,12,0,0,0,0,0,10,1289.0,12885.0
2025-12-17,V009,Buea,Mile 17 Motor Park Market,Palm Oil & Condiments,Wednesday,December,12,0,0,0,0,0,10,1371.0,13711.0
2025-12-18,V009,Buea,Mile 17 Motor Park Market,Palm Oil & Condiments,Thursday,December,12,0,0,0,0,0,8,1983.0,15863.0
2025-12-19,V009,Buea,Mile 17 Motor Park Market,Palm Oil & Condiments,Friday,December,12,0,0,0,0,0,16,1535.0,24558.0
2025-12-20,V009,Buea,Mile 17 Motor Park Market,Palm Oil & Condiments,Saturday,December,12,1,0,0,1,0,15,1917.0,28753.0
2025-12-21,V009,Buea,Mile 17 Motor Park Market,Palm Oil & Condiments,Sunday,December,12,1,0,0,0,0,11,1740.0,19140.0
2025-12-22,V009,Buea,Mile 17 Motor Park Market,Palm Oil & Condiments,Monday,December,12,0,0,0,0,0,9,1874.0,16862.0
2025-12-23,V009,Buea,Mile 17 Motor Park Market,Palm Oil & Condiments,Tuesday,December,12,0,0,0,0,0,12,1407.0,16878.0
2025-12-24,V009,Buea,Mile 17 Motor Park Market,Palm Oil & Condiments,Wednesday,December,12,0,0,0,0,0,9,1863.0,16763.0
2025-12-25,V009,Buea,Mile 17 Motor Park Market,Palm Oil & Condiments,Thursday,December,12,0,1,0,0,0,3,5253.0,15760.0
2025-12-26,V009,Buea,Mile 17 Motor Park Market,Palm Oil & Condiments,Friday,December,12,0,0,0,0,0,11,1975.0,21721.0
2025-12-27,V009,Buea,Mile 17 Motor Park Market,Palm Oil & Condiments,Saturday,December,12,1,0,0,0,0,13,1743.0,22658.0
2025-12-28,V009,Buea,Mile 17 Motor Park Market,Palm Oil & Condiments,Sunday,December,12,1,0,0,0,0,12,1594.0,19125.0
2025-12-29,V009,Buea,Mile 17 Motor Park Market,Palm Oil & Condiments,Monday,December,12,0,0,0,0,1,7,2396.0,16775.0
2025-12-30,V009,Buea,Mile 17 Motor Park Market,Palm Oil & Condiments,Tuesday,December,12,0,0,0,0,1,11,1886.0,20751.0
2025-12-31,V009,Buea,Mile 17 Motor Park Market,Palm Oil & Condiments,Wednesday,December,12,0,0,0,0,1,10,1979.0,19788.0
2026-01-01,V009,Buea,Mile 17 Motor Park Market,Palm Oil & Condiments,Thursday,January,1,0,1,0,0,0,10,1843.0,18428.0
2026-01-02,V009,Buea,Mile 17 Motor Park Market,Palm Oil & Condiments,Friday,January,1,0,0,0,0,0,12,1692.0,20301.0
2026-01-03,V009,Buea,Mile 17 Motor Park Market,Palm Oil & Condiments,Saturday,January,1,1,0,0,1,0,11,2541.0,27948.0
2026-01-04,V009,Buea,Mile 17 Motor Park Market,Palm Oil & Condiments,Sunday,January,1,1,0,0,0,0,11,1626.0,17885.0
2026-01-05,V009,Buea,Mile 17 Motor Park Market,Palm Oil & Condiments,Monday,January,1,0,0,0,0,0,7,1945.0,13614.0
2026-01-06,V009,Buea,Mile 17 Motor Park Market,Palm Oil & Condiments,Tuesday,January,1,0,0,0,0,0,8,2254.0,18032.0
2026-01-07,V009,Buea,Mile 17 Motor Park Market,Palm Oil & Condiments,Wednesday,January,1,0,0,0,0,0,6,1976.0,11856.0
2026-01-08,V009,Buea,Mile 17 Motor Park Market,Palm Oil & Condiments,Thursday,January,1,0,0,0,0,0,6,2531.0,15189.0
2026-01-09,V009,Buea,Mile 17 Motor Park Market,Palm Oil & Condiments,Friday,January,1,0,0,0,0,0,11,1784.0,19625.0
2026-01-10,V009,Buea,Mile 17 Motor Park Market,Palm Oil & Condiments,Saturday,January,1,1,0,0,0,0,14,1773.0,24816.0
2026-01-11,V009,Buea,Mile 17 Motor Park Market,Palm Oil & Condiments,Sunday,January,1,1,0,0,0,0,14,1914.0,26797.0
2026-01-12,V009,Buea,Mile 17 Motor Park Market,Palm Oil & Condiments,Monday,January,1,0,0,0,0,0,7,2157.0,15100.0
2026-01-13,V009,Buea,Mile 17 Motor Park Market,Palm Oil & Condiments,Tuesday,January,1,0,0,0,0,0,6,2161.0,12965.0
2026-01-14,V009,Buea,Mile 17 Motor Park Market,Palm Oil & Condiments,Wednesday,January,1,0,0,0,0,0,8,1795.0,14359.0
2026-01-15,V009,Buea,Mile 17 Motor Park Market,Palm Oil & Condiments,Thursday,January,1,0,0,0,0,0,12,2108.0,25293.0
2026-01-16,V009,Buea,Mile 17 Motor Park Market,Palm Oil & Condiments,Friday,January,1,0,0,0,0,0,10,1879.0,18791.0
2026-01-17,V009,Buea,Mile 17 Motor Park Market,Palm Oil & Condiments,Saturday,January,1,1,0,0,1,0,18,1750.0,31498.0
2026-01-18,V009,Buea,Mile 17 Motor Park Market,Palm Oil & Condiments,Sunday,January,1,1,0,0,0,0,8,3045.0,24361.0
2026-01-19,V009,Buea,Mile 17 Motor Park Market,Palm Oil & Condiments,Monday,January,1,0,0,0,0,0,4,2337.0,9346.0
2026-01-20,V009,Buea,Mile 17 Motor Park Market,Palm Oil & Condiments,Tuesday,January,1,0,0,0,0,0,7,2628.0,18396.0
2026-01-21,V009,Buea,Mile 17 Motor Park Market,Palm Oil & Condiments,Wednesday,January,1,0,0,0,0,0,6,1518.0,9108.0
2026-01-22,V009,Buea,Mile 17 Motor Park Market,Palm Oil & Condiments,Thursday,January,1,0,0,0,0,0,7,2474.0,17315.0
2026-01-23,V009,Buea,Mile 17 Motor Park Market,Palm Oil & Condiments,Friday,January,1,0,0,0,0,0,7,2423.0,16962.0
2026-01-24,V009,Buea,Mile 17 Motor Park Market,Palm Oil & Condiments,Saturday,January,1,1,0,0,0,0,12,2113.0,25357.0
2026-01-25,V009,Buea,Mile 17 Motor Park Market,Palm Oil & Condiments,Sunday,January,1,1,0,0,0,0,6,3522.0,21132.0
2026-01-26,V009,Buea,Mile 17 Motor Park Market,Palm Oil & Condiments,Monday,January,1,0,0,0,0,0,4,3077.0,12310.0
2026-01-27,V009,Buea,Mile 17 Motor Park Market,Palm Oil & Condiments,Tuesday,January,1,0,0,0,0,0,6,2403.0,14418.0
2026-01-28,V009,Buea,Mile 17 Motor Park Market,Palm Oil & Condiments,Wednesday,January,1,0,0,0,0,0,6,3011.0,18068.0
2026-01-29,V009,Buea,Mile 17 Motor Park Market,Palm Oil & Condiments,Thursday,January,1,0,0,0,0,1,11,1747.0,19214.0
2026-01-30,V009,Buea,Mile 17 Motor Park Market,Palm Oil & Condiments,Friday,January,1,0,0,0,0,1,17,1914.0,32536.0
2026-01-31,V009,Buea,Mile 17 Motor Park Market,Palm Oil & Condiments,Saturday,January,1,1,0,0,0,1,13,2331.0,30306.0
2026-02-01,V009,Buea,Mile 17 Motor Park Market,Palm Oil & Condiments,Sunday,February,2,1,0,0,0,0,8,1571.0,12570.0
2026-02-02,V009,Buea,Mile 17 Motor Park Market,Palm Oil & Condiments,Monday,February,2,0,0,0,0,0,10,1435.0,14348.0
2026-02-03,V009,Buea,Mile 17 Motor Park Market,Palm Oil & Condiments,Tuesday,February,2,0,0,0,0,0,7,1685.0,11792.0
2026-02-04,V009,Buea,Mile 17 Motor Park Market,Palm Oil & Condiments,Wednesday,February,2,0,0,0,0,0,13,1685.0,21910.0
2026-02-05,V009,Buea,Mile 17 Motor Park Market,Palm Oil & Condiments,Thursday,February,2,0,0,0,0,0,9,1935.0,17418.0
2026-02-06,V009,Buea,Mile 17 Motor Park Market,Palm Oil & Condiments,Friday,February,2,0,0,0,0,0,11,1388.0,15266.0
2026-02-07,V009,Buea,Mile 17 Motor Park Market,Palm Oil & Condiments,Saturday,February,2,1,0,0,1,0,15,1752.0,26278.0
2026-02-08,V009,Buea,Mile 17 Motor Park Market,Palm Oil & Condiments,Sunday,February,2,1,0,0,0,0,5,2919.0,14593.0
2026-02-09,V009,Buea,Mile 17 Motor Park Market,Palm Oil & Condiments,Monday,February,2,0,0,0,0,0,9,2066.0,18596.0
2026-02-10,V009,Buea,Mile 17 Motor Park Market,Palm Oil & Condiments,Tuesday,February,2,0,0,0,0,0,10,1961.0,19613.0
2026-02-11,V009,Buea,Mile 17 Motor Park Market,Palm Oil & Condiments,Wednesday,February,2,0,1,0,0,0,9,1560.0,14043.0
2026-02-12,V009,Buea,Mile 17 Motor Park Market,Palm Oil & Condiments,Thursday,February,2,0,0,0,0,0,9,1656.0,14903.0
2026-02-13,V009,Buea,Mile 17 Motor Park Market,Palm Oil & Condiments,Friday,February,2,0,0,0,0,0,8,2543.0,20347.0
2026-02-14,V009,Buea,Mile 17 Motor Park Market,Palm Oil & Condiments,Saturday,February,2,1,0,0,0,0,18,1422.0,25604.0
2026-02-15,V009,Buea,Mile 17 Motor Park Market,Palm Oil & Condiments,Sunday,February,2,1,0,0,0,0,11,1921.0,21128.0
2026-02-16,V009,Buea,Mile 17 Motor Park Market,Palm Oil & Condiments,Monday,February,2,0,0,0,0,0,10,1743.0,17430.0
2026-02-17,V009,Buea,Mile 17 Motor Park Market,Palm Oil & Condiments,Tuesday,February,2,0,0,0,0,0,6,2613.0,15679.0
2026-02-18,V009,Buea,Mile 17 Motor Park Market,Palm Oil & Condiments,Wednesday,February,2,0,0,0,0,0,11,1484.0,16324.0
2026-02-19,V009,Buea,Mile 17 Motor Park Market,Palm Oil & Condiments,Thursday,February,2,0,0,0,0,0,10,1426.0,14257.0
2026-02-20,V009,Buea,Mile 17 Motor Park Market,Palm Oil & Condiments,Friday,February,2,0,0,0,0,0,9,2214.0,19923.0
2026-02-21,V009,Buea,Mile 17 Motor Park Market,Palm Oil & Condiments,Saturday,February,2,1,0,0,1,0,18,1950.0,35102.0
2026-02-22,V009,Buea,Mile 17 Motor Park Market,Palm Oil & Condiments,Sunday,February,2,1,0,0,0,0,11,2015.0,22166.0
2026-02-23,V009,Buea,Mile 17 Motor Park Market,Palm Oil & Condiments,Monday,February,2,0,0,0,0,0,8,1776.0,14209.0
2026-02-24,V009,Buea,Mile 17 Motor Park Market,Palm Oil & Condiments,Tuesday,February,2,0,0,0,0,0,4,3978.0,15911.0
2026-02-25,V009,Buea,Mile 17 Motor Park Market,Palm Oil & Condiments,Wednesday,February,2,0,0,0,0,0,8,1599.0,12791.0
2026-02-26,V009,Buea,Mile 17 Motor Park Market,Palm Oil & Condiments,Thursday,February,2,0,0,0,0,1,9,2068.0,18610.0
2026-02-27,V009,Buea,Mile 17 Motor Park Market,Palm Oil & Condiments,Friday,February,2,0,0,0,0,1,7,2606.0,18240.0
2026-02-28,V009,Buea,Mile 17 Motor Park Market,Palm Oil & Condiments,Saturday,February,2,1,0,0,0,1,10,1987.0,19866.0
2026-03-01,V009,Buea,Mile 17 Motor Park Market,Palm Oil & Condiments,Sunday,March,3,1,0,0,0,0,7,2480.0,17360.0
2026-03-02,V009,Buea,Mile 17 Motor Park Market,Palm Oil & Condiments,Monday,March,3,0,0,0,0,0,8,1773.0,14187.0
2026-03-03,V009,Buea,Mile 17 Motor Park Market,Palm Oil & Condiments,Tuesday,March,3,0,0,0,0,0,9,2445.0,22008.0
2026-03-04,V009,Buea,Mile 17 Motor Park Market,Palm Oil & Condiments,Wednesday,March,3,0,0,0,0,0,12,1607.0,19283.0
2026-03-05,V009,Buea,Mile 17 Motor Park Market,Palm Oil & Condiments,Thursday,March,3,0,0,0,0,0,8,1800.0,14404.0
2026-03-06,V009,Buea,Mile 17 Motor Park Market,Palm Oil & Condiments,Friday,March,3,0,0,0,0,0,10,1865.0,18653.0
2026-03-07,V009,Buea,Mile 17 Motor Park Market,Palm Oil & Condiments,Saturday,March,3,1,0,0,1,0,22,1749.0,38488.0
2026-03-08,V009,Buea,Mile 17 Motor Park Market,Palm Oil & Condiments,Sunday,March,3,1,1,0,0,0,13,2037.0,26484.0
2026-03-09,V009,Buea,Mile 17 Motor Park Market,Palm Oil & Condiments,Monday,March,3,0,0,0,0,0,5,2199.0,10995.0
2026-03-10,V009,Buea,Mile 17 Motor Park Market,Palm Oil & Condiments,Tuesday,March,3,0,0,0,0,0,7,2680.0,18762.0
2026-03-11,V009,Buea,Mile 17 Motor Park Market,Palm Oil & Condiments,Wednesday,March,3,0,0,0,0,0,7,1849.0,12944.0
2026-03-12,V009,Buea,Mile 17 Motor Park Market,Palm Oil & Condiments,Thursday,March,3,0,0,0,0,0,6,2313.0,13880.0
2026-03-13,V009,Buea,Mile 17 Motor Park Market,Palm Oil & Condiments,Friday,March,3,0,0,0,0,0,7,2681.0,18768.0
2026-03-14,V009,Buea,Mile 17 Motor Park Market,Palm Oil & Condiments,Saturday,March,3,1,0,0,0,0,12,1738.0,20860.0
2026-03-15,V009,Buea,Mile 17 Motor Park Market,Palm Oil & Condiments,Sunday,March,3,1,0,0,0,0,5,3056.0,15280.0
2026-03-16,V009,Buea,Mile 17 Motor Park Market,Palm Oil & Condiments,Monday,March,3,0,0,0,0,0,8,1603.0,12823.0
2026-03-17,V009,Buea,Mile 17 Motor Park Market,Palm Oil & Condiments,Tuesday,March,3,0,0,0,0,0,7,2082.0,14573.0
2026-03-18,V009,Buea,Mile 17 Motor Park Market,Palm Oil & Condiments,Wednesday,March,3,0,0,0,0,0,5,3155.0,15777.0
2026-03-19,V009,Buea,Mile 17 Motor Park Market,Palm Oil & Condiments,Thursday,March,3,0,0,0,0,0,10,1812.0,18115.0
2026-03-20,V009,Buea,Mile 17 Motor Park Market,Palm Oil & Condiments,Friday,March,3,0,0,0,0,0,12,1568.0,18816.0
2026-03-21,V009,Buea,Mile 17 Motor Park Market,Palm Oil & Condiments,Saturday,March,3,1,0,0,1,0,15,1596.0,23945.0
2026-03-22,V009,Buea,Mile 17 Motor Park Market,Palm Oil & Condiments,Sunday,March,3,1,0,0,0,0,10,1988.0,19879.0
2026-03-23,V009,Buea,Mile 17 Motor Park Market,Palm Oil & Condiments,Monday,March,3,0,0,0,0,0,7,2044.0,14311.0
2026-03-24,V009,Buea,Mile 17 Motor Park Market,Palm Oil & Condiments,Tuesday,March,3,0,0,0,0,0,8,2351.0,18808.0
2026-03-25,V009,Buea,Mile 17 Motor Park Market,Palm Oil & Condiments,Wednesday,March,3,0,0,0,0,0,9,1516.0,13644.0
2026-03-26,V009,Buea,Mile 17 Motor Park Market,Palm Oil & Condiments,Thursday,March,3,0,0,0,0,0,10,1489.0,14887.0
2026-03-27,V009,Buea,Mile 17 Motor Park Market,Palm Oil & Condiments,Friday,March,3,0,0,0,0,0,14,1964.0,27503.0
2026-03-28,V009,Buea,Mile 17 Motor Park Market,Palm Oil & Condiments,Saturday,March,3,1,0,0,0,0,13,2162.0,28101.0
2026-03-29,V009,Buea,Mile 17 Motor Park Market,Palm Oil & Condiments,Sunday,March,3,1,0,0,0,1,14,1819.0,25469.0
2026-03-30,V009,Buea,Mile 17 Motor Park Market,Palm Oil & Condiments,Monday,March,3,0,0,0,0,1,8,2248.0,17985.0
2026-03-31,V009,Buea,Mile 17 Motor Park Market,Palm Oil & Condiments,Tuesday,March,3,0,0,0,0,1,8,1610.0,12876.0
2025-09-01,V010,Buea,Sandpit Market,Charcoal & Firewood,Monday,September,9,0,0,1,0,0,3,4331.0,12994.0
2025-09-02,V010,Buea,Sandpit Market,Charcoal & Firewood,Tuesday,September,9,0,0,1,0,0,11,1510.0,16614.0
2025-09-03,V010,Buea,Sandpit Market,Charcoal & Firewood,Wednesday,September,9,0,0,1,0,0,4,2128.0,8513.0
2025-09-04,V010,Buea,Sandpit Market,Charcoal & Firewood,Thursday,September,9,0,0,1,0,0,4,1958.0,7832.0
2025-09-05,V010,Buea,Sandpit Market,Charcoal & Firewood,Friday,September,9,0,0,1,0,0,6,1888.0,11331.0
2025-09-06,V010,Buea,Sandpit Market,Charcoal & Firewood,Saturday,September,9,1,0,1,1,0,15,1630.0,24443.0
2025-09-07,V010,Buea,Sandpit Market,Charcoal & Firewood,Sunday,September,9,1,0,1,0,0,9,1646.0,14818.0
2025-09-08,V010,Buea,Sandpit Market,Charcoal & Firewood,Monday,September,9,0,0,1,0,0,4,2940.0,11762.0
2025-09-09,V010,Buea,Sandpit Market,Charcoal & Firewood,Tuesday,September,9,0,0,1,0,0,11,1486.0,16349.0
2025-09-10,V010,Buea,Sandpit Market,Charcoal & Firewood,Wednesday,September,9,0,0,1,0,0,6,1839.0,11033.0
2025-09-11,V010,Buea,Sandpit Market,Charcoal & Firewood,Thursday,September,9,0,0,1,0,0,5,2511.0,12555.0
2025-09-12,V010,Buea,Sandpit Market,Charcoal & Firewood,Friday,September,9,0,0,1,0,0,6,1891.0,11346.0
2025-09-13,V010,Buea,Sandpit Market,Charcoal & Firewood,Saturday,September,9,1,0,1,0,0,10,1760.0,17602.0
2025-09-14,V010,Buea,Sandpit Market,Charcoal & Firewood,Sunday,September,9,1,0,1,0,0,8,1075.0,8602.0
2025-09-15,V010,Buea,Sandpit Market,Charcoal & Firewood,Monday,September,9,0,0,1,0,0,7,1642.0,11492.0
2025-09-16,V010,Buea,Sandpit Market,Charcoal & Firewood,Tuesday,September,9,0,0,1,0,0,6,1729.0,10376.0
2025-09-17,V010,Buea,Sandpit Market,Charcoal & Firewood,Wednesday,September,9,0,0,1,0,0,4,2480.0,9920.0
2025-09-18,V010,Buea,Sandpit Market,Charcoal & Firewood,Thursday,September,9,0,0,1,0,0,7,1657.0,11600.0
2025-09-19,V010,Buea,Sandpit Market,Charcoal & Firewood,Friday,September,9,0,0,1,0,0,8,1754.0,14029.0
2025-09-20,V010,Buea,Sandpit Market,Charcoal & Firewood,Saturday,September,9,1,0,1,1,0,11,2403.0,26436.0
2025-09-21,V010,Buea,Sandpit Market,Charcoal & Firewood,Sunday,September,9,1,0,1,0,0,7,1995.0,13967.0
2025-09-22,V010,Buea,Sandpit Market,Charcoal & Firewood,Monday,September,9,0,0,1,0,0,8,1487.0,11895.0
2025-09-23,V010,Buea,Sandpit Market,Charcoal & Firewood,Tuesday,September,9,0,0,1,0,0,10,1486.0,14865.0
2025-09-24,V010,Buea,Sandpit Market,Charcoal & Firewood,Wednesday,September,9,0,0,1,0,0,7,1491.0,10434.0
2025-09-25,V010,Buea,Sandpit Market,Charcoal & Firewood,Thursday,September,9,0,0,1,0,0,6,2288.0,13729.0
2025-09-26,V010,Buea,Sandpit Market,Charcoal & Firewood,Friday,September,9,0,0,1,0,0,7,1988.0,13915.0
2025-09-27,V010,Buea,Sandpit Market,Charcoal & Firewood,Saturday,September,9,1,0,1,0,0,12,1846.0,22151.0
2025-09-28,V010,Buea,Sandpit Market,Charcoal & Firewood,Sunday,September,9,1,0,1,0,1,6,3010.0,18060.0
2025-09-29,V010,Buea,Sandpit Market,Charcoal & Firewood,Monday,September,9,0,0,1,0,1,6,1854.0,11125.0
2025-09-30,V010,Buea,Sandpit Market,Charcoal & Firewood,Tuesday,September,9,0,0,1,0,1,7,2459.0,17216.0
2025-10-01,V010,Buea,Sandpit Market,Charcoal & Firewood,Wednesday,October,10,0,0,1,0,0,7,1449.0,10146.0
2025-10-02,V010,Buea,Sandpit Market,Charcoal & Firewood,Thursday,October,10,0,0,1,0,0,4,3009.0,12035.0
2025-10-03,V010,Buea,Sandpit Market,Charcoal & Firewood,Friday,October,10,0,0,1,0,0,9,1838.0,16539.0
2025-10-04,V010,Buea,Sandpit Market,Charcoal & Firewood,Saturday,October,10,1,0,1,1,0,4,4123.0,16494.0
2025-10-05,V010,Buea,Sandpit Market,Charcoal & Firewood,Sunday,October,10,1,0,1,0,0,9,1752.0,15771.0
2025-10-06,V010,Buea,Sandpit Market,Charcoal & Firewood,Monday,October,10,0,0,1,0,0,6,2016.0,12096.0
2025-10-07,V010,Buea,Sandpit Market,Charcoal & Firewood,Tuesday,October,10,0,0,1,0,0,3,4124.0,12373.0
2025-10-08,V010,Buea,Sandpit Market,Charcoal & Firewood,Wednesday,October,10,0,0,1,0,0,7,1684.0,11787.0
2025-10-09,V010,Buea,Sandpit Market,Charcoal & Firewood,Thursday,October,10,0,0,1,0,0,8,1359.0,10876.0
2025-10-10,V010,Buea,Sandpit Market,Charcoal & Firewood,Friday,October,10,0,0,1,0,0,6,1965.0,11791.0
2025-10-11,V010,Buea,Sandpit Market,Charcoal & Firewood,Saturday,October,10,1,0,1,0,0,9,1702.0,15315.0
2025-10-12,V010,Buea,Sandpit Market,Charcoal & Firewood,Sunday,October,10,1,0,1,0,0,9,1802.0,16214.0
2025-10-13,V010,Buea,Sandpit Market,Charcoal & Firewood,Monday,October,10,0,0,1,0,0,4,2491.0,9963.0
2025-10-14,V010,Buea,Sandpit Market,Charcoal & Firewood,Tuesday,October,10,0,0,1,0,0,3,3167.0,9500.0
2025-10-15,V010,Buea,Sandpit Market,Charcoal & Firewood,Wednesday,October,10,0,0,1,0,0,10,1387.0,13873.0
2025-10-16,V010,Buea,Sandpit Market,Charcoal & Firewood,Thursday,October,10,0,0,1,0,0,10,1495.0,14945.0
2025-10-17,V010,Buea,Sandpit Market,Charcoal & Firewood,Friday,October,10,0,0,1,0,0,5,2362.0,11811.0
2025-10-18,V010,Buea,Sandpit Market,Charcoal & Firewood,Saturday,October,10,1,0,1,1,0,13,1793.0,23308.0
2025-10-19,V010,Buea,Sandpit Market,Charcoal & Firewood,Sunday,October,10,1,0,1,0,0,7,1741.0,12188.0
2025-10-20,V010,Buea,Sandpit Market,Charcoal & Firewood,Monday,October,10,0,0,1,0,0,8,1297.0,10380.0
2025-10-21,V010,Buea,Sandpit Market,Charcoal & Firewood,Tuesday,October,10,0,0,1,0,0,9,1476.0,13288.0
2025-10-22,V010,Buea,Sandpit Market,Charcoal & Firewood,Wednesday,October,10,0,0,1,0,0,7,1594.0,11161.0
2025-10-23,V010,Buea,Sandpit Market,Charcoal & Firewood,Thursday,October,10,0,0,1,0,0,7,1901.0,13310.0
2025-10-24,V010,Buea,Sandpit Market,Charcoal & Firewood,Friday,October,10,0,0,1,0,0,6,1856.0,11139.0
2025-10-25,V010,Buea,Sandpit Market,Charcoal & Firewood,Saturday,October,10,1,0,1,0,0,8,2187.0,17496.0
2025-10-26,V010,Buea,Sandpit Market,Charcoal & Firewood,Sunday,October,10,1,0,1,0,0,7,2308.0,16159.0
2025-10-27,V010,Buea,Sandpit Market,Charcoal & Firewood,Monday,October,10,0,0,1,0,0,6,1485.0,8908.0
2025-10-28,V010,Buea,Sandpit Market,Charcoal & Firewood,Tuesday,October,10,0,0,1,0,0,10,1201.0,12012.0
2025-10-29,V010,Buea,Sandpit Market,Charcoal & Firewood,Wednesday,October,10,0,0,1,0,1,3,4243.0,12728.0
2025-10-30,V010,Buea,Sandpit Market,Charcoal & Firewood,Thursday,October,10,0,0,1,0,1,4,3107.0,12426.0
2025-10-31,V010,Buea,Sandpit Market,Charcoal & Firewood,Friday,October,10,0,0,1,0,1,10,1910.0,19099.0
2025-11-01,V010,Buea,Sandpit Market,Charcoal & Firewood,Saturday,November,11,1,0,0,1,0,13,1912.0,24856.0
2025-11-02,V010,Buea,Sandpit Market,Charcoal & Firewood,Sunday,November,11,1,0,0,0,0,7,2256.0,15793.0
2025-11-03,V010,Buea,Sandpit Market,Charcoal & Firewood,Monday,November,11,0,0,0,0,0,7,1576.0,11031.0
2025-11-04,V010,Buea,Sandpit Market,Charcoal & Firewood,Tuesday,November,11,0,0,0,0,0,7,1717.0,12021.0
2025-11-05,V010,Buea,Sandpit Market,Charcoal & Firewood,Wednesday,November,11,0,0,0,0,0,4,2565.0,10262.0
2025-11-06,V010,Buea,Sandpit Market,Charcoal & Firewood,Thursday,November,11,0,0,0,0,0,5,2316.0,11582.0
2025-11-07,V010,Buea,Sandpit Market,Charcoal & Firewood,Friday,November,11,0,0,0,0,0,10,2004.0,20042.0
2025-11-08,V010,Buea,Sandpit Market,Charcoal & Firewood,Saturday,November,11,1,0,0,0,0,9,1742.0,15678.0
2025-11-09,V010,Buea,Sandpit Market,Charcoal & Firewood,Sunday,November,11,1,0,0,0,0,8,2386.0,19090.0
2025-11-10,V010,Buea,Sandpit Market,Charcoal & Firewood,Monday,November,11,0,0,0,0,0,9,1764.0,15873.0
2025-11-11,V010,Buea,Sandpit Market,Charcoal & Firewood,Tuesday,November,11,0,0,0,0,0,10,1409.0,14092.0
2025-11-12,V010,Buea,Sandpit Market,Charcoal & Firewood,Wednesday,November,11,0,0,0,0,0,7,2064.0,14448.0
2025-11-13,V010,Buea,Sandpit Market,Charcoal & Firewood,Thursday,November,11,0,0,0,0,0,9,1776.0,15988.0
2025-11-14,V010,Buea,Sandpit Market,Charcoal & Firewood,Friday,November,11,0,0,0,0,0,13,1469.0,19098.0
2025-11-15,V010,Buea,Sandpit Market,Charcoal & Firewood,Saturday,November,11,1,0,0,1,0,11,1698.0,18676.0
2025-11-16,V010,Buea,Sandpit Market,Charcoal & Firewood,Sunday,November,11,1,0,0,0,0,8,1812.0,14498.0
2025-11-17,V010,Buea,Sandpit Market,Charcoal & Firewood,Monday,November,11,0,0,0,0,0,6,1898.0,11386.0
2025-11-18,V010,Buea,Sandpit Market,Charcoal & Firewood,Tuesday,November,11,0,0,0,0,0,5,3078.0,15391.0
2025-11-19,V010,Buea,Sandpit Market,Charcoal & Firewood,Wednesday,November,11,0,0,0,0,0,3,2965.0,8895.0
2025-11-20,V010,Buea,Sandpit Market,Charcoal & Firewood,Thursday,November,11,0,0,0,0,0,7,2224.0,15566.0
2025-11-21,V010,Buea,Sandpit Market,Charcoal & Firewood,Friday,November,11,0,0,0,0,0,8,2009.0,16072.0
2025-11-22,V010,Buea,Sandpit Market,Charcoal & Firewood,Saturday,November,11,1,0,0,0,0,10,1642.0,16421.0
2025-11-23,V010,Buea,Sandpit Market,Charcoal & Firewood,Sunday,November,11,1,0,0,0,0,7,2092.0,14641.0
2025-11-24,V010,Buea,Sandpit Market,Charcoal & Firewood,Monday,November,11,0,0,0,0,0,7,1658.0,11605.0
2025-11-25,V010,Buea,Sandpit Market,Charcoal & Firewood,Tuesday,November,11,0,0,0,0,0,7,1406.0,9845.0
2025-11-26,V010,Buea,Sandpit Market,Charcoal & Firewood,Wednesday,November,11,0,0,0,0,0,5,3149.0,15744.0
2025-11-27,V010,Buea,Sandpit Market,Charcoal & Firewood,Thursday,November,11,0,0,0,0,0,6,2250.0,13500.0
2025-11-28,V010,Buea,Sandpit Market,Charcoal & Firewood,Friday,November,11,0,0,0,0,1,8,2559.0,20469.0
2025-11-29,V010,Buea,Sandpit Market,Charcoal & Firewood,Saturday,November,11,1,0,0,0,1,13,2284.0,29697.0
2025-11-30,V010,Buea,Sandpit Market,Charcoal & Firewood,Sunday,November,11,1,0,0,0,1,10,1649.0,16487.0
2025-12-01,V010,Buea,Sandpit Market,Charcoal & Firewood,Monday,December,12,0,0,0,0,0,3,3278.0,9835.0
2025-12-02,V010,Buea,Sandpit Market,Charcoal & Firewood,Tuesday,December,12,0,0,0,0,0,6,2029.0,12177.0
2025-12-03,V010,Buea,Sandpit Market,Charcoal & Firewood,Wednesday,December,12,0,0,0,0,0,8,1518.0,12140.0
2025-12-04,V010,Buea,Sandpit Market,Charcoal & Firewood,Thursday,December,12,0,0,0,0,0,7,1709.0,11961.0
2025-12-05,V010,Buea,Sandpit Market,Charcoal & Firewood,Friday,December,12,0,0,0,0,0,6,2388.0,14326.0
2025-12-06,V010,Buea,Sandpit Market,Charcoal & Firewood,Saturday,December,12,1,0,0,1,0,10,2159.0,21593.0
2025-12-07,V010,Buea,Sandpit Market,Charcoal & Firewood,Sunday,December,12,1,0,0,0,0,10,1382.0,13818.0
2025-12-08,V010,Buea,Sandpit Market,Charcoal & Firewood,Monday,December,12,0,0,0,0,0,4,2658.0,10631.0
2025-12-09,V010,Buea,Sandpit Market,Charcoal & Firewood,Tuesday,December,12,0,0,0,0,0,6,1960.0,11759.0
2025-12-10,V010,Buea,Sandpit Market,Charcoal & Firewood,Wednesday,December,12,0,0,0,0,0,4,2449.0,9795.0
2025-12-11,V010,Buea,Sandpit Market,Charcoal & Firewood,Thursday,December,12,0,0,0,0,0,6,2014.0,12081.0
2025-12-12,V010,Buea,Sandpit Market,Charcoal & Firewood,Friday,December,12,0,0,0,0,0,10,1788.0,17884.0
2025-12-13,V010,Buea,Sandpit Market,Charcoal & Firewood,Saturday,December,12,1,0,0,0,0,13,1848.0,24026.0
2025-12-14,V010,Buea,Sandpit Market,Charcoal & Firewood,Sunday,December,12,1,0,0,0,0,10,2062.0,20624.0
2025-12-15,V010,Buea,Sandpit Market,Charcoal & Firewood,Monday,December,12,0,0,0,0,0,6,1615.0,9689.0
2025-12-16,V010,Buea,Sandpit Market,Charcoal & Firewood,Tuesday,December,12,0,0,0,0,0,5,2991.0,14955.0
2025-12-17,V010,Buea,Sandpit Market,Charcoal & Firewood,Wednesday,December,12,0,0,0,0,0,5,2341.0,11705.0
2025-12-18,V010,Buea,Sandpit Market,Charcoal & Firewood,Thursday,December,12,0,0,0,0,0,7,1882.0,13175.0
2025-12-19,V010,Buea,Sandpit Market,Charcoal & Firewood,Friday,December,12,0,0,0,0,0,10,1999.0,19995.0
2025-12-20,V010,Buea,Sandpit Market,Charcoal & Firewood,Saturday,December,12,1,0,0,1,0,15,1941.0,29110.0
2025-12-21,V010,Buea,Sandpit Market,Charcoal & Firewood,Sunday,December,12,1,0,0,0,0,10,1770.0,17700.0
2025-12-22,V010,Buea,Sandpit Market,Charcoal & Firewood,Monday,December,12,0,0,0,0,0,5,3039.0,15194.0
2025-12-23,V010,Buea,Sandpit Market,Charcoal & Firewood,Tuesday,December,12,0,0,0,0,0,8,1186.0,9488.0
2025-12-24,V010,Buea,Sandpit Market,Charcoal & Firewood,Wednesday,December,12,0,0,0,0,0,4,2657.0,10628.0
2025-12-25,V010,Buea,Sandpit Market,Charcoal & Firewood,Thursday,December,12,0,1,0,0,0,9,1523.0,13710.0
2025-12-26,V010,Buea,Sandpit Market,Charcoal & Firewood,Friday,December,12,0,0,0,0,0,7,1789.0,12524.0
2025-12-27,V010,Buea,Sandpit Market,Charcoal & Firewood,Saturday,December,12,1,0,0,0,0,12,1530.0,18362.0
2025-12-28,V010,Buea,Sandpit Market,Charcoal & Firewood,Sunday,December,12,1,0,0,0,0,8,1692.0,13535.0
2025-12-29,V010,Buea,Sandpit Market,Charcoal & Firewood,Monday,December,12,0,0,0,0,1,10,1037.0,10365.0
2025-12-30,V010,Buea,Sandpit Market,Charcoal & Firewood,Tuesday,December,12,0,0,0,0,1,7,1841.0,12886.0
2025-12-31,V010,Buea,Sandpit Market,Charcoal & Firewood,Wednesday,December,12,0,0,0,0,1,9,2087.0,18785.0
2026-01-01,V010,Buea,Sandpit Market,Charcoal & Firewood,Thursday,January,1,0,1,0,0,0,11,1970.0,21669.0
2026-01-02,V010,Buea,Sandpit Market,Charcoal & Firewood,Friday,January,1,0,0,0,0,0,8,2214.0,17711.0
2026-01-03,V010,Buea,Sandpit Market,Charcoal & Firewood,Saturday,January,1,1,0,0,1,0,10,1781.0,17806.0
2026-01-04,V010,Buea,Sandpit Market,Charcoal & Firewood,Sunday,January,1,1,0,0,0,0,6,2802.0,16810.0
2026-01-05,V010,Buea,Sandpit Market,Charcoal & Firewood,Monday,January,1,0,0,0,0,0,8,1316.0,10530.0
2026-01-06,V010,Buea,Sandpit Market,Charcoal & Firewood,Tuesday,January,1,0,0,0,0,0,6,2172.0,13034.0
2026-01-07,V010,Buea,Sandpit Market,Charcoal & Firewood,Wednesday,January,1,0,0,0,0,0,9,1210.0,10891.0
2026-01-08,V010,Buea,Sandpit Market,Charcoal & Firewood,Thursday,January,1,0,0,0,0,0,5,1979.0,9896.0
2026-01-09,V010,Buea,Sandpit Market,Charcoal & Firewood,Friday,January,1,0,0,0,0,0,9,1340.0,12057.0
2026-01-10,V010,Buea,Sandpit Market,Charcoal & Firewood,Saturday,January,1,1,0,0,0,0,11,1749.0,19236.0
2026-01-11,V010,Buea,Sandpit Market,Charcoal & Firewood,Sunday,January,1,1,0,0,0,0,12,2055.0,24660.0
2026-01-12,V010,Buea,Sandpit Market,Charcoal & Firewood,Monday,January,1,0,0,0,0,0,7,2178.0,15245.0
2026-01-13,V010,Buea,Sandpit Market,Charcoal & Firewood,Tuesday,January,1,0,0,0,0,0,11,1020.0,11218.0
2026-01-14,V010,Buea,Sandpit Market,Charcoal & Firewood,Wednesday,January,1,0,0,0,0,0,3,3927.0,11781.0
2026-01-15,V010,Buea,Sandpit Market,Charcoal & Firewood,Thursday,January,1,0,0,0,0,0,7,1930.0,13509.0
2026-01-16,V010,Buea,Sandpit Market,Charcoal & Firewood,Friday,January,1,0,0,0,0,0,9,1863.0,16766.0
2026-01-17,V010,Buea,Sandpit Market,Charcoal & Firewood,Saturday,January,1,1,0,0,1,0,19,1782.0,33866.0
2026-01-18,V010,Buea,Sandpit Market,Charcoal & Firewood,Sunday,January,1,1,0,0,0,0,7,1764.0,12345.0
2026-01-19,V010,Buea,Sandpit Market,Charcoal & Firewood,Monday,January,1,0,0,0,0,0,4,2409.0,9637.0
2026-01-20,V010,Buea,Sandpit Market,Charcoal & Firewood,Tuesday,January,1,0,0,0,0,0,9,1103.0,9931.0
2026-01-21,V010,Buea,Sandpit Market,Charcoal & Firewood,Wednesday,January,1,0,0,0,0,0,7,1530.0,10708.0
2026-01-22,V010,Buea,Sandpit Market,Charcoal & Firewood,Thursday,January,1,0,0,0,0,0,4,3029.0,12114.0
2026-01-23,V010,Buea,Sandpit Market,Charcoal & Firewood,Friday,January,1,0,0,0,0,0,9,1807.0,16263.0
2026-01-24,V010,Buea,Sandpit Market,Charcoal & Firewood,Saturday,January,1,1,0,0,0,0,6,3550.0,21299.0
2026-01-25,V010,Buea,Sandpit Market,Charcoal & Firewood,Sunday,January,1,1,0,0,0,0,8,1499.0,11995.0
2026-01-26,V010,Buea,Sandpit Market,Charcoal & Firewood,Monday,January,1,0,0,0,0,0,5,1885.0,9424.0
2026-01-27,V010,Buea,Sandpit Market,Charcoal & Firewood,Tuesday,January,1,0,0,0,0,0,6,1555.0,9329.0
2026-01-28,V010,Buea,Sandpit Market,Charcoal & Firewood,Wednesday,January,1,0,0,0,0,0,9,1593.0,14341.0
2026-01-29,V010,Buea,Sandpit Market,Charcoal & Firewood,Thursday,January,1,0,0,0,0,1,13,1368.0,17783.0
2026-01-30,V010,Buea,Sandpit Market,Charcoal & Firewood,Friday,January,1,0,0,0,0,1,6,2435.0,14610.0
2026-01-31,V010,Buea,Sandpit Market,Charcoal & Firewood,Saturday,January,1,1,0,0,0,1,16,1627.0,26034.0
2026-02-01,V010,Buea,Sandpit Market,Charcoal & Firewood,Sunday,February,2,1,0,0,0,0,5,2654.0,13269.0
2026-02-02,V010,Buea,Sandpit Market,Charcoal & Firewood,Monday,February,2,0,0,0,0,0,3,3299.0,9896.0
2026-02-03,V010,Buea,Sandpit Market,Charcoal & Firewood,Tuesday,February,2,0,0,0,0,0,3,3102.0,9306.0
2026-02-04,V010,Buea,Sandpit Market,Charcoal & Firewood,Wednesday,February,2,0,0,0,0,0,6,1917.0,11502.0
2026-02-05,V010,Buea,Sandpit Market,Charcoal & Firewood,Thursday,February,2,0,0,0,0,0,6,2314.0,13883.0
2026-02-06,V010,Buea,Sandpit Market,Charcoal & Firewood,Friday,February,2,0,0,0,0,0,8,1798.0,14385.0
2026-02-07,V010,Buea,Sandpit Market,Charcoal & Firewood,Saturday,February,2,1,0,0,1,0,11,1578.0,17363.0
2026-02-08,V010,Buea,Sandpit Market,Charcoal & Firewood,Sunday,February,2,1,0,0,0,0,9,2098.0,18881.0
2026-02-09,V010,Buea,Sandpit Market,Charcoal & Firewood,Monday,February,2,0,0,0,0,0,8,1295.0,10358.0
2026-02-10,V010,Buea,Sandpit Market,Charcoal & Firewood,Tuesday,February,2,0,0,0,0,0,7,1635.0,11443.0
2026-02-11,V010,Buea,Sandpit Market,Charcoal & Firewood,Wednesday,February,2,0,1,0,0,0,11,1355.0,14909.0
2026-02-12,V010,Buea,Sandpit Market,Charcoal & Firewood,Thursday,February,2,0,0,0,0,0,8,1753.0,14025.0
2026-02-13,V010,Buea,Sandpit Market,Charcoal & Firewood,Friday,February,2,0,0,0,0,0,8,2172.0,17378.0
2026-02-14,V010,Buea,Sandpit Market,Charcoal & Firewood,Saturday,February,2,1,0,0,0,0,11,1611.0,17720.0
2026-02-15,V010,Buea,Sandpit Market,Charcoal & Firewood,Sunday,February,2,1,0,0,0,0,6,2554.0,15326.0
2026-02-16,V010,Buea,Sandpit Market,Charcoal & Firewood,Monday,February,2,0,0,0,0,0,10,1559.0,15591.0
2026-02-17,V010,Buea,Sandpit Market,Charcoal & Firewood,Tuesday,February,2,0,0,0,0,0,5,2356.0,11779.0
2026-02-18,V010,Buea,Sandpit Market,Charcoal & Firewood,Wednesday,February,2,0,0,0,0,0,8,1571.0,12569.0
2026-02-19,V010,Buea,Sandpit Market,Charcoal & Firewood,Thursday,February,2,0,0,0,0,0,9,990.0,8906.0
2026-02-20,V010,Buea,Sandpit Market,Charcoal & Firewood,Friday,February,2,0,0,0,0,0,7,1945.0,13614.0
2026-02-21,V010,Buea,Sandpit Market,Charcoal & Firewood,Saturday,February,2,1,0,0,1,0,16,1429.0,22871.0
2026-02-22,V010,Buea,Sandpit Market,Charcoal & Firewood,Sunday,February,2,1,0,0,0,0,11,1340.0,14745.0
2026-02-23,V010,Buea,Sandpit Market,Charcoal & Firewood,Monday,February,2,0,0,0,0,0,4,2993.0,11974.0
2026-02-24,V010,Buea,Sandpit Market,Charcoal & Firewood,Tuesday,February,2,0,0,0,0,0,6,1998.0,11987.0
2026-02-25,V010,Buea,Sandpit Market,Charcoal & Firewood,Wednesday,February,2,0,0,0,0,0,6,1663.0,9978.0
2026-02-26,V010,Buea,Sandpit Market,Charcoal & Firewood,Thursday,February,2,0,0,0,0,1,9,1647.0,14826.0
2026-02-27,V010,Buea,Sandpit Market,Charcoal & Firewood,Friday,February,2,0,0,0,0,1,9,2076.0,18688.0
2026-02-28,V010,Buea,Sandpit Market,Charcoal & Firewood,Saturday,February,2,1,0,0,0,1,12,2120.0,25436.0
2026-03-01,V010,Buea,Sandpit Market,Charcoal & Firewood,Sunday,March,3,1,0,0,0,0,5,1715.0,8575.0
2026-03-02,V010,Buea,Sandpit Market,Charcoal & Firewood,Monday,March,3,0,0,0,0,0,6,1679.0,10072.0
2026-03-03,V010,Buea,Sandpit Market,Charcoal & Firewood,Tuesday,March,3,0,0,0,0,0,13,1290.0,16766.0
2026-03-04,V010,Buea,Sandpit Market,Charcoal & Firewood,Wednesday,March,3,0,0,0,0,0,4,2943.0,11772.0
2026-03-05,V010,Buea,Sandpit Market,Charcoal & Firewood,Thursday,March,3,0,0,0,0,0,7,2038.0,14266.0
2026-03-06,V010,Buea,Sandpit Market,Charcoal & Firewood,Friday,March,3,0,0,0,0,0,8,2105.0,16841.0
2026-03-07,V010,Buea,Sandpit Market,Charcoal & Firewood,Saturday,March,3,1,0,0,1,0,11,2162.0,23777.0
2026-03-08,V010,Buea,Sandpit Market,Charcoal & Firewood,Sunday,March,3,1,1,0,0,0,11,2107.0,23175.0
2026-03-09,V010,Buea,Sandpit Market,Charcoal & Firewood,Monday,March,3,0,0,0,0,0,4,3134.0,12535.0
2026-03-10,V010,Buea,Sandpit Market,Charcoal & Firewood,Tuesday,March,3,0,0,0,0,0,5,2693.0,13466.0
2026-03-11,V010,Buea,Sandpit Market,Charcoal & Firewood,Wednesday,March,3,0,0,0,0,0,9,1412.0,12711.0
2026-03-12,V010,Buea,Sandpit Market,Charcoal & Firewood,Thursday,March,3,0,0,0,0,0,4,3097.0,12387.0
2026-03-13,V010,Buea,Sandpit Market,Charcoal & Firewood,Friday,March,3,0,0,0,0,0,7,2452.0,17162.0
2026-03-14,V010,Buea,Sandpit Market,Charcoal & Firewood,Saturday,March,3,1,0,0,0,0,10,1791.0,17909.0
2026-03-15,V010,Buea,Sandpit Market,Charcoal & Firewood,Sunday,March,3,1,0,0,0,0,10,1914.0,19138.0
2026-03-16,V010,Buea,Sandpit Market,Charcoal & Firewood,Monday,March,3,0,0,0,0,0,7,1596.0,11175.0
2026-03-17,V010,Buea,Sandpit Market,Charcoal & Firewood,Tuesday,March,3,0,0,0,0,0,7,1687.0,11806.0
2026-03-18,V010,Buea,Sandpit Market,Charcoal & Firewood,Wednesday,March,3,0,0,0,0,0,7,2104.0,14726.0
2026-03-19,V010,Buea,Sandpit Market,Charcoal & Firewood,Thursday,March,3,0,0,0,0,0,3,2374.0,7122.0
2026-03-20,V010,Buea,Sandpit Market,Charcoal & Firewood,Friday,March,3,0,0,0,0,0,10,1951.0,19509.0
2026-03-21,V010,Buea,Sandpit Market,Charcoal & Firewood,Saturday,March,3,1,0,0,1,0,14,1527.0,21382.0
2026-03-22,V010,Buea,Sandpit Market,Charcoal & Firewood,Sunday,March,3,1,0,0,0,0,3,4903.0,14710.0
2026-03-23,V010,Buea,Sandpit Market,Charcoal & Firewood,Monday,March,3,0,0,0,0,0,5,1697.0,8487.0
2026-03-24,V010,Buea,Sandpit Market,Charcoal & Firewood,Tuesday,March,3,0,0,0,0,0,9,1284.0,11559.0
2026-03-25,V010,Buea,Sandpit Market,Charcoal & Firewood,Wednesday,March,3,0,0,0,0,0,5,2126.0,10628.0
2026-03-26,V010,Buea,Sandpit Market,Charcoal & Firewood,Thursday,March,3,0,0,0,0,0,5,2190.0,10951.0
2026-03-27,V010,Buea,Sandpit Market,Charcoal & Firewood,Friday,March,3,0,0,0,0,0,5,2233.0,11165.0
2026-03-28,V010,Buea,Sandpit Market,Charcoal & Firewood,Saturday,March,3,1,0,0,0,0,10,1908.0,19082.0
2026-03-29,V010,Buea,Sandpit Market,Charcoal & Firewood,Sunday,March,3,1,0,0,0,1,17,1492.0,25367.0
2026-03-30,V010,Buea,Sandpit Market,Charcoal & Firewood,Monday,March,3,0,0,0,0,1,3,3727.0,11180.0
2026-03-31,V010,Buea,Sandpit Market,Charcoal & Firewood,Tuesday,March,3,0,0,0,0,1,8,1652.0,13216.0
2025-09-01,V011,Buea,Mile 17 Motor Park Market,Cooked Street Food (Soya/Beignets),Monday,September,9,0,0,1,0,0,5,2962.0,14810.0
2025-09-02,V011,Buea,Mile 17 Motor Park Market,Cooked Street Food (Soya/Beignets),Tuesday,September,9,0,0,1,0,0,9,2322.0,20898.0
2025-09-03,V011,Buea,Mile 17 Motor Park Market,Cooked Street Food (Soya/Beignets),Wednesday,September,9,0,0,1,0,0,11,1989.0,21877.0
2025-09-04,V011,Buea,Mile 17 Motor Park Market,Cooked Street Food (Soya/Beignets),Thursday,September,9,0,0,1,0,0,8,1744.0,13953.0
2025-09-05,V011,Buea,Mile 17 Motor Park Market,Cooked Street Food (Soya/Beignets),Friday,September,9,0,0,1,0,0,14,1878.0,26298.0
2025-09-06,V011,Buea,Mile 17 Motor Park Market,Cooked Street Food (Soya/Beignets),Saturday,September,9,1,0,1,1,0,17,1575.0,26776.0
2025-09-07,V011,Buea,Mile 17 Motor Park Market,Cooked Street Food (Soya/Beignets),Sunday,September,9,1,0,1,0,0,12,1924.0,23085.0
2025-09-08,V011,Buea,Mile 17 Motor Park Market,Cooked Street Food (Soya/Beignets),Monday,September,9,0,0,1,0,0,10,1994.0,19943.0
2025-09-09,V011,Buea,Mile 17 Motor Park Market,Cooked Street Food (Soya/Beignets),Tuesday,September,9,0,0,1,0,0,10,2190.0,21904.0
2025-09-10,V011,Buea,Mile 17 Motor Park Market,Cooked Street Food (Soya/Beignets),Wednesday,September,9,0,0,1,0,0,10,1796.0,17962.0
2025-09-11,V011,Buea,Mile 17 Motor Park Market,Cooked Street Food (Soya/Beignets),Thursday,September,9,0,0,1,0,0,12,1660.0,19915.0
2025-09-12,V011,Buea,Mile 17 Motor Park Market,Cooked Street Food (Soya/Beignets),Friday,September,9,0,0,1,0,0,11,1955.0,21505.0
2025-09-13,V011,Buea,Mile 17 Motor Park Market,Cooked Street Food (Soya/Beignets),Saturday,September,9,1,0,1,0,0,17,2016.0,34271.0
2025-09-14,V011,Buea,Mile 17 Motor Park Market,Cooked Street Food (Soya/Beignets),Sunday,September,9,1,0,1,0,0,10,2292.0,22918.0
2025-09-15,V011,Buea,Mile 17 Motor Park Market,Cooked Street Food (Soya/Beignets),Monday,September,9,0,0,1,0,0,13,1674.0,21766.0
2025-09-16,V011,Buea,Mile 17 Motor Park Market,Cooked Street Food (Soya/Beignets),Tuesday,September,9,0,0,1,0,0,8,2003.0,16026.0
2025-09-17,V011,Buea,Mile 17 Motor Park Market,Cooked Street Food (Soya/Beignets),Wednesday,September,9,0,0,1,0,0,10,1738.0,17378.0
2025-09-18,V011,Buea,Mile 17 Motor Park Market,Cooked Street Food (Soya/Beignets),Thursday,September,9,0,0,1,0,0,16,1938.0,31012.0
2025-09-19,V011,Buea,Mile 17 Motor Park Market,Cooked Street Food (Soya/Beignets),Friday,September,9,0,0,1,0,0,21,1466.0,30780.0
2025-09-20,V011,Buea,Mile 17 Motor Park Market,Cooked Street Food (Soya/Beignets),Saturday,September,9,1,0,1,1,0,16,1754.0,28072.0
2025-09-21,V011,Buea,Mile 17 Motor Park Market,Cooked Street Food (Soya/Beignets),Sunday,September,9,1,0,1,0,0,10,2180.0,21802.0
2025-09-22,V011,Buea,Mile 17 Motor Park Market,Cooked Street Food (Soya/Beignets),Monday,September,9,0,0,1,0,0,5,2429.0,12144.0
2025-09-23,V011,Buea,Mile 17 Motor Park Market,Cooked Street Food (Soya/Beignets),Tuesday,September,9,0,0,1,0,0,10,1920.0,19198.0
2025-09-24,V011,Buea,Mile 17 Motor Park Market,Cooked Street Food (Soya/Beignets),Wednesday,September,9,0,0,1,0,0,8,1921.0,15369.0
2025-09-25,V011,Buea,Mile 17 Motor Park Market,Cooked Street Food (Soya/Beignets),Thursday,September,9,0,0,1,0,0,22,1610.0,35423.0
2025-09-26,V011,Buea,Mile 17 Motor Park Market,Cooked Street Food (Soya/Beignets),Friday,September,9,0,0,1,0,0,11,2085.0,22934.0
2025-09-27,V011,Buea,Mile 17 Motor Park Market,Cooked Street Food (Soya/Beignets),Saturday,September,9,1,0,1,0,0,12,1759.0,21114.0
2025-09-28,V011,Buea,Mile 17 Motor Park Market,Cooked Street Food (Soya/Beignets),Sunday,September,9,1,0,1,0,1,16,1669.0,26702.0
2025-09-29,V011,Buea,Mile 17 Motor Park Market,Cooked Street Food (Soya/Beignets),Monday,September,9,0,0,1,0,1,14,1525.0,21354.0
2025-09-30,V011,Buea,Mile 17 Motor Park Market,Cooked Street Food (Soya/Beignets),Tuesday,September,9,0,0,1,0,1,13,1692.0,22000.0
2025-10-01,V011,Buea,Mile 17 Motor Park Market,Cooked Street Food (Soya/Beignets),Wednesday,October,10,0,0,1,0,0,9,2107.0,18961.0
2025-10-02,V011,Buea,Mile 17 Motor Park Market,Cooked Street Food (Soya/Beignets),Thursday,October,10,0,0,1,0,0,9,2064.0,18576.0
2025-10-03,V011,Buea,Mile 17 Motor Park Market,Cooked Street Food (Soya/Beignets),Friday,October,10,0,0,1,0,0,15,1728.0,25923.0
2025-10-04,V011,Buea,Mile 17 Motor Park Market,Cooked Street Food (Soya/Beignets),Saturday,October,10,1,0,1,1,0,11,2402.0,26425.0
2025-10-05,V011,Buea,Mile 17 Motor Park Market,Cooked Street Food (Soya/Beignets),Sunday,October,10,1,0,1,0,0,9,1918.0,17258.0
2025-10-06,V011,Buea,Mile 17 Motor Park Market,Cooked Street Food (Soya/Beignets),Monday,October,10,0,0,1,0,0,10,2193.0,21934.0
2025-10-07,V011,Buea,Mile 17 Motor Park Market,Cooked Street Food (Soya/Beignets),Tuesday,October,10,0,0,1,0,0,7,2469.0,17286.0
2025-10-08,V011,Buea,Mile 17 Motor Park Market,Cooked Street Food (Soya/Beignets),Wednesday,October,10,0,0,1,0,0,9,2013.0,18121.0
2025-10-09,V011,Buea,Mile 17 Motor Park Market,Cooked Street Food (Soya/Beignets),Thursday,October,10,0,0,1,0,0,8,2327.0,18618.0
2025-10-10,V011,Buea,Mile 17 Motor Park Market,Cooked Street Food (Soya/Beignets),Friday,October,10,0,0,1,0,0,10,1864.0,18635.0
2025-10-11,V011,Buea,Mile 17 Motor Park Market,Cooked Street Food (Soya/Beignets),Saturday,October,10,1,0,1,0,0,18,1545.0,27818.0
2025-10-12,V011,Buea,Mile 17 Motor Park Market,Cooked Street Food (Soya/Beignets),Sunday,October,10,1,0,1,0,0,15,1616.0,24239.0
2025-10-13,V011,Buea,Mile 17 Motor Park Market,Cooked Street Food (Soya/Beignets),Monday,October,10,0,0,1,0,0,9,2089.0,18800.0
2025-10-14,V011,Buea,Mile 17 Motor Park Market,Cooked Street Food (Soya/Beignets),Tuesday,October,10,0,0,1,0,0,12,1815.0,21774.0
2025-10-15,V011,Buea,Mile 17 Motor Park Market,Cooked Street Food (Soya/Beignets),Wednesday,October,10,0,0,1,0,0,15,1729.0,25941.0
2025-10-16,V011,Buea,Mile 17 Motor Park Market,Cooked Street Food (Soya/Beignets),Thursday,October,10,0,0,1,0,0,9,1843.0,16588.0
2025-10-17,V011,Buea,Mile 17 Motor Park Market,Cooked Street Food (Soya/Beignets),Friday,October,10,0,0,1,0,0,13,1766.0,22953.0
2025-10-18,V011,Buea,Mile 17 Motor Park Market,Cooked Street Food (Soya/Beignets),Saturday,October,10,1,0,1,1,0,16,2058.0,32921.0
2025-10-19,V011,Buea,Mile 17 Motor Park Market,Cooked Street Food (Soya/Beignets),Sunday,October,10,1,0,1,0,0,9,2829.0,25463.0
2025-10-20,V011,Buea,Mile 17 Motor Park Market,Cooked Street Food (Soya/Beignets),Monday,October,10,0,0,1,0,0,12,1751.0,21009.0
2025-10-21,V011,Buea,Mile 17 Motor Park Market,Cooked Street Food (Soya/Beignets),Tuesday,October,10,0,0,1,0,0,11,1485.0,16333.0
2025-10-22,V011,Buea,Mile 17 Motor Park Market,Cooked Street Food (Soya/Beignets),Wednesday,October,10,0,0,1,0,0,8,2281.0,18248.0
2025-10-23,V011,Buea,Mile 17 Motor Park Market,Cooked Street Food (Soya/Beignets),Thursday,October,10,0,0,1,0,0,12,1886.0,22629.0
2025-10-24,V011,Buea,Mile 17 Motor Park Market,Cooked Street Food (Soya/Beignets),Friday,October,10,0,0,1,0,0,20,1628.0,32569.0
2025-10-25,V011,Buea,Mile 17 Motor Park Market,Cooked Street Food (Soya/Beignets),Saturday,October,10,1,0,1,0,0,12,2228.0,26731.0
2025-10-26,V011,Buea,Mile 17 Motor Park Market,Cooked Street Food (Soya/Beignets),Sunday,October,10,1,0,1,0,0,13,1995.0,25937.0
2025-10-27,V011,Buea,Mile 17 Motor Park Market,Cooked Street Food (Soya/Beignets),Monday,October,10,0,0,1,0,0,13,1565.0,20340.0
2025-10-28,V011,Buea,Mile 17 Motor Park Market,Cooked Street Food (Soya/Beignets),Tuesday,October,10,0,0,1,0,0,11,1795.0,19750.0
2025-10-29,V011,Buea,Mile 17 Motor Park Market,Cooked Street Food (Soya/Beignets),Wednesday,October,10,0,0,1,0,1,13,1685.0,21908.0
2025-10-30,V011,Buea,Mile 17 Motor Park Market,Cooked Street Food (Soya/Beignets),Thursday,October,10,0,0,1,0,1,12,1886.0,22637.0
2025-10-31,V011,Buea,Mile 17 Motor Park Market,Cooked Street Food (Soya/Beignets),Friday,October,10,0,0,1,0,1,11,2034.0,22378.0
2025-11-01,V011,Buea,Mile 17 Motor Park Market,Cooked Street Food (Soya/Beignets),Saturday,November,11,1,0,0,1,0,19,1602.0,30429.0
2025-11-02,V011,Buea,Mile 17 Motor Park Market,Cooked Street Food (Soya/Beignets),Sunday,November,11,1,0,0,0,0,15,1502.0,22526.0
2025-11-03,V011,Buea,Mile 17 Motor Park Market,Cooked Street Food (Soya/Beignets),Monday,November,11,0,0,0,0,0,12,1936.0,23233.0
2025-11-04,V011,Buea,Mile 17 Motor Park Market,Cooked Street Food (Soya/Beignets),Tuesday,November,11,0,0,0,0,0,4,3868.0,15470.0
2025-11-05,V011,Buea,Mile 17 Motor Park Market,Cooked Street Food (Soya/Beignets),Wednesday,November,11,0,0,0,0,0,5,2950.0,14752.0
2025-11-06,V011,Buea,Mile 17 Motor Park Market,Cooked Street Food (Soya/Beignets),Thursday,November,11,0,0,0,0,0,14,1864.0,26092.0
2025-11-07,V011,Buea,Mile 17 Motor Park Market,Cooked Street Food (Soya/Beignets),Friday,November,11,0,0,0,0,0,10,2669.0,26691.0
2025-11-08,V011,Buea,Mile 17 Motor Park Market,Cooked Street Food (Soya/Beignets),Saturday,November,11,1,0,0,0,0,15,1641.0,24615.0
2025-11-09,V011,Buea,Mile 17 Motor Park Market,Cooked Street Food (Soya/Beignets),Sunday,November,11,1,0,0,0,0,13,1924.0,25010.0
2025-11-10,V011,Buea,Mile 17 Motor Park Market,Cooked Street Food (Soya/Beignets),Monday,November,11,0,0,0,0,0,14,1395.0,19533.0
2025-11-11,V011,Buea,Mile 17 Motor Park Market,Cooked Street Food (Soya/Beignets),Tuesday,November,11,0,0,0,0,0,10,1783.0,17826.0
2025-11-12,V011,Buea,Mile 17 Motor Park Market,Cooked Street Food (Soya/Beignets),Wednesday,November,11,0,0,0,0,0,15,1327.0,19906.0
2025-11-13,V011,Buea,Mile 17 Motor Park Market,Cooked Street Food (Soya/Beignets),Thursday,November,11,0,0,0,0,0,9,1550.0,13952.0
2025-11-14,V011,Buea,Mile 17 Motor Park Market,Cooked Street Food (Soya/Beignets),Friday,November,11,0,0,0,0,0,14,1741.0,24374.0
2025-11-15,V011,Buea,Mile 17 Motor Park Market,Cooked Street Food (Soya/Beignets),Saturday,November,11,1,0,0,1,0,17,1883.0,32014.0
2025-11-16,V011,Buea,Mile 17 Motor Park Market,Cooked Street Food (Soya/Beignets),Sunday,November,11,1,0,0,0,0,21,1286.0,26997.0
2025-11-17,V011,Buea,Mile 17 Motor Park Market,Cooked Street Food (Soya/Beignets),Monday,November,11,0,0,0,0,0,9,2267.0,20407.0
2025-11-18,V011,Buea,Mile 17 Motor Park Market,Cooked Street Food (Soya/Beignets),Tuesday,November,11,0,0,0,0,0,8,2148.0,17187.0
2025-11-19,V011,Buea,Mile 17 Motor Park Market,Cooked Street Food (Soya/Beignets),Wednesday,November,11,0,0,0,0,0,7,1988.0,13917.0
2025-11-20,V011,Buea,Mile 17 Motor Park Market,Cooked Street Food (Soya/Beignets),Thursday,November,11,0,0,0,0,0,10,2323.0,23230.0
2025-11-21,V011,Buea,Mile 17 Motor Park Market,Cooked Street Food (Soya/Beignets),Friday,November,11,0,0,0,0,0,17,1768.0,30052.0
2025-11-22,V011,Buea,Mile 17 Motor Park Market,Cooked Street Food (Soya/Beignets),Saturday,November,11,1,0,0,0,0,14,1911.0,26758.0
2025-11-23,V011,Buea,Mile 17 Motor Park Market,Cooked Street Food (Soya/Beignets),Sunday,November,11,1,0,0,0,0,19,1667.0,31670.0
2025-11-24,V011,Buea,Mile 17 Motor Park Market,Cooked Street Food (Soya/Beignets),Monday,November,11,0,0,0,0,0,9,1964.0,17672.0
2025-11-25,V011,Buea,Mile 17 Motor Park Market,Cooked Street Food (Soya/Beignets),Tuesday,November,11,0,0,0,0,0,9,2090.0,18807.0
2025-11-26,V011,Buea,Mile 17 Motor Park Market,Cooked Street Food (Soya/Beignets),Wednesday,November,11,0,0,0,0,0,11,1197.0,13164.0
2025-11-27,V011,Buea,Mile 17 Motor Park Market,Cooked Street Food (Soya/Beignets),Thursday,November,11,0,0,0,0,0,12,1745.0,20936.0
2025-11-28,V011,Buea,Mile 17 Motor Park Market,Cooked Street Food (Soya/Beignets),Friday,November,11,0,0,0,0,1,14,2023.0,28319.0
2025-11-29,V011,Buea,Mile 17 Motor Park Market,Cooked Street Food (Soya/Beignets),Saturday,November,11,1,0,0,0,1,15,2264.0,33963.0
2025-11-30,V011,Buea,Mile 17 Motor Park Market,Cooked Street Food (Soya/Beignets),Sunday,November,11,1,0,0,0,1,20,2058.0,41153.0
2025-12-01,V011,Buea,Mile 17 Motor Park Market,Cooked Street Food (Soya/Beignets),Monday,December,12,0,0,0,0,0,7,2093.0,14653.0
2025-12-02,V011,Buea,Mile 17 Motor Park Market,Cooked Street Food (Soya/Beignets),Tuesday,December,12,0,0,0,0,0,13,1799.0,23389.0
2025-12-03,V011,Buea,Mile 17 Motor Park Market,Cooked Street Food (Soya/Beignets),Wednesday,December,12,0,0,0,0,0,11,1399.0,15392.0
2025-12-04,V011,Buea,Mile 17 Motor Park Market,Cooked Street Food (Soya/Beignets),Thursday,December,12,0,0,0,0,0,13,1786.0,23222.0
2025-12-05,V011,Buea,Mile 17 Motor Park Market,Cooked Street Food (Soya/Beignets),Friday,December,12,0,0,0,0,0,20,1415.0,28304.0
2025-12-06,V011,Buea,Mile 17 Motor Park Market,Cooked Street Food (Soya/Beignets),Saturday,December,12,1,0,0,1,0,28,1907.0,53400.0
2025-12-07,V011,Buea,Mile 17 Motor Park Market,Cooked Street Food (Soya/Beignets),Sunday,December,12,1,0,0,0,0,18,1768.0,31816.0
2025-12-08,V011,Buea,Mile 17 Motor Park Market,Cooked Street Food (Soya/Beignets),Monday,December,12,0,0,0,0,0,7,2758.0,19303.0
2025-12-09,V011,Buea,Mile 17 Motor Park Market,Cooked Street Food (Soya/Beignets),Tuesday,December,12,0,0,0,0,0,8,2249.0,17989.0
2025-12-10,V011,Buea,Mile 17 Motor Park Market,Cooked Street Food (Soya/Beignets),Wednesday,December,12,0,0,0,0,0,14,1594.0,22318.0
2025-12-11,V011,Buea,Mile 17 Motor Park Market,Cooked Street Food (Soya/Beignets),Thursday,December,12,0,0,0,0,0,7,2002.0,14015.0
2025-12-12,V011,Buea,Mile 17 Motor Park Market,Cooked Street Food (Soya/Beignets),Friday,December,12,0,0,0,0,0,16,1903.0,30451.0
2025-12-13,V011,Buea,Mile 17 Motor Park Market,Cooked Street Food (Soya/Beignets),Saturday,December,12,1,0,0,0,0,20,1741.0,34821.0
2025-12-14,V011,Buea,Mile 17 Motor Park Market,Cooked Street Food (Soya/Beignets),Sunday,December,12,1,0,0,0,0,13,1943.0,25259.0
2025-12-15,V011,Buea,Mile 17 Motor Park Market,Cooked Street Food (Soya/Beignets),Monday,December,12,0,0,0,0,0,5,2835.0,14174.0
2025-12-16,V011,Buea,Mile 17 Motor Park Market,Cooked Street Food (Soya/Beignets),Tuesday,December,12,0,0,0,0,0,11,1916.0,21075.0
2025-12-17,V011,Buea,Mile 17 Motor Park Market,Cooked Street Food (Soya/Beignets),Wednesday,December,12,0,0,0,0,0,9,2084.0,18754.0
2025-12-18,V011,Buea,Mile 17 Motor Park Market,Cooked Street Food (Soya/Beignets),Thursday,December,12,0,0,0,0,0,12,1606.0,19271.0
2025-12-19,V011,Buea,Mile 17 Motor Park Market,Cooked Street Food (Soya/Beignets),Friday,December,12,0,0,0,0,0,10,2343.0,23426.0
2025-12-20,V011,Buea,Mile 17 Motor Park Market,Cooked Street Food (Soya/Beignets),Saturday,December,12,1,0,0,1,0,22,1873.0,41196.0
2025-12-21,V011,Buea,Mile 17 Motor Park Market,Cooked Street Food (Soya/Beignets),Sunday,December,12,1,0,0,0,0,16,1493.0,23887.0
2025-12-22,V011,Buea,Mile 17 Motor Park Market,Cooked Street Food (Soya/Beignets),Monday,December,12,0,0,0,0,0,10,1758.0,17579.0
2025-12-23,V011,Buea,Mile 17 Motor Park Market,Cooked Street Food (Soya/Beignets),Tuesday,December,12,0,0,0,0,0,7,2143.0,15003.0
2025-12-24,V011,Buea,Mile 17 Motor Park Market,Cooked Street Food (Soya/Beignets),Wednesday,December,12,0,0,0,0,0,8,2682.0,21457.0
2025-12-25,V011,Buea,Mile 17 Motor Park Market,Cooked Street Food (Soya/Beignets),Thursday,December,12,0,1,0,0,0,14,1885.0,26385.0
2025-12-26,V011,Buea,Mile 17 Motor Park Market,Cooked Street Food (Soya/Beignets),Friday,December,12,0,0,0,0,0,16,1567.0,25069.0
2025-12-27,V011,Buea,Mile 17 Motor Park Market,Cooked Street Food (Soya/Beignets),Saturday,December,12,1,0,0,0,0,20,1622.0,32433.0
2025-12-28,V011,Buea,Mile 17 Motor Park Market,Cooked Street Food (Soya/Beignets),Sunday,December,12,1,0,0,0,0,11,1806.0,19862.0
2025-12-29,V011,Buea,Mile 17 Motor Park Market,Cooked Street Food (Soya/Beignets),Monday,December,12,0,0,0,0,1,9,2289.0,20602.0
2025-12-30,V011,Buea,Mile 17 Motor Park Market,Cooked Street Food (Soya/Beignets),Tuesday,December,12,0,0,0,0,1,18,1408.0,25338.0
2025-12-31,V011,Buea,Mile 17 Motor Park Market,Cooked Street Food (Soya/Beignets),Wednesday,December,12,0,0,0,0,1,13,1696.0,22044.0
2026-01-01,V011,Buea,Mile 17 Motor Park Market,Cooked Street Food (Soya/Beignets),Thursday,January,1,0,1,0,0,0,12,2153.0,25839.0
2026-01-02,V011,Buea,Mile 17 Motor Park Market,Cooked Street Food (Soya/Beignets),Friday,January,1,0,0,0,0,0,8,2241.0,17930.0
2026-01-03,V011,Buea,Mile 17 Motor Park Market,Cooked Street Food (Soya/Beignets),Saturday,January,1,1,0,0,1,0,18,1558.0,28049.0
2026-01-04,V011,Buea,Mile 17 Motor Park Market,Cooked Street Food (Soya/Beignets),Sunday,January,1,1,0,0,0,0,12,1939.0,23265.0
2026-01-05,V011,Buea,Mile 17 Motor Park Market,Cooked Street Food (Soya/Beignets),Monday,January,1,0,0,0,0,0,9,2301.0,20707.0
2026-01-06,V011,Buea,Mile 17 Motor Park Market,Cooked Street Food (Soya/Beignets),Tuesday,January,1,0,0,0,0,0,9,1795.0,16158.0
2026-01-07,V011,Buea,Mile 17 Motor Park Market,Cooked Street Food (Soya/Beignets),Wednesday,January,1,0,0,0,0,0,13,1780.0,23139.0
2026-01-08,V011,Buea,Mile 17 Motor Park Market,Cooked Street Food (Soya/Beignets),Thursday,January,1,0,0,0,0,0,11,1935.0,21290.0
2026-01-09,V011,Buea,Mile 17 Motor Park Market,Cooked Street Food (Soya/Beignets),Friday,January,1,0,0,0,0,0,15,1783.0,26742.0
2026-01-10,V011,Buea,Mile 17 Motor Park Market,Cooked Street Food (Soya/Beignets),Saturday,January,1,1,0,0,0,0,14,1812.0,25370.0
2026-01-11,V011,Buea,Mile 17 Motor Park Market,Cooked Street Food (Soya/Beignets),Sunday,January,1,1,0,0,0,0,11,1780.0,19578.0
2026-01-12,V011,Buea,Mile 17 Motor Park Market,Cooked Street Food (Soya/Beignets),Monday,January,1,0,0,0,0,0,14,1156.0,16182.0
2026-01-13,V011,Buea,Mile 17 Motor Park Market,Cooked Street Food (Soya/Beignets),Tuesday,January,1,0,0,0,0,0,7,2631.0,18416.0
2026-01-14,V011,Buea,Mile 17 Motor Park Market,Cooked Street Food (Soya/Beignets),Wednesday,January,1,0,0,0,0,0,11,1706.0,18769.0
2026-01-15,V011,Buea,Mile 17 Motor Park Market,Cooked Street Food (Soya/Beignets),Thursday,January,1,0,0,0,0,0,14,1965.0,27515.0
2026-01-16,V011,Buea,Mile 17 Motor Park Market,Cooked Street Food (Soya/Beignets),Friday,January,1,0,0,0,0,0,12,1560.0,18715.0
2026-01-17,V011,Buea,Mile 17 Motor Park Market,Cooked Street Food (Soya/Beignets),Saturday,January,1,1,0,0,1,0,14,2008.0,28106.0
2026-01-18,V011,Buea,Mile 17 Motor Park Market,Cooked Street Food (Soya/Beignets),Sunday,January,1,1,0,0,0,0,12,1890.0,22676.0
2026-01-19,V011,Buea,Mile 17 Motor Park Market,Cooked Street Food (Soya/Beignets),Monday,January,1,0,0,0,0,0,9,2219.0,19975.0
2026-01-20,V011,Buea,Mile 17 Motor Park Market,Cooked Street Food (Soya/Beignets),Tuesday,January,1,0,0,0,0,0,9,1962.0,17657.0
2026-01-21,V011,Buea,Mile 17 Motor Park Market,Cooked Street Food (Soya/Beignets),Wednesday,January,1,0,0,0,0,0,11,1796.0,19753.0
2026-01-22,V011,Buea,Mile 17 Motor Park Market,Cooked Street Food (Soya/Beignets),Thursday,January,1,0,0,0,0,0,13,1694.0,22021.0
2026-01-23,V011,Buea,Mile 17 Motor Park Market,Cooked Street Food (Soya/Beignets),Friday,January,1,0,0,0,0,0,15,1780.0,26705.0
2026-01-24,V011,Buea,Mile 17 Motor Park Market,Cooked Street Food (Soya/Beignets),Saturday,January,1,1,0,0,0,0,12,1914.0,22970.0
2026-01-25,V011,Buea,Mile 17 Motor Park Market,Cooked Street Food (Soya/Beignets),Sunday,January,1,1,0,0,0,0,15,1726.0,25893.0
2026-01-26,V011,Buea,Mile 17 Motor Park Market,Cooked Street Food (Soya/Beignets),Monday,January,1,0,0,0,0,0,7,2225.0,15577.0
2026-01-27,V011,Buea,Mile 17 Motor Park Market,Cooked Street Food (Soya/Beignets),Tuesday,January,1,0,0,0,0,0,10,1673.0,16728.0
2026-01-28,V011,Buea,Mile 17 Motor Park Market,Cooked Street Food (Soya/Beignets),Wednesday,January,1,0,0,0,0,0,12,1930.0,23161.0
2026-01-29,V011,Buea,Mile 17 Motor Park Market,Cooked Street Food (Soya/Beignets),Thursday,January,1,0,0,0,0,1,15,1838.0,27570.0
2026-01-30,V011,Buea,Mile 17 Motor Park Market,Cooked Street Food (Soya/Beignets),Friday,January,1,0,0,0,0,1,15,1865.0,27982.0
2026-01-31,V011,Buea,Mile 17 Motor Park Market,Cooked Street Food (Soya/Beignets),Saturday,January,1,1,0,0,0,1,22,1826.0,40171.0
2026-02-01,V011,Buea,Mile 17 Motor Park Market,Cooked Street Food (Soya/Beignets),Sunday,February,2,1,0,0,0,0,18,1988.0,35777.0
2026-02-02,V011,Buea,Mile 17 Motor Park Market,Cooked Street Food (Soya/Beignets),Monday,February,2,0,0,0,0,0,9,2152.0,19369.0
2026-02-03,V011,Buea,Mile 17 Motor Park Market,Cooked Street Food (Soya/Beignets),Tuesday,February,2,0,0,0,0,0,8,1983.0,15862.0
2026-02-04,V011,Buea,Mile 17 Motor Park Market,Cooked Street Food (Soya/Beignets),Wednesday,February,2,0,0,0,0,0,16,1232.0,19709.0
2026-02-05,V011,Buea,Mile 17 Motor Park Market,Cooked Street Food (Soya/Beignets),Thursday,February,2,0,0,0,0,0,8,2462.0,19695.0
2026-02-06,V011,Buea,Mile 17 Motor Park Market,Cooked Street Food (Soya/Beignets),Friday,February,2,0,0,0,0,0,10,2614.0,26136.0
2026-02-07,V011,Buea,Mile 17 Motor Park Market,Cooked Street Food (Soya/Beignets),Saturday,February,2,1,0,0,1,0,19,1865.0,35444.0
2026-02-08,V011,Buea,Mile 17 Motor Park Market,Cooked Street Food (Soya/Beignets),Sunday,February,2,1,0,0,0,0,17,1612.0,27404.0
2026-02-09,V011,Buea,Mile 17 Motor Park Market,Cooked Street Food (Soya/Beignets),Monday,February,2,0,0,0,0,0,8,2014.0,16115.0
2026-02-10,V011,Buea,Mile 17 Motor Park Market,Cooked Street Food (Soya/Beignets),Tuesday,February,2,0,0,0,0,0,6,2693.0,16160.0
2026-02-11,V011,Buea,Mile 17 Motor Park Market,Cooked Street Food (Soya/Beignets),Wednesday,February,2,0,1,0,0,0,11,2310.0,25414.0
2026-02-12,V011,Buea,Mile 17 Motor Park Market,Cooked Street Food (Soya/Beignets),Thursday,February,2,0,0,0,0,0,8,2362.0,18895.0
2026-02-13,V011,Buea,Mile 17 Motor Park Market,Cooked Street Food (Soya/Beignets),Friday,February,2,0,0,0,0,0,18,1526.0,27471.0
2026-02-14,V011,Buea,Mile 17 Motor Park Market,Cooked Street Food (Soya/Beignets),Saturday,February,2,1,0,0,0,0,9,2684.0,24160.0
2026-02-15,V011,Buea,Mile 17 Motor Park Market,Cooked Street Food (Soya/Beignets),Sunday,February,2,1,0,0,0,0,12,1935.0,23224.0
2026-02-16,V011,Buea,Mile 17 Motor Park Market,Cooked Street Food (Soya/Beignets),Monday,February,2,0,0,0,0,0,9,2039.0,18353.0
2026-02-17,V011,Buea,Mile 17 Motor Park Market,Cooked Street Food (Soya/Beignets),Tuesday,February,2,0,0,0,0,0,10,1789.0,17891.0
2026-02-18,V011,Buea,Mile 17 Motor Park Market,Cooked Street Food (Soya/Beignets),Wednesday,February,2,0,0,0,0,0,8,2899.0,23188.0
2026-02-19,V011,Buea,Mile 17 Motor Park Market,Cooked Street Food (Soya/Beignets),Thursday,February,2,0,0,0,0,0,11,1732.0,19051.0
2026-02-20,V011,Buea,Mile 17 Motor Park Market,Cooked Street Food (Soya/Beignets),Friday,February,2,0,0,0,0,0,15,1406.0,21093.0
2026-02-21,V011,Buea,Mile 17 Motor Park Market,Cooked Street Food (Soya/Beignets),Saturday,February,2,1,0,0,1,0,17,1891.0,32141.0
2026-02-22,V011,Buea,Mile 17 Motor Park Market,Cooked Street Food (Soya/Beignets),Sunday,February,2,1,0,0,0,0,13,2019.0,26252.0
2026-02-23,V011,Buea,Mile 17 Motor Park Market,Cooked Street Food (Soya/Beignets),Monday,February,2,0,0,0,0,0,6,2109.0,12655.0
2026-02-24,V011,Buea,Mile 17 Motor Park Market,Cooked Street Food (Soya/Beignets),Tuesday,February,2,0,0,0,0,0,11,2030.0,22325.0
2026-02-25,V011,Buea,Mile 17 Motor Park Market,Cooked Street Food (Soya/Beignets),Wednesday,February,2,0,0,0,0,0,11,1501.0,16511.0
2026-02-26,V011,Buea,Mile 17 Motor Park Market,Cooked Street Food (Soya/Beignets),Thursday,February,2,0,0,0,0,1,11,2005.0,22059.0
2026-02-27,V011,Buea,Mile 17 Motor Park Market,Cooked Street Food (Soya/Beignets),Friday,February,2,0,0,0,0,1,17,1729.0,29396.0
2026-02-28,V011,Buea,Mile 17 Motor Park Market,Cooked Street Food (Soya/Beignets),Saturday,February,2,1,0,0,0,1,31,1739.0,53917.0
2026-03-01,V011,Buea,Mile 17 Motor Park Market,Cooked Street Food (Soya/Beignets),Sunday,March,3,1,0,0,0,0,15,1951.0,29266.0
2026-03-02,V011,Buea,Mile 17 Motor Park Market,Cooked Street Food (Soya/Beignets),Monday,March,3,0,0,0,0,0,8,1834.0,14669.0
2026-03-03,V011,Buea,Mile 17 Motor Park Market,Cooked Street Food (Soya/Beignets),Tuesday,March,3,0,0,0,0,0,8,2364.0,18910.0
2026-03-04,V011,Buea,Mile 17 Motor Park Market,Cooked Street Food (Soya/Beignets),Wednesday,March,3,0,0,0,0,0,11,1694.0,18631.0
2026-03-05,V011,Buea,Mile 17 Motor Park Market,Cooked Street Food (Soya/Beignets),Thursday,March,3,0,0,0,0,0,13,1671.0,21723.0
2026-03-06,V011,Buea,Mile 17 Motor Park Market,Cooked Street Food (Soya/Beignets),Friday,March,3,0,0,0,0,0,13,2017.0,26221.0
2026-03-07,V011,Buea,Mile 17 Motor Park Market,Cooked Street Food (Soya/Beignets),Saturday,March,3,1,0,0,1,0,15,2190.0,32851.0
2026-03-08,V011,Buea,Mile 17 Motor Park Market,Cooked Street Food (Soya/Beignets),Sunday,March,3,1,1,0,0,0,22,1861.0,40938.0
2026-03-09,V011,Buea,Mile 17 Motor Park Market,Cooked Street Food (Soya/Beignets),Monday,March,3,0,0,0,0,0,7,2421.0,16944.0
2026-03-10,V011,Buea,Mile 17 Motor Park Market,Cooked Street Food (Soya/Beignets),Tuesday,March,3,0,0,0,0,0,15,2098.0,31464.0
2026-03-11,V011,Buea,Mile 17 Motor Park Market,Cooked Street Food (Soya/Beignets),Wednesday,March,3,0,0,0,0,0,10,1780.0,17799.0
2026-03-12,V011,Buea,Mile 17 Motor Park Market,Cooked Street Food (Soya/Beignets),Thursday,March,3,0,0,0,0,0,14,1620.0,22682.0
2026-03-13,V011,Buea,Mile 17 Motor Park Market,Cooked Street Food (Soya/Beignets),Friday,March,3,0,0,0,0,0,20,1723.0,34452.0
2026-03-14,V011,Buea,Mile 17 Motor Park Market,Cooked Street Food (Soya/Beignets),Saturday,March,3,1,0,0,0,0,13,1942.0,25252.0
2026-03-15,V011,Buea,Mile 17 Motor Park Market,Cooked Street Food (Soya/Beignets),Sunday,March,3,1,0,0,0,0,18,1395.0,25105.0
2026-03-16,V011,Buea,Mile 17 Motor Park Market,Cooked Street Food (Soya/Beignets),Monday,March,3,0,0,0,0,0,10,1372.0,13719.0
2026-03-17,V011,Buea,Mile 17 Motor Park Market,Cooked Street Food (Soya/Beignets),Tuesday,March,3,0,0,0,0,0,12,1597.0,19160.0
2026-03-18,V011,Buea,Mile 17 Motor Park Market,Cooked Street Food (Soya/Beignets),Wednesday,March,3,0,0,0,0,0,8,2360.0,18878.0
2026-03-19,V011,Buea,Mile 17 Motor Park Market,Cooked Street Food (Soya/Beignets),Thursday,March,3,0,0,0,0,0,14,1665.0,23305.0
2026-03-20,V011,Buea,Mile 17 Motor Park Market,Cooked Street Food (Soya/Beignets),Friday,March,3,0,0,0,0,0,16,1853.0,29641.0
2026-03-21,V011,Buea,Mile 17 Motor Park Market,Cooked Street Food (Soya/Beignets),Saturday,March,3,1,0,0,1,0,14,2311.0,32347.0
2026-03-22,V011,Buea,Mile 17 Motor Park Market,Cooked Street Food (Soya/Beignets),Sunday,March,3,1,0,0,0,0,16,1720.0,27527.0
2026-03-23,V011,Buea,Mile 17 Motor Park Market,Cooked Street Food (Soya/Beignets),Monday,March,3,0,0,0,0,0,7,2118.0,14829.0
2026-03-24,V011,Buea,Mile 17 Motor Park Market,Cooked Street Food (Soya/Beignets),Tuesday,March,3,0,0,0,0,0,6,2842.0,17054.0
2026-03-25,V011,Buea,Mile 17 Motor Park Market,Cooked Street Food (Soya/Beignets),Wednesday,March,3,0,0,0,0,0,6,2766.0,16596.0
2026-03-26,V011,Buea,Mile 17 Motor Park Market,Cooked Street Food (Soya/Beignets),Thursday,March,3,0,0,0,0,0,9,2100.0,18902.0
2026-03-27,V011,Buea,Mile 17 Motor Park Market,Cooked Street Food (Soya/Beignets),Friday,March,3,0,0,0,0,0,14,1326.0,18566.0
2026-03-28,V011,Buea,Mile 17 Motor Park Market,Cooked Street Food (Soya/Beignets),Saturday,March,3,1,0,0,0,0,19,2014.0,38261.0
2026-03-29,V011,Buea,Mile 17 Motor Park Market,Cooked Street Food (Soya/Beignets),Sunday,March,3,1,0,0,0,1,16,1793.0,28688.0
2026-03-30,V011,Buea,Mile 17 Motor Park Market,Cooked Street Food (Soya/Beignets),Monday,March,3,0,0,0,0,1,12,2095.0,25143.0
2026-03-31,V011,Buea,Mile 17 Motor Park Market,Cooked Street Food (Soya/Beignets),Tuesday,March,3,0,0,0,0,1,13,1997.0,25965.0
2025-09-01,V012,Buea,Mile 17 Motor Park Market,Cooked Street Food (Soya/Beignets),Monday,September,9,0,0,1,0,0,10,1537.0,15369.0
2025-09-02,V012,Buea,Mile 17 Motor Park Market,Cooked Street Food (Soya/Beignets),Tuesday,September,9,0,0,1,0,0,15,1273.0,19100.0
2025-09-03,V012,Buea,Mile 17 Motor Park Market,Cooked Street Food (Soya/Beignets),Wednesday,September,9,0,0,1,0,0,10,1957.0,19565.0
2025-09-04,V012,Buea,Mile 17 Motor Park Market,Cooked Street Food (Soya/Beignets),Thursday,September,9,0,0,1,0,0,4,3188.0,12753.0
2025-09-05,V012,Buea,Mile 17 Motor Park Market,Cooked Street Food (Soya/Beignets),Friday,September,9,0,0,1,0,0,12,2173.0,26072.0
2025-09-06,V012,Buea,Mile 17 Motor Park Market,Cooked Street Food (Soya/Beignets),Saturday,September,9,1,0,1,1,0,25,1789.0,44730.0
2025-09-07,V012,Buea,Mile 17 Motor Park Market,Cooked Street Food (Soya/Beignets),Sunday,September,9,1,0,1,0,0,13,2073.0,26955.0
2025-09-08,V012,Buea,Mile 17 Motor Park Market,Cooked Street Food (Soya/Beignets),Monday,September,9,0,0,1,0,0,11,1738.0,19118.0
2025-09-09,V012,Buea,Mile 17 Motor Park Market,Cooked Street Food (Soya/Beignets),Tuesday,September,9,0,0,1,0,0,4,3532.0,14126.0
2025-09-10,V012,Buea,Mile 17 Motor Park Market,Cooked Street Food (Soya/Beignets),Wednesday,September,9,0,0,1,0,0,11,1645.0,18092.0
2025-09-11,V012,Buea,Mile 17 Motor Park Market,Cooked Street Food (Soya/Beignets),Thursday,September,9,0,0,1,0,0,10,2167.0,21669.0
2025-09-12,V012,Buea,Mile 17 Motor Park Market,Cooked Street Food (Soya/Beignets),Friday,September,9,0,0,1,0,0,14,1574.0,22035.0
2025-09-13,V012,Buea,Mile 17 Motor Park Market,Cooked Street Food (Soya/Beignets),Saturday,September,9,1,0,1,0,0,9,2114.0,19026.0
2025-09-14,V012,Buea,Mile 17 Motor Park Market,Cooked Street Food (Soya/Beignets),Sunday,September,9,1,0,1,0,0,12,1538.0,18459.0
2025-09-15,V012,Buea,Mile 17 Motor Park Market,Cooked Street Food (Soya/Beignets),Monday,September,9,0,0,1,0,0,7,2231.0,15617.0
2025-09-16,V012,Buea,Mile 17 Motor Park Market,Cooked Street Food (Soya/Beignets),Tuesday,September,9,0,0,1,0,0,5,2307.0,11537.0
2025-09-17,V012,Buea,Mile 17 Motor Park Market,Cooked Street Food (Soya/Beignets),Wednesday,September,9,0,0,1,0,0,7,2134.0,14938.0
2025-09-18,V012,Buea,Mile 17 Motor Park Market,Cooked Street Food (Soya/Beignets),Thursday,September,9,0,0,1,0,0,13,1766.0,22953.0
2025-09-19,V012,Buea,Mile 17 Motor Park Market,Cooked Street Food (Soya/Beignets),Friday,September,9,0,0,1,0,0,8,2159.0,17275.0
2025-09-20,V012,Buea,Mile 17 Motor Park Market,Cooked Street Food (Soya/Beignets),Saturday,September,9,1,0,1,1,0,16,1896.0,30334.0
2025-09-21,V012,Buea,Mile 17 Motor Park Market,Cooked Street Food (Soya/Beignets),Sunday,September,9,1,0,1,0,0,13,1859.0,24172.0
2025-09-22,V012,Buea,Mile 17 Motor Park Market,Cooked Street Food (Soya/Beignets),Monday,September,9,0,0,1,0,0,6,2374.0,14243.0
2025-09-23,V012,Buea,Mile 17 Motor Park Market,Cooked Street Food (Soya/Beignets),Tuesday,September,9,0,0,1,0,0,8,2230.0,17841.0
2025-09-24,V012,Buea,Mile 17 Motor Park Market,Cooked Street Food (Soya/Beignets),Wednesday,September,9,0,0,1,0,0,10,1675.0,16754.0
2025-09-25,V012,Buea,Mile 17 Motor Park Market,Cooked Street Food (Soya/Beignets),Thursday,September,9,0,0,1,0,0,11,1605.0,17655.0
2025-09-26,V012,Buea,Mile 17 Motor Park Market,Cooked Street Food (Soya/Beignets),Friday,September,9,0,0,1,0,0,7,2136.0,14951.0
2025-09-27,V012,Buea,Mile 17 Motor Park Market,Cooked Street Food (Soya/Beignets),Saturday,September,9,1,0,1,0,0,16,1855.0,29687.0
2025-09-28,V012,Buea,Mile 17 Motor Park Market,Cooked Street Food (Soya/Beignets),Sunday,September,9,1,0,1,0,1,7,3031.0,21219.0
2025-09-29,V012,Buea,Mile 17 Motor Park Market,Cooked Street Food (Soya/Beignets),Monday,September,9,0,0,1,0,1,11,2099.0,23092.0
2025-09-30,V012,Buea,Mile 17 Motor Park Market,Cooked Street Food (Soya/Beignets),Tuesday,September,9,0,0,1,0,1,13,1569.0,20391.0
2025-10-01,V012,Buea,Mile 17 Motor Park Market,Cooked Street Food (Soya/Beignets),Wednesday,October,10,0,0,1,0,0,5,3072.0,15362.0
2025-10-02,V012,Buea,Mile 17 Motor Park Market,Cooked Street Food (Soya/Beignets),Thursday,October,10,0,0,1,0,0,6,2001.0,12003.0
2025-10-03,V012,Buea,Mile 17 Motor Park Market,Cooked Street Food (Soya/Beignets),Friday,October,10,0,0,1,0,0,10,2061.0,20611.0
2025-10-04,V012,Buea,Mile 17 Motor Park Market,Cooked Street Food (Soya/Beignets),Saturday,October,10,1,0,1,1,0,14,2307.0,32298.0
2025-10-05,V012,Buea,Mile 17 Motor Park Market,Cooked Street Food (Soya/Beignets),Sunday,October,10,1,0,1,0,0,15,1649.0,24732.0
2025-10-06,V012,Buea,Mile 17 Motor Park Market,Cooked Street Food (Soya/Beignets),Monday,October,10,0,0,1,0,0,5,2617.0,13086.0
2025-10-07,V012,Buea,Mile 17 Motor Park Market,Cooked Street Food (Soya/Beignets),Tuesday,October,10,0,0,1,0,0,12,1405.0,16863.0
2025-10-08,V012,Buea,Mile 17 Motor Park Market,Cooked Street Food (Soya/Beignets),Wednesday,October,10,0,0,1,0,0,10,1696.0,16962.0
2025-10-09,V012,Buea,Mile 17 Motor Park Market,Cooked Street Food (Soya/Beignets),Thursday,October,10,0,0,1,0,0,11,1860.0,20463.0
2025-10-10,V012,Buea,Mile 17 Motor Park Market,Cooked Street Food (Soya/Beignets),Friday,October,10,0,0,1,0,0,13,1981.0,25752.0
2025-10-11,V012,Buea,Mile 17 Motor Park Market,Cooked Street Food (Soya/Beignets),Saturday,October,10,1,0,1,0,0,13,2159.0,28069.0
2025-10-12,V012,Buea,Mile 17 Motor Park Market,Cooked Street Food (Soya/Beignets),Sunday,October,10,1,0,1,0,0,14,1831.0,25637.0
2025-10-13,V012,Buea,Mile 17 Motor Park Market,Cooked Street Food (Soya/Beignets),Monday,October,10,0,0,1,0,0,6,2538.0,15229.0
2025-10-14,V012,Buea,Mile 17 Motor Park Market,Cooked Street Food (Soya/Beignets),Tuesday,October,10,0,0,1,0,0,3,4513.0,13540.0
2025-10-15,V012,Buea,Mile 17 Motor Park Market,Cooked Street Food (Soya/Beignets),Wednesday,October,10,0,0,1,0,0,9,2412.0,21708.0
2025-10-16,V012,Buea,Mile 17 Motor Park Market,Cooked Street Food (Soya/Beignets),Thursday,October,10,0,0,1,0,0,11,1577.0,17350.0
2025-10-17,V012,Buea,Mile 17 Motor Park Market,Cooked Street Food (Soya/Beignets),Friday,October,10,0,0,1,0,0,9,2282.0,20539.0
2025-10-18,V012,Buea,Mile 17 Motor Park Market,Cooked Street Food (Soya/Beignets),Saturday,October,10,1,0,1,1,0,12,1979.0,23751.0
2025-10-19,V012,Buea,Mile 17 Motor Park Market,Cooked Street Food (Soya/Beignets),Sunday,October,10,1,0,1,0,0,13,1696.0,22046.0
2025-10-20,V012,Buea,Mile 17 Motor Park Market,Cooked Street Food (Soya/Beignets),Monday,October,10,0,0,1,0,0,8,1366.0,10932.0
2025-10-21,V012,Buea,Mile 17 Motor Park Market,Cooked Street Food (Soya/Beignets),Tuesday,October,10,0,0,1,0,0,6,2255.0,13532.0
2025-10-22,V012,Buea,Mile 17 Motor Park Market,Cooked Street Food (Soya/Beignets),Wednesday,October,10,0,0,1,0,0,9,1520.0,13677.0
2025-10-23,V012,Buea,Mile 17 Motor Park Market,Cooked Street Food (Soya/Beignets),Thursday,October,10,0,0,1,0,0,7,2407.0,16846.0
2025-10-24,V012,Buea,Mile 17 Motor Park Market,Cooked Street Food (Soya/Beignets),Friday,October,10,0,0,1,0,0,9,2314.0,20828.0
2025-10-25,V012,Buea,Mile 17 Motor Park Market,Cooked Street Food (Soya/Beignets),Saturday,October,10,1,0,1,0,0,9,1593.0,14341.0
2025-10-26,V012,Buea,Mile 17 Motor Park Market,Cooked Street Food (Soya/Beignets),Sunday,October,10,1,0,1,0,0,13,1641.0,21337.0
2025-10-27,V012,Buea,Mile 17 Motor Park Market,Cooked Street Food (Soya/Beignets),Monday,October,10,0,0,1,0,0,6,2098.0,12591.0
2025-10-28,V012,Buea,Mile 17 Motor Park Market,Cooked Street Food (Soya/Beignets),Tuesday,October,10,0,0,1,0,0,7,2205.0,15435.0
2025-10-29,V012,Buea,Mile 17 Motor Park Market,Cooked Street Food (Soya/Beignets),Wednesday,October,10,0,0,1,0,1,11,1769.0,19461.0
2025-10-30,V012,Buea,Mile 17 Motor Park Market,Cooked Street Food (Soya/Beignets),Thursday,October,10,0,0,1,0,1,12,1924.0,23094.0
2025-10-31,V012,Buea,Mile 17 Motor Park Market,Cooked Street Food (Soya/Beignets),Friday,October,10,0,0,1,0,1,9,2289.0,20600.0
2025-11-01,V012,Buea,Mile 17 Motor Park Market,Cooked Street Food (Soya/Beignets),Saturday,November,11,1,0,0,1,0,14,2215.0,31017.0
2025-11-02,V012,Buea,Mile 17 Motor Park Market,Cooked Street Food (Soya/Beignets),Sunday,November,11,1,0,0,0,0,14,1636.0,22901.0
2025-11-03,V012,Buea,Mile 17 Motor Park Market,Cooked Street Food (Soya/Beignets),Monday,November,11,0,0,0,0,0,10,1850.0,18498.0
2025-11-04,V012,Buea,Mile 17 Motor Park Market,Cooked Street Food (Soya/Beignets),Tuesday,November,11,0,0,0,0,0,15,1644.0,24657.0
2025-11-05,V012,Buea,Mile 17 Motor Park Market,Cooked Street Food (Soya/Beignets),Wednesday,November,11,0,0,0,0,0,8,2189.0,17511.0
2025-11-06,V012,Buea,Mile 17 Motor Park Market,Cooked Street Food (Soya/Beignets),Thursday,November,11,0,0,0,0,0,15,1602.0,24026.0
2025-11-07,V012,Buea,Mile 17 Motor Park Market,Cooked Street Food (Soya/Beignets),Friday,November,11,0,0,0,0,0,12,1492.0,17905.0
2025-11-08,V012,Buea,Mile 17 Motor Park Market,Cooked Street Food (Soya/Beignets),Saturday,November,11,1,0,0,0,0,13,2119.0,27549.0
2025-11-09,V012,Buea,Mile 17 Motor Park Market,Cooked Street Food (Soya/Beignets),Sunday,November,11,1,0,0,0,0,8,1928.0,15428.0
2025-11-10,V012,Buea,Mile 17 Motor Park Market,Cooked Street Food (Soya/Beignets),Monday,November,11,0,0,0,0,0,12,1361.0,16330.0
2025-11-11,V012,Buea,Mile 17 Motor Park Market,Cooked Street Food (Soya/Beignets),Tuesday,November,11,0,0,0,0,0,10,2044.0,20440.0
2025-11-12,V012,Buea,Mile 17 Motor Park Market,Cooked Street Food (Soya/Beignets),Wednesday,November,11,0,0,0,0,0,12,1594.0,19129.0
2025-11-13,V012,Buea,Mile 17 Motor Park Market,Cooked Street Food (Soya/Beignets),Thursday,November,11,0,0,0,0,0,9,2131.0,19178.0
2025-11-14,V012,Buea,Mile 17 Motor Park Market,Cooked Street Food (Soya/Beignets),Friday,November,11,0,0,0,0,0,12,1748.0,20971.0
2025-11-15,V012,Buea,Mile 17 Motor Park Market,Cooked Street Food (Soya/Beignets),Saturday,November,11,1,0,0,1,0,19,1895.0,36003.0
2025-11-16,V012,Buea,Mile 17 Motor Park Market,Cooked Street Food (Soya/Beignets),Sunday,November,11,1,0,0,0,0,5,2750.0,13749.0
2025-11-17,V012,Buea,Mile 17 Motor Park Market,Cooked Street Food (Soya/Beignets),Monday,November,11,0,0,0,0,0,5,3659.0,18297.0
2025-11-18,V012,Buea,Mile 17 Motor Park Market,Cooked Street Food (Soya/Beignets),Tuesday,November,11,0,0,0,0,0,13,1638.0,21292.0
2025-11-19,V012,Buea,Mile 17 Motor Park Market,Cooked Street Food (Soya/Beignets),Wednesday,November,11,0,0,0,0,0,11,1633.0,17967.0
2025-11-20,V012,Buea,Mile 17 Motor Park Market,Cooked Street Food (Soya/Beignets),Thursday,November,11,0,0,0,0,0,11,1888.0,20769.0
2025-11-21,V012,Buea,Mile 17 Motor Park Market,Cooked Street Food (Soya/Beignets),Friday,November,11,0,0,0,0,0,11,1638.0,18023.0
2025-11-22,V012,Buea,Mile 17 Motor Park Market,Cooked Street Food (Soya/Beignets),Saturday,November,11,1,0,0,0,0,17,2146.0,36490.0
2025-11-23,V012,Buea,Mile 17 Motor Park Market,Cooked Street Food (Soya/Beignets),Sunday,November,11,1,0,0,0,0,9,1899.0,17089.0
2025-11-24,V012,Buea,Mile 17 Motor Park Market,Cooked Street Food (Soya/Beignets),Monday,November,11,0,0,0,0,0,8,1828.0,14621.0
2025-11-25,V012,Buea,Mile 17 Motor Park Market,Cooked Street Food (Soya/Beignets),Tuesday,November,11,0,0,0,0,0,7,3055.0,21384.0
2025-11-26,V012,Buea,Mile 17 Motor Park Market,Cooked Street Food (Soya/Beignets),Wednesday,November,11,0,0,0,0,0,12,1976.0,23707.0
2025-11-27,V012,Buea,Mile 17 Motor Park Market,Cooked Street Food (Soya/Beignets),Thursday,November,11,0,0,0,0,0,12,1725.0,20706.0
2025-11-28,V012,Buea,Mile 17 Motor Park Market,Cooked Street Food (Soya/Beignets),Friday,November,11,0,0,0,0,1,16,1894.0,30298.0
2025-11-29,V012,Buea,Mile 17 Motor Park Market,Cooked Street Food (Soya/Beignets),Saturday,November,11,1,0,0,0,1,19,1808.0,34354.0
2025-11-30,V012,Buea,Mile 17 Motor Park Market,Cooked Street Food (Soya/Beignets),Sunday,November,11,1,0,0,0,1,9,2513.0,22618.0
2025-12-01,V012,Buea,Mile 17 Motor Park Market,Cooked Street Food (Soya/Beignets),Monday,December,12,0,0,0,0,0,7,1877.0,13141.0
2025-12-02,V012,Buea,Mile 17 Motor Park Market,Cooked Street Food (Soya/Beignets),Tuesday,December,12,0,0,0,0,0,6,2489.0,14933.0
2025-12-03,V012,Buea,Mile 17 Motor Park Market,Cooked Street Food (Soya/Beignets),Wednesday,December,12,0,0,0,0,0,15,1644.0,24655.0
2025-12-04,V012,Buea,Mile 17 Motor Park Market,Cooked Street Food (Soya/Beignets),Thursday,December,12,0,0,0,0,0,11,1641.0,18046.0
2025-12-05,V012,Buea,Mile 17 Motor Park Market,Cooked Street Food (Soya/Beignets),Friday,December,12,0,0,0,0,0,12,1783.0,21398.0
2025-12-06,V012,Buea,Mile 17 Motor Park Market,Cooked Street Food (Soya/Beignets),Saturday,December,12,1,0,0,1,0,19,1905.0,36189.0
2025-12-07,V012,Buea,Mile 17 Motor Park Market,Cooked Street Food (Soya/Beignets),Sunday,December,12,1,0,0,0,0,13,1498.0,19474.0
2025-12-08,V012,Buea,Mile 17 Motor Park Market,Cooked Street Food (Soya/Beignets),Monday,December,12,0,0,0,0,0,5,3656.0,18278.0
2025-12-09,V012,Buea,Mile 17 Motor Park Market,Cooked Street Food (Soya/Beignets),Tuesday,December,12,0,0,0,0,0,6,2543.0,15255.0
2025-12-10,V012,Buea,Mile 17 Motor Park Market,Cooked Street Food (Soya/Beignets),Wednesday,December,12,0,0,0,0,0,10,1595.0,15948.0
2025-12-11,V012,Buea,Mile 17 Motor Park Market,Cooked Street Food (Soya/Beignets),Thursday,December,12,0,0,0,0,0,7,2707.0,18949.0
2025-12-12,V012,Buea,Mile 17 Motor Park Market,Cooked Street Food (Soya/Beignets),Friday,December,12,0,0,0,0,0,13,1657.0,21541.0
2025-12-13,V012,Buea,Mile 17 Motor Park Market,Cooked Street Food (Soya/Beignets),Saturday,December,12,1,0,0,0,0,13,2094.0,27227.0
2025-12-14,V012,Buea,Mile 17 Motor Park Market,Cooked Street Food (Soya/Beignets),Sunday,December,12,1,0,0,0,0,16,1461.0,23384.0
2025-12-15,V012,Buea,Mile 17 Motor Park Market,Cooked Street Food (Soya/Beignets),Monday,December,12,0,0,0,0,0,12,1482.0,17783.0
2025-12-16,V012,Buea,Mile 17 Motor Park Market,Cooked Street Food (Soya/Beignets),Tuesday,December,12,0,0,0,0,0,8,1938.0,15506.0
2025-12-17,V012,Buea,Mile 17 Motor Park Market,Cooked Street Food (Soya/Beignets),Wednesday,December,12,0,0,0,0,0,10,1774.0,17743.0
2025-12-18,V012,Buea,Mile 17 Motor Park Market,Cooked Street Food (Soya/Beignets),Thursday,December,12,0,0,0,0,0,9,2271.0,20442.0
2025-12-19,V012,Buea,Mile 17 Motor Park Market,Cooked Street Food (Soya/Beignets),Friday,December,12,0,0,0,0,0,11,2357.0,25932.0
2025-12-20,V012,Buea,Mile 17 Motor Park Market,Cooked Street Food (Soya/Beignets),Saturday,December,12,1,0,0,1,0,18,1460.0,26280.0
2025-12-21,V012,Buea,Mile 17 Motor Park Market,Cooked Street Food (Soya/Beignets),Sunday,December,12,1,0,0,0,0,12,1675.0,20098.0
2025-12-22,V012,Buea,Mile 17 Motor Park Market,Cooked Street Food (Soya/Beignets),Monday,December,12,0,0,0,0,0,7,3174.0,22217.0
2025-12-23,V012,Buea,Mile 17 Motor Park Market,Cooked Street Food (Soya/Beignets),Tuesday,December,12,0,0,0,0,0,13,1621.0,21071.0
2025-12-24,V012,Buea,Mile 17 Motor Park Market,Cooked Street Food (Soya/Beignets),Wednesday,December,12,0,0,0,0,0,10,2396.0,23960.0
2025-12-25,V012,Buea,Mile 17 Motor Park Market,Cooked Street Food (Soya/Beignets),Thursday,December,12,0,1,0,0,0,15,2043.0,30651.0
2025-12-26,V012,Buea,Mile 17 Motor Park Market,Cooked Street Food (Soya/Beignets),Friday,December,12,0,0,0,0,0,15,1860.0,27905.0
2025-12-27,V012,Buea,Mile 17 Motor Park Market,Cooked Street Food (Soya/Beignets),Saturday,December,12,1,0,0,0,0,18,1808.0,32540.0
2025-12-28,V012,Buea,Mile 17 Motor Park Market,Cooked Street Food (Soya/Beignets),Sunday,December,12,1,0,0,0,0,3,5274.0,15821.0
2025-12-29,V012,Buea,Mile 17 Motor Park Market,Cooked Street Food (Soya/Beignets),Monday,December,12,0,0,0,0,1,10,1955.0,19545.0
2025-12-30,V012,Buea,Mile 17 Motor Park Market,Cooked Street Food (Soya/Beignets),Tuesday,December,12,0,0,0,0,1,11,1932.0,21256.0
2025-12-31,V012,Buea,Mile 17 Motor Park Market,Cooked Street Food (Soya/Beignets),Wednesday,December,12,0,0,0,0,1,16,1843.0,29493.0
2026-01-01,V012,Buea,Mile 17 Motor Park Market,Cooked Street Food (Soya/Beignets),Thursday,January,1,0,1,0,0,0,12,1815.0,21780.0
2026-01-02,V012,Buea,Mile 17 Motor Park Market,Cooked Street Food (Soya/Beignets),Friday,January,1,0,0,0,0,0,12,1780.0,21366.0
2026-01-03,V012,Buea,Mile 17 Motor Park Market,Cooked Street Food (Soya/Beignets),Saturday,January,1,1,0,0,1,0,14,1918.0,26846.0
2026-01-04,V012,Buea,Mile 17 Motor Park Market,Cooked Street Food (Soya/Beignets),Sunday,January,1,1,0,0,0,0,8,2527.0,20215.0
2026-01-05,V012,Buea,Mile 17 Motor Park Market,Cooked Street Food (Soya/Beignets),Monday,January,1,0,0,0,0,0,10,2336.0,23355.0
2026-01-06,V012,Buea,Mile 17 Motor Park Market,Cooked Street Food (Soya/Beignets),Tuesday,January,1,0,0,0,0,0,7,2461.0,17226.0
2026-01-07,V012,Buea,Mile 17 Motor Park Market,Cooked Street Food (Soya/Beignets),Wednesday,January,1,0,0,0,0,0,7,2688.0,18814.0
2026-01-08,V012,Buea,Mile 17 Motor Park Market,Cooked Street Food (Soya/Beignets),Thursday,January,1,0,0,0,0,0,16,1373.0,21967.0
2026-01-09,V012,Buea,Mile 17 Motor Park Market,Cooked Street Food (Soya/Beignets),Friday,January,1,0,0,0,0,0,13,1526.0,19843.0
2026-01-10,V012,Buea,Mile 17 Motor Park Market,Cooked Street Food (Soya/Beignets),Saturday,January,1,1,0,0,0,0,17,1555.0,26443.0
2026-01-11,V012,Buea,Mile 17 Motor Park Market,Cooked Street Food (Soya/Beignets),Sunday,January,1,1,0,0,0,0,17,1922.0,32667.0
2026-01-12,V012,Buea,Mile 17 Motor Park Market,Cooked Street Food (Soya/Beignets),Monday,January,1,0,0,0,0,0,8,1556.0,12448.0
2026-01-13,V012,Buea,Mile 17 Motor Park Market,Cooked Street Food (Soya/Beignets),Tuesday,January,1,0,0,0,0,0,10,1791.0,17914.0
2026-01-14,V012,Buea,Mile 17 Motor Park Market,Cooked Street Food (Soya/Beignets),Wednesday,January,1,0,0,0,0,0,7,2397.0,16776.0
2026-01-15,V012,Buea,Mile 17 Motor Park Market,Cooked Street Food (Soya/Beignets),Thursday,January,1,0,0,0,0,0,13,1790.0,23270.0
2026-01-16,V012,Buea,Mile 17 Motor Park Market,Cooked Street Food (Soya/Beignets),Friday,January,1,0,0,0,0,0,11,1618.0,17798.0
2026-01-17,V012,Buea,Mile 17 Motor Park Market,Cooked Street Food (Soya/Beignets),Saturday,January,1,1,0,0,1,0,19,1920.0,36480.0
2026-01-18,V012,Buea,Mile 17 Motor Park Market,Cooked Street Food (Soya/Beignets),Sunday,January,1,1,0,0,0,0,15,1966.0,29488.0
2026-01-19,V012,Buea,Mile 17 Motor Park Market,Cooked Street Food (Soya/Beignets),Monday,January,1,0,0,0,0,0,10,1588.0,15875.0
2026-01-20,V012,Buea,Mile 17 Motor Park Market,Cooked Street Food (Soya/Beignets),Tuesday,January,1,0,0,0,0,0,6,2907.0,17444.0
2026-01-21,V012,Buea,Mile 17 Motor Park Market,Cooked Street Food (Soya/Beignets),Wednesday,January,1,0,0,0,0,0,9,2048.0,18434.0
2026-01-22,V012,Buea,Mile 17 Motor Park Market,Cooked Street Food (Soya/Beignets),Thursday,January,1,0,0,0,0,0,12,1836.0,22033.0
2026-01-23,V012,Buea,Mile 17 Motor Park Market,Cooked Street Food (Soya/Beignets),Friday,January,1,0,0,0,0,0,10,2348.0,23476.0
2026-01-24,V012,Buea,Mile 17 Motor Park Market,Cooked Street Food (Soya/Beignets),Saturday,January,1,1,0,0,0,0,17,1599.0,27176.0
2026-01-25,V012,Buea,Mile 17 Motor Park Market,Cooked Street Food (Soya/Beignets),Sunday,January,1,1,0,0,0,0,10,1916.0,19157.0
2026-01-26,V012,Buea,Mile 17 Motor Park Market,Cooked Street Food (Soya/Beignets),Monday,January,1,0,0,0,0,0,5,2765.0,13827.0
2026-01-27,V012,Buea,Mile 17 Motor Park Market,Cooked Street Food (Soya/Beignets),Tuesday,January,1,0,0,0,0,0,9,1883.0,16944.0
2026-01-28,V012,Buea,Mile 17 Motor Park Market,Cooked Street Food (Soya/Beignets),Wednesday,January,1,0,0,0,0,0,13,1964.0,25534.0
2026-01-29,V012,Buea,Mile 17 Motor Park Market,Cooked Street Food (Soya/Beignets),Thursday,January,1,0,0,0,0,1,9,2391.0,21521.0
2026-01-30,V012,Buea,Mile 17 Motor Park Market,Cooked Street Food (Soya/Beignets),Friday,January,1,0,0,0,0,1,17,1743.0,29634.0
2026-01-31,V012,Buea,Mile 17 Motor Park Market,Cooked Street Food (Soya/Beignets),Saturday,January,1,1,0,0,0,1,25,1703.0,42581.0
2026-02-01,V012,Buea,Mile 17 Motor Park Market,Cooked Street Food (Soya/Beignets),Sunday,February,2,1,0,0,0,0,12,1956.0,23469.0
2026-02-02,V012,Buea,Mile 17 Motor Park Market,Cooked Street Food (Soya/Beignets),Monday,February,2,0,0,0,0,0,9,1887.0,16980.0
2026-02-03,V012,Buea,Mile 17 Motor Park Market,Cooked Street Food (Soya/Beignets),Tuesday,February,2,0,0,0,0,0,13,1571.0,20426.0
2026-02-04,V012,Buea,Mile 17 Motor Park Market,Cooked Street Food (Soya/Beignets),Wednesday,February,2,0,0,0,0,0,6,2818.0,16908.0
2026-02-05,V012,Buea,Mile 17 Motor Park Market,Cooked Street Food (Soya/Beignets),Thursday,February,2,0,0,0,0,0,14,1715.0,24006.0
2026-02-06,V012,Buea,Mile 17 Motor Park Market,Cooked Street Food (Soya/Beignets),Friday,February,2,0,0,0,0,0,13,1676.0,21790.0
2026-02-07,V012,Buea,Mile 17 Motor Park Market,Cooked Street Food (Soya/Beignets),Saturday,February,2,1,0,0,1,0,21,1613.0,33877.0
2026-02-08,V012,Buea,Mile 17 Motor Park Market,Cooked Street Food (Soya/Beignets),Sunday,February,2,1,0,0,0,0,7,2224.0,15566.0
2026-02-09,V012,Buea,Mile 17 Motor Park Market,Cooked Street Food (Soya/Beignets),Monday,February,2,0,0,0,0,0,13,1679.0,21824.0
2026-02-10,V012,Buea,Mile 17 Motor Park Market,Cooked Street Food (Soya/Beignets),Tuesday,February,2,0,0,0,0,0,10,2367.0,23671.0
2026-02-11,V012,Buea,Mile 17 Motor Park Market,Cooked Street Food (Soya/Beignets),Wednesday,February,2,0,1,0,0,0,17,1591.0,27039.0
2026-02-12,V012,Buea,Mile 17 Motor Park Market,Cooked Street Food (Soya/Beignets),Thursday,February,2,0,0,0,0,0,7,1993.0,13951.0
2026-02-13,V012,Buea,Mile 17 Motor Park Market,Cooked Street Food (Soya/Beignets),Friday,February,2,0,0,0,0,0,9,2516.0,22641.0
2026-02-14,V012,Buea,Mile 17 Motor Park Market,Cooked Street Food (Soya/Beignets),Saturday,February,2,1,0,0,0,0,16,1685.0,26959.0
2026-02-15,V012,Buea,Mile 17 Motor Park Market,Cooked Street Food (Soya/Beignets),Sunday,February,2,1,0,0,0,0,11,1867.0,20534.0
2026-02-16,V012,Buea,Mile 17 Motor Park Market,Cooked Street Food (Soya/Beignets),Monday,February,2,0,0,0,0,0,9,1902.0,17117.0
2026-02-17,V012,Buea,Mile 17 Motor Park Market,Cooked Street Food (Soya/Beignets),Tuesday,February,2,0,0,0,0,0,9,1684.0,15154.0
2026-02-18,V012,Buea,Mile 17 Motor Park Market,Cooked Street Food (Soya/Beignets),Wednesday,February,2,0,0,0,0,0,7,1915.0,13403.0
2026-02-19,V012,Buea,Mile 17 Motor Park Market,Cooked Street Food (Soya/Beignets),Thursday,February,2,0,0,0,0,0,12,2019.0,24232.0
2026-02-20,V012,Buea,Mile 17 Motor Park Market,Cooked Street Food (Soya/Beignets),Friday,February,2,0,0,0,0,0,12,1687.0,20248.0
2026-02-21,V012,Buea,Mile 17 Motor Park Market,Cooked Street Food (Soya/Beignets),Saturday,February,2,1,0,0,1,0,20,1721.0,34421.0
2026-02-22,V012,Buea,Mile 17 Motor Park Market,Cooked Street Food (Soya/Beignets),Sunday,February,2,1,0,0,0,0,7,3169.0,22184.0
2026-02-23,V012,Buea,Mile 17 Motor Park Market,Cooked Street Food (Soya/Beignets),Monday,February,2,0,0,0,0,0,15,1349.0,20238.0
2026-02-24,V012,Buea,Mile 17 Motor Park Market,Cooked Street Food (Soya/Beignets),Tuesday,February,2,0,0,0,0,0,4,5420.0,21678.0
2026-02-25,V012,Buea,Mile 17 Motor Park Market,Cooked Street Food (Soya/Beignets),Wednesday,February,2,0,0,0,0,0,9,2149.0,19343.0
2026-02-26,V012,Buea,Mile 17 Motor Park Market,Cooked Street Food (Soya/Beignets),Thursday,February,2,0,0,0,0,1,10,1787.0,17866.0
2026-02-27,V012,Buea,Mile 17 Motor Park Market,Cooked Street Food (Soya/Beignets),Friday,February,2,0,0,0,0,1,15,1723.0,25839.0
2026-02-28,V012,Buea,Mile 17 Motor Park Market,Cooked Street Food (Soya/Beignets),Saturday,February,2,1,0,0,0,1,16,2057.0,32907.0
2026-03-01,V012,Buea,Mile 17 Motor Park Market,Cooked Street Food (Soya/Beignets),Sunday,March,3,1,0,0,0,0,9,2207.0,19859.0
2026-03-02,V012,Buea,Mile 17 Motor Park Market,Cooked Street Food (Soya/Beignets),Monday,March,3,0,0,0,0,0,3,4005.0,12016.0
2026-03-03,V012,Buea,Mile 17 Motor Park Market,Cooked Street Food (Soya/Beignets),Tuesday,March,3,0,0,0,0,0,12,1380.0,16563.0
2026-03-04,V012,Buea,Mile 17 Motor Park Market,Cooked Street Food (Soya/Beignets),Wednesday,March,3,0,0,0,0,0,7,2314.0,16195.0
2026-03-05,V012,Buea,Mile 17 Motor Park Market,Cooked Street Food (Soya/Beignets),Thursday,March,3,0,0,0,0,0,8,1908.0,15266.0
2026-03-06,V012,Buea,Mile 17 Motor Park Market,Cooked Street Food (Soya/Beignets),Friday,March,3,0,0,0,0,0,19,1502.0,28537.0
2026-03-07,V012,Buea,Mile 17 Motor Park Market,Cooked Street Food (Soya/Beignets),Saturday,March,3,1,0,0,1,0,19,1852.0,35185.0
2026-03-08,V012,Buea,Mile 17 Motor Park Market,Cooked Street Food (Soya/Beignets),Sunday,March,3,1,1,0,0,0,13,1921.0,24972.0
2026-03-09,V012,Buea,Mile 17 Motor Park Market,Cooked Street Food (Soya/Beignets),Monday,March,3,0,0,0,0,0,9,2036.0,18328.0
2026-03-10,V012,Buea,Mile 17 Motor Park Market,Cooked Street Food (Soya/Beignets),Tuesday,March,3,0,0,0,0,0,9,1857.0,16710.0
2026-03-11,V012,Buea,Mile 17 Motor Park Market,Cooked Street Food (Soya/Beignets),Wednesday,March,3,0,0,0,0,0,8,2004.0,16035.0
2026-03-12,V012,Buea,Mile 17 Motor Park Market,Cooked Street Food (Soya/Beignets),Thursday,March,3,0,0,0,0,0,8,1641.0,13129.0
2026-03-13,V012,Buea,Mile 17 Motor Park Market,Cooked Street Food (Soya/Beignets),Friday,March,3,0,0,0,0,0,18,1958.0,35243.0
2026-03-14,V012,Buea,Mile 17 Motor Park Market,Cooked Street Food (Soya/Beignets),Saturday,March,3,1,0,0,0,0,18,1683.0,30297.0
2026-03-15,V012,Buea,Mile 17 Motor Park Market,Cooked Street Food (Soya/Beignets),Sunday,March,3,1,0,0,0,0,14,1981.0,27740.0
2026-03-16,V012,Buea,Mile 17 Motor Park Market,Cooked Street Food (Soya/Beignets),Monday,March,3,0,0,0,0,0,7,1690.0,11829.0
2026-03-17,V012,Buea,Mile 17 Motor Park Market,Cooked Street Food (Soya/Beignets),Tuesday,March,3,0,0,0,0,0,9,1956.0,17608.0
2026-03-18,V012,Buea,Mile 17 Motor Park Market,Cooked Street Food (Soya/Beignets),Wednesday,March,3,0,0,0,0,0,9,1935.0,17411.0
2026-03-19,V012,Buea,Mile 17 Motor Park Market,Cooked Street Food (Soya/Beignets),Thursday,March,3,0,0,0,0,0,11,1832.0,20154.0
2026-03-20,V012,Buea,Mile 17 Motor Park Market,Cooked Street Food (Soya/Beignets),Friday,March,3,0,0,0,0,0,13,1707.0,22193.0
2026-03-21,V012,Buea,Mile 17 Motor Park Market,Cooked Street Food (Soya/Beignets),Saturday,March,3,1,0,0,1,0,18,1764.0,31752.0
2026-03-22,V012,Buea,Mile 17 Motor Park Market,Cooked Street Food (Soya/Beignets),Sunday,March,3,1,0,0,0,0,11,1789.0,19678.0
2026-03-23,V012,Buea,Mile 17 Motor Park Market,Cooked Street Food (Soya/Beignets),Monday,March,3,0,0,0,0,0,6,2036.0,12218.0
2026-03-24,V012,Buea,Mile 17 Motor Park Market,Cooked Street Food (Soya/Beignets),Tuesday,March,3,0,0,0,0,0,8,2382.0,19055.0
2026-03-25,V012,Buea,Mile 17 Motor Park Market,Cooked Street Food (Soya/Beignets),Wednesday,March,3,0,0,0,0,0,4,4209.0,16836.0
2026-03-26,V012,Buea,Mile 17 Motor Park Market,Cooked Street Food (Soya/Beignets),Thursday,March,3,0,0,0,0,0,5,2952.0,14762.0
2026-03-27,V012,Buea,Mile 17 Motor Park Market,Cooked Street Food (Soya/Beignets),Friday,March,3,0,0,0,0,0,13,1808.0,23506.0
2026-03-28,V012,Buea,Mile 17 Motor Park Market,Cooked Street Food (Soya/Beignets),Saturday,March,3,1,0,0,0,0,14,2003.0,28041.0
2026-03-29,V012,Buea,Mile 17 Motor Park Market,Cooked Street Food (Soya/Beignets),Sunday,March,3,1,0,0,0,1,14,1690.0,23664.0
2026-03-30,V012,Buea,Mile 17 Motor Park Market,Cooked Street Food (Soya/Beignets),Monday,March,3,0,0,0,0,1,10,1956.0,19555.0
2026-03-31,V012,Buea,Mile 17 Motor Park Market,Cooked Street Food (Soya/Beignets),Tuesday,March,3,0,0,0,0,1,17,1469.0,24972.0
2025-09-01,V013,Yaoundé,Marché Mvog-Mbi,Palm Oil & Condiments,Monday,September,9,0,0,1,0,0,9,2336.0,21024.0
2025-09-02,V013,Yaoundé,Marché Mvog-Mbi,Palm Oil & Condiments,Tuesday,September,9,0,0,1,0,0,20,1813.0,36268.0
2025-09-03,V013,Yaoundé,Marché Mvog-Mbi,Palm Oil & Condiments,Wednesday,September,9,0,0,1,0,0,11,1829.0,20118.0
2025-09-04,V013,Yaoundé,Marché Mvog-Mbi,Palm Oil & Condiments,Thursday,September,9,0,0,1,0,0,10,1824.0,18243.0
2025-09-05,V013,Yaoundé,Marché Mvog-Mbi,Palm Oil & Condiments,Friday,September,9,0,0,1,0,0,15,2096.0,31444.0
2025-09-06,V013,Yaoundé,Marché Mvog-Mbi,Palm Oil & Condiments,Saturday,September,9,1,0,1,1,0,19,1807.0,34341.0
2025-09-07,V013,Yaoundé,Marché Mvog-Mbi,Palm Oil & Condiments,Sunday,September,9,1,0,1,0,0,17,1972.0,33532.0
2025-09-08,V013,Yaoundé,Marché Mvog-Mbi,Palm Oil & Condiments,Monday,September,9,0,0,1,0,0,11,2140.0,23541.0
2025-09-09,V013,Yaoundé,Marché Mvog-Mbi,Palm Oil & Condiments,Tuesday,September,9,0,0,1,0,0,12,1742.0,20906.0
2025-09-10,V013,Yaoundé,Marché Mvog-Mbi,Palm Oil & Condiments,Wednesday,September,9,0,0,1,0,0,10,1940.0,19397.0
2025-09-11,V013,Yaoundé,Marché Mvog-Mbi,Palm Oil & Condiments,Thursday,September,9,0,0,1,0,0,14,1889.0,26443.0
2025-09-12,V013,Yaoundé,Marché Mvog-Mbi,Palm Oil & Condiments,Friday,September,9,0,0,1,0,0,18,1330.0,23948.0
2025-09-13,V013,Yaoundé,Marché Mvog-Mbi,Palm Oil & Condiments,Saturday,September,9,1,0,1,0,0,22,2005.0,44111.0
2025-09-14,V013,Yaoundé,Marché Mvog-Mbi,Palm Oil & Condiments,Sunday,September,9,1,0,1,0,0,12,1721.0,20657.0
2025-09-15,V013,Yaoundé,Marché Mvog-Mbi,Palm Oil & Condiments,Monday,September,9,0,0,1,0,0,13,1738.0,22597.0
2025-09-16,V013,Yaoundé,Marché Mvog-Mbi,Palm Oil & Condiments,Tuesday,September,9,0,0,1,0,0,10,2423.0,24230.0
2025-09-17,V013,Yaoundé,Marché Mvog-Mbi,Palm Oil & Condiments,Wednesday,September,9,0,0,1,0,0,14,1707.0,23895.0
2025-09-18,V013,Yaoundé,Marché Mvog-Mbi,Palm Oil & Condiments,Thursday,September,9,0,0,1,0,0,19,2266.0,43058.0
2025-09-19,V013,Yaoundé,Marché Mvog-Mbi,Palm Oil & Condiments,Friday,September,9,0,0,1,0,0,6,3470.0,20820.0
2025-09-20,V013,Yaoundé,Marché Mvog-Mbi,Palm Oil & Condiments,Saturday,September,9,1,0,1,1,0,25,1780.0,44512.0
2025-09-21,V013,Yaoundé,Marché Mvog-Mbi,Palm Oil & Condiments,Sunday,September,9,1,0,1,0,0,25,1860.0,46511.0
2025-09-22,V013,Yaoundé,Marché Mvog-Mbi,Palm Oil & Condiments,Monday,September,9,0,0,1,0,0,13,1629.0,21177.0
2025-09-23,V013,Yaoundé,Marché Mvog-Mbi,Palm Oil & Condiments,Tuesday,September,9,0,0,1,0,0,16,1826.0,29209.0
2025-09-24,V013,Yaoundé,Marché Mvog-Mbi,Palm Oil & Condiments,Wednesday,September,9,0,0,1,0,0,8,2994.0,23953.0
2025-09-25,V013,Yaoundé,Marché Mvog-Mbi,Palm Oil & Condiments,Thursday,September,9,0,0,1,0,0,20,1582.0,31635.0
2025-09-26,V013,Yaoundé,Marché Mvog-Mbi,Palm Oil & Condiments,Friday,September,9,0,0,1,0,0,13,1810.0,23530.0
2025-09-27,V013,Yaoundé,Marché Mvog-Mbi,Palm Oil & Condiments,Saturday,September,9,1,0,1,0,0,13,1699.0,22086.0
2025-09-28,V013,Yaoundé,Marché Mvog-Mbi,Palm Oil & Condiments,Sunday,September,9,1,0,1,0,1,17,1995.0,33923.0
2025-09-29,V013,Yaoundé,Marché Mvog-Mbi,Palm Oil & Condiments,Monday,September,9,0,0,1,0,1,13,1761.0,22887.0
2025-09-30,V013,Yaoundé,Marché Mvog-Mbi,Palm Oil & Condiments,Tuesday,September,9,0,0,1,0,1,12,2015.0,24179.0
2025-10-01,V013,Yaoundé,Marché Mvog-Mbi,Palm Oil & Condiments,Wednesday,October,10,0,0,1,0,0,8,2750.0,22001.0
2025-10-02,V013,Yaoundé,Marché Mvog-Mbi,Palm Oil & Condiments,Thursday,October,10,0,0,1,0,0,11,1716.0,18880.0
2025-10-03,V013,Yaoundé,Marché Mvog-Mbi,Palm Oil & Condiments,Friday,October,10,0,0,1,0,0,14,1634.0,22873.0
2025-10-04,V013,Yaoundé,Marché Mvog-Mbi,Palm Oil & Condiments,Saturday,October,10,1,0,1,1,0,28,1629.0,45600.0
2025-10-05,V013,Yaoundé,Marché Mvog-Mbi,Palm Oil & Condiments,Sunday,October,10,1,0,1,0,0,12,2022.0,24261.0
2025-10-06,V013,Yaoundé,Marché Mvog-Mbi,Palm Oil & Condiments,Monday,October,10,0,0,1,0,0,13,1330.0,17295.0
2025-10-07,V013,Yaoundé,Marché Mvog-Mbi,Palm Oil & Condiments,Tuesday,October,10,0,0,1,0,0,13,2070.0,26907.0
2025-10-08,V013,Yaoundé,Marché Mvog-Mbi,Palm Oil & Condiments,Wednesday,October,10,0,0,1,0,0,10,1750.0,17499.0
2025-10-09,V013,Yaoundé,Marché Mvog-Mbi,Palm Oil & Condiments,Thursday,October,10,0,0,1,0,0,12,1987.0,23846.0
2025-10-10,V013,Yaoundé,Marché Mvog-Mbi,Palm Oil & Condiments,Friday,October,10,0,0,1,0,0,16,1481.0,23696.0
2025-10-11,V013,Yaoundé,Marché Mvog-Mbi,Palm Oil & Condiments,Saturday,October,10,1,0,1,0,0,13,2006.0,26073.0
2025-10-12,V013,Yaoundé,Marché Mvog-Mbi,Palm Oil & Condiments,Sunday,October,10,1,0,1,0,0,15,2157.0,32357.0
2025-10-13,V013,Yaoundé,Marché Mvog-Mbi,Palm Oil & Condiments,Monday,October,10,0,0,1,0,0,8,2646.0,21164.0
2025-10-14,V013,Yaoundé,Marché Mvog-Mbi,Palm Oil & Condiments,Tuesday,October,10,0,0,1,0,0,11,1837.0,20210.0
2025-10-15,V013,Yaoundé,Marché Mvog-Mbi,Palm Oil & Condiments,Wednesday,October,10,0,0,1,0,0,9,2129.0,19165.0
2025-10-16,V013,Yaoundé,Marché Mvog-Mbi,Palm Oil & Condiments,Thursday,October,10,0,0,1,0,0,13,1562.0,20305.0
2025-10-17,V013,Yaoundé,Marché Mvog-Mbi,Palm Oil & Condiments,Friday,October,10,0,0,1,0,0,13,1822.0,23692.0
2025-10-18,V013,Yaoundé,Marché Mvog-Mbi,Palm Oil & Condiments,Saturday,October,10,1,0,1,1,0,23,2031.0,46712.0
2025-10-19,V013,Yaoundé,Marché Mvog-Mbi,Palm Oil & Condiments,Sunday,October,10,1,0,1,0,0,15,2277.0,34153.0
2025-10-20,V013,Yaoundé,Marché Mvog-Mbi,Palm Oil & Condiments,Monday,October,10,0,0,1,0,0,8,2188.0,17500.0
2025-10-21,V013,Yaoundé,Marché Mvog-Mbi,Palm Oil & Condiments,Tuesday,October,10,0,0,1,0,0,6,2305.0,13830.0
2025-10-22,V013,Yaoundé,Marché Mvog-Mbi,Palm Oil & Condiments,Wednesday,October,10,0,0,1,0,0,7,2725.0,19072.0
2025-10-23,V013,Yaoundé,Marché Mvog-Mbi,Palm Oil & Condiments,Thursday,October,10,0,0,1,0,0,15,1650.0,24755.0
2025-10-24,V013,Yaoundé,Marché Mvog-Mbi,Palm Oil & Condiments,Friday,October,10,0,0,1,0,0,20,1905.0,38107.0
2025-10-25,V013,Yaoundé,Marché Mvog-Mbi,Palm Oil & Condiments,Saturday,October,10,1,0,1,0,0,21,1641.0,34469.0
2025-10-26,V013,Yaoundé,Marché Mvog-Mbi,Palm Oil & Condiments,Sunday,October,10,1,0,1,0,0,21,1848.0,38802.0
2025-10-27,V013,Yaoundé,Marché Mvog-Mbi,Palm Oil & Condiments,Monday,October,10,0,0,1,0,0,12,1604.0,19248.0
2025-10-28,V013,Yaoundé,Marché Mvog-Mbi,Palm Oil & Condiments,Tuesday,October,10,0,0,1,0,0,8,2515.0,20119.0
2025-10-29,V013,Yaoundé,Marché Mvog-Mbi,Palm Oil & Condiments,Wednesday,October,10,0,0,1,0,1,19,2003.0,38059.0
2025-10-30,V013,Yaoundé,Marché Mvog-Mbi,Palm Oil & Condiments,Thursday,October,10,0,0,1,0,1,17,1787.0,30375.0
2025-10-31,V013,Yaoundé,Marché Mvog-Mbi,Palm Oil & Condiments,Friday,October,10,0,0,1,0,1,17,2056.0,34947.0
2025-11-01,V013,Yaoundé,Marché Mvog-Mbi,Palm Oil & Condiments,Saturday,November,11,1,0,0,1,0,25,2120.0,52999.0
2025-11-02,V013,Yaoundé,Marché Mvog-Mbi,Palm Oil & Condiments,Sunday,November,11,1,0,0,0,0,16,2124.0,33991.0
2025-11-03,V013,Yaoundé,Marché Mvog-Mbi,Palm Oil & Condiments,Monday,November,11,0,0,0,0,0,15,1878.0,28163.0
2025-11-04,V013,Yaoundé,Marché Mvog-Mbi,Palm Oil & Condiments,Tuesday,November,11,0,0,0,0,0,14,1895.0,26537.0
2025-11-05,V013,Yaoundé,Marché Mvog-Mbi,Palm Oil & Condiments,Wednesday,November,11,0,0,0,0,0,8,2234.0,17869.0
2025-11-06,V013,Yaoundé,Marché Mvog-Mbi,Palm Oil & Condiments,Thursday,November,11,0,0,0,0,0,16,1830.0,29274.0
2025-11-07,V013,Yaoundé,Marché Mvog-Mbi,Palm Oil & Condiments,Friday,November,11,0,0,0,0,0,22,1782.0,39210.0
2025-11-08,V013,Yaoundé,Marché Mvog-Mbi,Palm Oil & Condiments,Saturday,November,11,1,0,0,0,0,16,2043.0,32692.0
2025-11-09,V013,Yaoundé,Marché Mvog-Mbi,Palm Oil & Condiments,Sunday,November,11,1,0,0,0,0,12,2569.0,30826.0
2025-11-10,V013,Yaoundé,Marché Mvog-Mbi,Palm Oil & Condiments,Monday,November,11,0,0,0,0,0,17,1787.0,30380.0
2025-11-11,V013,Yaoundé,Marché Mvog-Mbi,Palm Oil & Condiments,Tuesday,November,11,0,0,0,0,0,13,2267.0,29472.0
2025-11-12,V013,Yaoundé,Marché Mvog-Mbi,Palm Oil & Condiments,Wednesday,November,11,0,0,0,0,0,21,1459.0,30647.0
2025-11-13,V013,Yaoundé,Marché Mvog-Mbi,Palm Oil & Condiments,Thursday,November,11,0,0,0,0,0,12,1704.0,20449.0
2025-11-14,V013,Yaoundé,Marché Mvog-Mbi,Palm Oil & Condiments,Friday,November,11,0,0,0,0,0,14,2265.0,31707.0
2025-11-15,V013,Yaoundé,Marché Mvog-Mbi,Palm Oil & Condiments,Saturday,November,11,1,0,0,1,0,29,1730.0,50168.0
2025-11-16,V013,Yaoundé,Marché Mvog-Mbi,Palm Oil & Condiments,Sunday,November,11,1,0,0,0,0,17,1597.0,27157.0
2025-11-17,V013,Yaoundé,Marché Mvog-Mbi,Palm Oil & Condiments,Monday,November,11,0,0,0,0,0,6,2775.0,16653.0
2025-11-18,V013,Yaoundé,Marché Mvog-Mbi,Palm Oil & Condiments,Tuesday,November,11,0,0,0,0,0,13,1863.0,24220.0
2025-11-19,V013,Yaoundé,Marché Mvog-Mbi,Palm Oil & Condiments,Wednesday,November,11,0,0,0,0,0,13,1656.0,21532.0
2025-11-20,V013,Yaoundé,Marché Mvog-Mbi,Palm Oil & Condiments,Thursday,November,11,0,0,0,0,0,17,1679.0,28538.0
2025-11-21,V013,Yaoundé,Marché Mvog-Mbi,Palm Oil & Condiments,Friday,November,11,0,0,0,0,0,18,1723.0,31006.0
2025-11-22,V013,Yaoundé,Marché Mvog-Mbi,Palm Oil & Condiments,Saturday,November,11,1,0,0,0,0,24,1496.0,35907.0
2025-11-23,V013,Yaoundé,Marché Mvog-Mbi,Palm Oil & Condiments,Sunday,November,11,1,0,0,0,0,18,1452.0,26143.0
2025-11-24,V013,Yaoundé,Marché Mvog-Mbi,Palm Oil & Condiments,Monday,November,11,0,0,0,0,0,9,2513.0,22621.0
2025-11-25,V013,Yaoundé,Marché Mvog-Mbi,Palm Oil & Condiments,Tuesday,November,11,0,0,0,0,0,17,1778.0,30230.0
2025-11-26,V013,Yaoundé,Marché Mvog-Mbi,Palm Oil & Condiments,Wednesday,November,11,0,0,0,0,0,18,1586.0,28552.0
2025-11-27,V013,Yaoundé,Marché Mvog-Mbi,Palm Oil & Condiments,Thursday,November,11,0,0,0,0,0,14,1969.0,27564.0
2025-11-28,V013,Yaoundé,Marché Mvog-Mbi,Palm Oil & Condiments,Friday,November,11,0,0,0,0,1,24,1811.0,43456.0
2025-11-29,V013,Yaoundé,Marché Mvog-Mbi,Palm Oil & Condiments,Saturday,November,11,1,0,0,0,1,23,2201.0,50621.0
2025-11-30,V013,Yaoundé,Marché Mvog-Mbi,Palm Oil & Condiments,Sunday,November,11,1,0,0,0,1,19,1985.0,37715.0
2025-12-01,V013,Yaoundé,Marché Mvog-Mbi,Palm Oil & Condiments,Monday,December,12,0,0,0,0,0,18,1682.0,30271.0
2025-12-02,V013,Yaoundé,Marché Mvog-Mbi,Palm Oil & Condiments,Tuesday,December,12,0,0,0,0,0,14,1762.0,24674.0
2025-12-03,V013,Yaoundé,Marché Mvog-Mbi,Palm Oil & Condiments,Wednesday,December,12,0,0,0,0,0,14,1462.0,20467.0
2025-12-04,V013,Yaoundé,Marché Mvog-Mbi,Palm Oil & Condiments,Thursday,December,12,0,0,0,0,0,21,1768.0,37119.0
2025-12-05,V013,Yaoundé,Marché Mvog-Mbi,Palm Oil & Condiments,Friday,December,12,0,0,0,0,0,22,1919.0,42209.0
2025-12-06,V013,Yaoundé,Marché Mvog-Mbi,Palm Oil & Condiments,Saturday,December,12,1,0,0,1,0,22,1808.0,39773.0
2025-12-07,V013,Yaoundé,Marché Mvog-Mbi,Palm Oil & Condiments,Sunday,December,12,1,0,0,0,0,17,1925.0,32724.0
2025-12-08,V013,Yaoundé,Marché Mvog-Mbi,Palm Oil & Condiments,Monday,December,12,0,0,0,0,0,14,1769.0,24764.0
2025-12-09,V013,Yaoundé,Marché Mvog-Mbi,Palm Oil & Condiments,Tuesday,December,12,0,0,0,0,0,12,1645.0,19745.0
2025-12-10,V013,Yaoundé,Marché Mvog-Mbi,Palm Oil & Condiments,Wednesday,December,12,0,0,0,0,0,16,1788.0,28616.0
2025-12-11,V013,Yaoundé,Marché Mvog-Mbi,Palm Oil & Condiments,Thursday,December,12,0,0,0,0,0,15,2128.0,31918.0
2025-12-12,V013,Yaoundé,Marché Mvog-Mbi,Palm Oil & Condiments,Friday,December,12,0,0,0,0,0,16,2155.0,34487.0
2025-12-13,V013,Yaoundé,Marché Mvog-Mbi,Palm Oil & Condiments,Saturday,December,12,1,0,0,0,0,16,1990.0,31836.0
2025-12-14,V013,Yaoundé,Marché Mvog-Mbi,Palm Oil & Condiments,Sunday,December,12,1,0,0,0,0,13,1965.0,25540.0
2025-12-15,V013,Yaoundé,Marché Mvog-Mbi,Palm Oil & Condiments,Monday,December,12,0,0,0,0,0,13,1664.0,21629.0
2025-12-16,V013,Yaoundé,Marché Mvog-Mbi,Palm Oil & Condiments,Tuesday,December,12,0,0,0,0,0,9,2478.0,22304.0
2025-12-17,V013,Yaoundé,Marché Mvog-Mbi,Palm Oil & Condiments,Wednesday,December,12,0,0,0,0,0,15,2005.0,30076.0
2025-12-18,V013,Yaoundé,Marché Mvog-Mbi,Palm Oil & Condiments,Thursday,December,12,0,0,0,0,0,15,1711.0,25665.0
2025-12-19,V013,Yaoundé,Marché Mvog-Mbi,Palm Oil & Condiments,Friday,December,12,0,0,0,0,0,20,1643.0,32861.0
2025-12-20,V013,Yaoundé,Marché Mvog-Mbi,Palm Oil & Condiments,Saturday,December,12,1,0,0,1,0,26,1925.0,50043.0
2025-12-21,V013,Yaoundé,Marché Mvog-Mbi,Palm Oil & Condiments,Sunday,December,12,1,0,0,0,0,25,1792.0,44789.0
2025-12-22,V013,Yaoundé,Marché Mvog-Mbi,Palm Oil & Condiments,Monday,December,12,0,0,0,0,0,14,1564.0,21891.0
2025-12-23,V013,Yaoundé,Marché Mvog-Mbi,Palm Oil & Condiments,Tuesday,December,12,0,0,0,0,0,14,1766.0,24717.0
2025-12-24,V013,Yaoundé,Marché Mvog-Mbi,Palm Oil & Condiments,Wednesday,December,12,0,0,0,0,0,20,1918.0,38364.0
2025-12-25,V013,Yaoundé,Marché Mvog-Mbi,Palm Oil & Condiments,Thursday,December,12,0,1,0,0,0,17,1801.0,30619.0
2025-12-26,V013,Yaoundé,Marché Mvog-Mbi,Palm Oil & Condiments,Friday,December,12,0,0,0,0,0,18,2136.0,38445.0
2025-12-27,V013,Yaoundé,Marché Mvog-Mbi,Palm Oil & Condiments,Saturday,December,12,1,0,0,0,0,13,2101.0,27313.0
2025-12-28,V013,Yaoundé,Marché Mvog-Mbi,Palm Oil & Condiments,Sunday,December,12,1,0,0,0,0,11,2050.0,22550.0
2025-12-29,V013,Yaoundé,Marché Mvog-Mbi,Palm Oil & Condiments,Monday,December,12,0,0,0,0,1,13,2177.0,28298.0
2025-12-30,V013,Yaoundé,Marché Mvog-Mbi,Palm Oil & Condiments,Tuesday,December,12,0,0,0,0,1,11,1911.0,21021.0
2025-12-31,V013,Yaoundé,Marché Mvog-Mbi,Palm Oil & Condiments,Wednesday,December,12,0,0,0,0,1,14,2350.0,32902.0
2026-01-01,V013,Yaoundé,Marché Mvog-Mbi,Palm Oil & Condiments,Thursday,January,1,0,1,0,0,0,22,1708.0,37580.0
2026-01-02,V013,Yaoundé,Marché Mvog-Mbi,Palm Oil & Condiments,Friday,January,1,0,0,0,0,0,23,1637.0,37641.0
2026-01-03,V013,Yaoundé,Marché Mvog-Mbi,Palm Oil & Condiments,Saturday,January,1,1,0,0,1,0,37,1844.0,68239.0
2026-01-04,V013,Yaoundé,Marché Mvog-Mbi,Palm Oil & Condiments,Sunday,January,1,1,0,0,0,0,16,1929.0,30863.0
2026-01-05,V013,Yaoundé,Marché Mvog-Mbi,Palm Oil & Condiments,Monday,January,1,0,0,0,0,0,15,1499.0,22487.0
2026-01-06,V013,Yaoundé,Marché Mvog-Mbi,Palm Oil & Condiments,Tuesday,January,1,0,0,0,0,0,8,2319.0,18550.0
2026-01-07,V013,Yaoundé,Marché Mvog-Mbi,Palm Oil & Condiments,Wednesday,January,1,0,0,0,0,0,19,1652.0,31388.0
2026-01-08,V013,Yaoundé,Marché Mvog-Mbi,Palm Oil & Condiments,Thursday,January,1,0,0,0,0,0,15,1620.0,24296.0
2026-01-09,V013,Yaoundé,Marché Mvog-Mbi,Palm Oil & Condiments,Friday,January,1,0,0,0,0,0,21,1605.0,33709.0
2026-01-10,V013,Yaoundé,Marché Mvog-Mbi,Palm Oil & Condiments,Saturday,January,1,1,0,0,0,0,23,1714.0,39431.0
2026-01-11,V013,Yaoundé,Marché Mvog-Mbi,Palm Oil & Condiments,Sunday,January,1,1,0,0,0,0,28,1739.0,48686.0
2026-01-12,V013,Yaoundé,Marché Mvog-Mbi,Palm Oil & Condiments,Monday,January,1,0,0,0,0,0,14,1620.0,22679.0
2026-01-13,V013,Yaoundé,Marché Mvog-Mbi,Palm Oil & Condiments,Tuesday,January,1,0,0,0,0,0,17,1302.0,22128.0
2026-01-14,V013,Yaoundé,Marché Mvog-Mbi,Palm Oil & Condiments,Wednesday,January,1,0,0,0,0,0,13,1946.0,25303.0
2026-01-15,V013,Yaoundé,Marché Mvog-Mbi,Palm Oil & Condiments,Thursday,January,1,0,0,0,0,0,14,1594.0,22315.0
2026-01-16,V013,Yaoundé,Marché Mvog-Mbi,Palm Oil & Condiments,Friday,January,1,0,0,0,0,0,19,1950.0,37057.0
2026-01-17,V013,Yaoundé,Marché Mvog-Mbi,Palm Oil & Condiments,Saturday,January,1,1,0,0,1,0,25,2037.0,50928.0
2026-01-18,V013,Yaoundé,Marché Mvog-Mbi,Palm Oil & Condiments,Sunday,January,1,1,0,0,0,0,18,1738.0,31285.0
2026-01-19,V013,Yaoundé,Marché Mvog-Mbi,Palm Oil & Condiments,Monday,January,1,0,0,0,0,0,15,2038.0,30566.0
2026-01-20,V013,Yaoundé,Marché Mvog-Mbi,Palm Oil & Condiments,Tuesday,January,1,0,0,0,0,0,8,2347.0,18774.0
2026-01-21,V013,Yaoundé,Marché Mvog-Mbi,Palm Oil & Condiments,Wednesday,January,1,0,0,0,0,0,13,1481.0,19258.0
2026-01-22,V013,Yaoundé,Marché Mvog-Mbi,Palm Oil & Condiments,Thursday,January,1,0,0,0,0,0,19,1804.0,34276.0
2026-01-23,V013,Yaoundé,Marché Mvog-Mbi,Palm Oil & Condiments,Friday,January,1,0,0,0,0,0,22,1795.0,39495.0
2026-01-24,V013,Yaoundé,Marché Mvog-Mbi,Palm Oil & Condiments,Saturday,January,1,1,0,0,0,0,20,1912.0,38246.0
2026-01-25,V013,Yaoundé,Marché Mvog-Mbi,Palm Oil & Condiments,Sunday,January,1,1,0,0,0,0,12,2385.0,28616.0
2026-01-26,V013,Yaoundé,Marché Mvog-Mbi,Palm Oil & Condiments,Monday,January,1,0,0,0,0,0,13,1813.0,23574.0
2026-01-27,V013,Yaoundé,Marché Mvog-Mbi,Palm Oil & Condiments,Tuesday,January,1,0,0,0,0,0,15,1802.0,27025.0
2026-01-28,V013,Yaoundé,Marché Mvog-Mbi,Palm Oil & Condiments,Wednesday,January,1,0,0,0,0,0,11,2163.0,23789.0
2026-01-29,V013,Yaoundé,Marché Mvog-Mbi,Palm Oil & Condiments,Thursday,January,1,0,0,0,0,1,18,1679.0,30218.0
2026-01-30,V013,Yaoundé,Marché Mvog-Mbi,Palm Oil & Condiments,Friday,January,1,0,0,0,0,1,16,1855.0,29675.0
2026-01-31,V013,Yaoundé,Marché Mvog-Mbi,Palm Oil & Condiments,Saturday,January,1,1,0,0,0,1,24,1944.0,46659.0
2026-02-01,V013,Yaoundé,Marché Mvog-Mbi,Palm Oil & Condiments,Sunday,February,2,1,0,0,0,0,15,1815.0,27222.0
2026-02-02,V013,Yaoundé,Marché Mvog-Mbi,Palm Oil & Condiments,Monday,February,2,0,0,0,0,0,10,1833.0,18330.0
2026-02-03,V013,Yaoundé,Marché Mvog-Mbi,Palm Oil & Condiments,Tuesday,February,2,0,0,0,0,0,13,1547.0,20114.0
2026-02-04,V013,Yaoundé,Marché Mvog-Mbi,Palm Oil & Condiments,Wednesday,February,2,0,0,0,0,0,19,1964.0,37313.0
2026-02-05,V013,Yaoundé,Marché Mvog-Mbi,Palm Oil & Condiments,Thursday,February,2,0,0,0,0,0,14,2040.0,28555.0
2026-02-06,V013,Yaoundé,Marché Mvog-Mbi,Palm Oil & Condiments,Friday,February,2,0,0,0,0,0,18,2124.0,38234.0
2026-02-07,V013,Yaoundé,Marché Mvog-Mbi,Palm Oil & Condiments,Saturday,February,2,1,0,0,1,0,26,1925.0,50057.0
2026-02-08,V013,Yaoundé,Marché Mvog-Mbi,Palm Oil & Condiments,Sunday,February,2,1,0,0,0,0,14,2082.0,29153.0
2026-02-09,V013,Yaoundé,Marché Mvog-Mbi,Palm Oil & Condiments,Monday,February,2,0,0,0,0,0,12,2172.0,26065.0
2026-02-10,V013,Yaoundé,Marché Mvog-Mbi,Palm Oil & Condiments,Tuesday,February,2,0,0,0,0,0,13,2008.0,26100.0
2026-02-11,V013,Yaoundé,Marché Mvog-Mbi,Palm Oil & Condiments,Wednesday,February,2,0,1,0,0,0,16,1875.0,29996.0
2026-02-12,V013,Yaoundé,Marché Mvog-Mbi,Palm Oil & Condiments,Thursday,February,2,0,0,0,0,0,12,1884.0,22614.0
2026-02-13,V013,Yaoundé,Marché Mvog-Mbi,Palm Oil & Condiments,Friday,February,2,0,0,0,0,0,21,1988.0,41755.0
2026-02-14,V013,Yaoundé,Marché Mvog-Mbi,Palm Oil & Condiments,Saturday,February,2,1,0,0,0,0,29,1657.0,48042.0
2026-02-15,V013,Yaoundé,Marché Mvog-Mbi,Palm Oil & Condiments,Sunday,February,2,1,0,0,0,0,11,2375.0,26126.0
2026-02-16,V013,Yaoundé,Marché Mvog-Mbi,Palm Oil & Condiments,Monday,February,2,0,0,0,0,0,12,1978.0,23735.0
2026-02-17,V013,Yaoundé,Marché Mvog-Mbi,Palm Oil & Condiments,Tuesday,February,2,0,0,0,0,0,18,1838.0,33080.0
2026-02-18,V013,Yaoundé,Marché Mvog-Mbi,Palm Oil & Condiments,Wednesday,February,2,0,0,0,0,0,9,2356.0,21203.0
2026-02-19,V013,Yaoundé,Marché Mvog-Mbi,Palm Oil & Condiments,Thursday,February,2,0,0,0,0,0,16,1972.0,31559.0
2026-02-20,V013,Yaoundé,Marché Mvog-Mbi,Palm Oil & Condiments,Friday,February,2,0,0,0,0,0,19,1682.0,31952.0
2026-02-21,V013,Yaoundé,Marché Mvog-Mbi,Palm Oil & Condiments,Saturday,February,2,1,0,0,1,0,23,1829.0,42077.0
2026-02-22,V013,Yaoundé,Marché Mvog-Mbi,Palm Oil & Condiments,Sunday,February,2,1,0,0,0,0,18,1676.0,30170.0
2026-02-23,V013,Yaoundé,Marché Mvog-Mbi,Palm Oil & Condiments,Monday,February,2,0,0,0,0,0,13,1923.0,25001.0
2026-02-24,V013,Yaoundé,Marché Mvog-Mbi,Palm Oil & Condiments,Tuesday,February,2,0,0,0,0,0,12,1992.0,23904.0
2026-02-25,V013,Yaoundé,Marché Mvog-Mbi,Palm Oil & Condiments,Wednesday,February,2,0,0,0,0,0,10,1878.0,18775.0
2026-02-26,V013,Yaoundé,Marché Mvog-Mbi,Palm Oil & Condiments,Thursday,February,2,0,0,0,0,1,21,1997.0,41932.0
2026-02-27,V013,Yaoundé,Marché Mvog-Mbi,Palm Oil & Condiments,Friday,February,2,0,0,0,0,1,15,2115.0,31721.0
2026-02-28,V013,Yaoundé,Marché Mvog-Mbi,Palm Oil & Condiments,Saturday,February,2,1,0,0,0,1,29,1758.0,50975.0
2026-03-01,V013,Yaoundé,Marché Mvog-Mbi,Palm Oil & Condiments,Sunday,March,3,1,0,0,0,0,14,2101.0,29409.0
2026-03-02,V013,Yaoundé,Marché Mvog-Mbi,Palm Oil & Condiments,Monday,March,3,0,0,0,0,0,9,2540.0,22856.0
2026-03-03,V013,Yaoundé,Marché Mvog-Mbi,Palm Oil & Condiments,Tuesday,March,3,0,0,0,0,0,15,1617.0,24250.0
2026-03-04,V013,Yaoundé,Marché Mvog-Mbi,Palm Oil & Condiments,Wednesday,March,3,0,0,0,0,0,7,2794.0,19556.0
2026-03-05,V013,Yaoundé,Marché Mvog-Mbi,Palm Oil & Condiments,Thursday,March,3,0,0,0,0,0,17,2027.0,34466.0
2026-03-06,V013,Yaoundé,Marché Mvog-Mbi,Palm Oil & Condiments,Friday,March,3,0,0,0,0,0,21,1852.0,38893.0
2026-03-07,V013,Yaoundé,Marché Mvog-Mbi,Palm Oil & Condiments,Saturday,March,3,1,0,0,1,0,25,1784.0,44590.0
2026-03-08,V013,Yaoundé,Marché Mvog-Mbi,Palm Oil & Condiments,Sunday,March,3,1,1,0,0,0,18,1792.0,32261.0
2026-03-09,V013,Yaoundé,Marché Mvog-Mbi,Palm Oil & Condiments,Monday,March,3,0,0,0,0,0,9,2332.0,20987.0
2026-03-10,V013,Yaoundé,Marché Mvog-Mbi,Palm Oil & Condiments,Tuesday,March,3,0,0,0,0,0,13,1932.0,25112.0
2026-03-11,V013,Yaoundé,Marché Mvog-Mbi,Palm Oil & Condiments,Wednesday,March,3,0,0,0,0,0,10,2381.0,23814.0
2026-03-12,V013,Yaoundé,Marché Mvog-Mbi,Palm Oil & Condiments,Thursday,March,3,0,0,0,0,0,20,1727.0,34541.0
2026-03-13,V013,Yaoundé,Marché Mvog-Mbi,Palm Oil & Condiments,Friday,March,3,0,0,0,0,0,20,1885.0,37709.0
2026-03-14,V013,Yaoundé,Marché Mvog-Mbi,Palm Oil & Condiments,Saturday,March,3,1,0,0,0,0,19,1500.0,28500.0
2026-03-15,V013,Yaoundé,Marché Mvog-Mbi,Palm Oil & Condiments,Sunday,March,3,1,0,0,0,0,15,1995.0,29929.0
2026-03-16,V013,Yaoundé,Marché Mvog-Mbi,Palm Oil & Condiments,Monday,March,3,0,0,0,0,0,15,1615.0,24230.0
2026-03-17,V013,Yaoundé,Marché Mvog-Mbi,Palm Oil & Condiments,Tuesday,March,3,0,0,0,0,0,15,1569.0,23534.0
2026-03-18,V013,Yaoundé,Marché Mvog-Mbi,Palm Oil & Condiments,Wednesday,March,3,0,0,0,0,0,14,2126.0,29769.0
2026-03-19,V013,Yaoundé,Marché Mvog-Mbi,Palm Oil & Condiments,Thursday,March,3,0,0,0,0,0,14,1641.0,22975.0
2026-03-20,V013,Yaoundé,Marché Mvog-Mbi,Palm Oil & Condiments,Friday,March,3,0,0,0,0,0,10,1945.0,19455.0
2026-03-21,V013,Yaoundé,Marché Mvog-Mbi,Palm Oil & Condiments,Saturday,March,3,1,0,0,1,0,18,1971.0,35485.0
2026-03-22,V013,Yaoundé,Marché Mvog-Mbi,Palm Oil & Condiments,Sunday,March,3,1,0,0,0,0,15,1912.0,28676.0
2026-03-23,V013,Yaoundé,Marché Mvog-Mbi,Palm Oil & Condiments,Monday,March,3,0,0,0,0,0,9,2261.0,20352.0
2026-03-24,V013,Yaoundé,Marché Mvog-Mbi,Palm Oil & Condiments,Tuesday,March,3,0,0,0,0,0,23,1552.0,35699.0
2026-03-25,V013,Yaoundé,Marché Mvog-Mbi,Palm Oil & Condiments,Wednesday,March,3,0,0,0,0,0,14,1419.0,19873.0
2026-03-26,V013,Yaoundé,Marché Mvog-Mbi,Palm Oil & Condiments,Thursday,March,3,0,0,0,0,0,13,1857.0,24138.0
2026-03-27,V013,Yaoundé,Marché Mvog-Mbi,Palm Oil & Condiments,Friday,March,3,0,0,0,0,0,16,1959.0,31342.0
2026-03-28,V013,Yaoundé,Marché Mvog-Mbi,Palm Oil & Condiments,Saturday,March,3,1,0,0,0,0,26,1786.0,46444.0
2026-03-29,V013,Yaoundé,Marché Mvog-Mbi,Palm Oil & Condiments,Sunday,March,3,1,0,0,0,1,15,2129.0,31939.0
2026-03-30,V013,Yaoundé,Marché Mvog-Mbi,Palm Oil & Condiments,Monday,March,3,0,0,0,0,1,8,2751.0,22010.0
2026-03-31,V013,Yaoundé,Marché Mvog-Mbi,Palm Oil & Condiments,Tuesday,March,3,0,0,0,0,1,12,2270.0,27236.0
2025-09-01,V014,Yaoundé,Marché Mvog-Mbi,Charcoal & Firewood,Monday,September,9,0,0,1,0,0,3,5685.0,17056.0
2025-09-02,V014,Yaoundé,Marché Mvog-Mbi,Charcoal & Firewood,Tuesday,September,9,0,0,1,0,0,14,1370.0,19186.0
2025-09-03,V014,Yaoundé,Marché Mvog-Mbi,Charcoal & Firewood,Wednesday,September,9,0,0,1,0,0,12,1534.0,18406.0
2025-09-04,V014,Yaoundé,Marché Mvog-Mbi,Charcoal & Firewood,Thursday,September,9,0,0,1,0,0,10,2185.0,21854.0
2025-09-05,V014,Yaoundé,Marché Mvog-Mbi,Charcoal & Firewood,Friday,September,9,0,0,1,0,0,14,1514.0,21192.0
2025-09-06,V014,Yaoundé,Marché Mvog-Mbi,Charcoal & Firewood,Saturday,September,9,1,0,1,1,0,22,1654.0,36379.0
2025-09-07,V014,Yaoundé,Marché Mvog-Mbi,Charcoal & Firewood,Sunday,September,9,1,0,1,0,0,13,2214.0,28777.0
2025-09-08,V014,Yaoundé,Marché Mvog-Mbi,Charcoal & Firewood,Monday,September,9,0,0,1,0,0,6,2615.0,15690.0
2025-09-09,V014,Yaoundé,Marché Mvog-Mbi,Charcoal & Firewood,Tuesday,September,9,0,0,1,0,0,10,1672.0,16716.0
2025-09-10,V014,Yaoundé,Marché Mvog-Mbi,Charcoal & Firewood,Wednesday,September,9,0,0,1,0,0,9,1772.0,15944.0
2025-09-11,V014,Yaoundé,Marché Mvog-Mbi,Charcoal & Firewood,Thursday,September,9,0,0,1,0,0,15,1562.0,23427.0
2025-09-12,V014,Yaoundé,Marché Mvog-Mbi,Charcoal & Firewood,Friday,September,9,0,0,1,0,0,10,2076.0,20764.0
2025-09-13,V014,Yaoundé,Marché Mvog-Mbi,Charcoal & Firewood,Saturday,September,9,1,0,1,0,0,15,1546.0,23192.0
2025-09-14,V014,Yaoundé,Marché Mvog-Mbi,Charcoal & Firewood,Sunday,September,9,1,0,1,0,0,15,2137.0,32048.0
2025-09-15,V014,Yaoundé,Marché Mvog-Mbi,Charcoal & Firewood,Monday,September,9,0,0,1,0,0,7,2470.0,17290.0
2025-09-16,V014,Yaoundé,Marché Mvog-Mbi,Charcoal & Firewood,Tuesday,September,9,0,0,1,0,0,13,1702.0,22131.0
2025-09-17,V014,Yaoundé,Marché Mvog-Mbi,Charcoal & Firewood,Wednesday,September,9,0,0,1,0,0,10,2076.0,20759.0
2025-09-18,V014,Yaoundé,Marché Mvog-Mbi,Charcoal & Firewood,Thursday,September,9,0,0,1,0,0,12,1589.0,19074.0
2025-09-19,V014,Yaoundé,Marché Mvog-Mbi,Charcoal & Firewood,Friday,September,9,0,0,1,0,0,14,1776.0,24865.0
2025-09-20,V014,Yaoundé,Marché Mvog-Mbi,Charcoal & Firewood,Saturday,September,9,1,0,1,1,0,18,1734.0,31214.0
2025-09-21,V014,Yaoundé,Marché Mvog-Mbi,Charcoal & Firewood,Sunday,September,9,1,0,1,0,0,17,1987.0,33778.0
2025-09-22,V014,Yaoundé,Marché Mvog-Mbi,Charcoal & Firewood,Monday,September,9,0,0,1,0,0,10,1922.0,19218.0
2025-09-23,V014,Yaoundé,Marché Mvog-Mbi,Charcoal & Firewood,Tuesday,September,9,0,0,1,0,0,9,1796.0,16163.0
2025-09-24,V014,Yaoundé,Marché Mvog-Mbi,Charcoal & Firewood,Wednesday,September,9,0,0,1,0,0,9,1806.0,16251.0
2025-09-25,V014,Yaoundé,Marché Mvog-Mbi,Charcoal & Firewood,Thursday,September,9,0,0,1,0,0,15,1650.0,24750.0
2025-09-26,V014,Yaoundé,Marché Mvog-Mbi,Charcoal & Firewood,Friday,September,9,0,0,1,0,0,11,2136.0,23492.0
2025-09-27,V014,Yaoundé,Marché Mvog-Mbi,Charcoal & Firewood,Saturday,September,9,1,0,1,0,0,13,2331.0,30297.0
2025-09-28,V014,Yaoundé,Marché Mvog-Mbi,Charcoal & Firewood,Sunday,September,9,1,0,1,0,1,18,1527.0,27478.0
2025-09-29,V014,Yaoundé,Marché Mvog-Mbi,Charcoal & Firewood,Monday,September,9,0,0,1,0,1,14,1652.0,23124.0
2025-09-30,V014,Yaoundé,Marché Mvog-Mbi,Charcoal & Firewood,Tuesday,September,9,0,0,1,0,1,7,2384.0,16685.0
2025-10-01,V014,Yaoundé,Marché Mvog-Mbi,Charcoal & Firewood,Wednesday,October,10,0,0,1,0,0,7,2171.0,15199.0
2025-10-02,V014,Yaoundé,Marché Mvog-Mbi,Charcoal & Firewood,Thursday,October,10,0,0,1,0,0,16,1589.0,25420.0
2025-10-03,V014,Yaoundé,Marché Mvog-Mbi,Charcoal & Firewood,Friday,October,10,0,0,1,0,0,14,1681.0,23535.0
2025-10-04,V014,Yaoundé,Marché Mvog-Mbi,Charcoal & Firewood,Saturday,October,10,1,0,1,1,0,17,1694.0,28795.0
2025-10-05,V014,Yaoundé,Marché Mvog-Mbi,Charcoal & Firewood,Sunday,October,10,1,0,1,0,0,18,2014.0,36247.0
2025-10-06,V014,Yaoundé,Marché Mvog-Mbi,Charcoal & Firewood,Monday,October,10,0,0,1,0,0,12,1658.0,19891.0
2025-10-07,V014,Yaoundé,Marché Mvog-Mbi,Charcoal & Firewood,Tuesday,October,10,0,0,1,0,0,13,1294.0,16822.0
2025-10-08,V014,Yaoundé,Marché Mvog-Mbi,Charcoal & Firewood,Wednesday,October,10,0,0,1,0,0,13,1940.0,25224.0
2025-10-09,V014,Yaoundé,Marché Mvog-Mbi,Charcoal & Firewood,Thursday,October,10,0,0,1,0,0,8,2068.0,16548.0
2025-10-10,V014,Yaoundé,Marché Mvog-Mbi,Charcoal & Firewood,Friday,October,10,0,0,1,0,0,14,1702.0,23821.0
2025-10-11,V014,Yaoundé,Marché Mvog-Mbi,Charcoal & Firewood,Saturday,October,10,1,0,1,0,0,18,1618.0,29126.0
2025-10-12,V014,Yaoundé,Marché Mvog-Mbi,Charcoal & Firewood,Sunday,October,10,1,0,1,0,0,12,1920.0,23042.0
2025-10-13,V014,Yaoundé,Marché Mvog-Mbi,Charcoal & Firewood,Monday,October,10,0,0,1,0,0,8,2203.0,17627.0
2025-10-14,V014,Yaoundé,Marché Mvog-Mbi,Charcoal & Firewood,Tuesday,October,10,0,0,1,0,0,11,1817.0,19983.0
2025-10-15,V014,Yaoundé,Marché Mvog-Mbi,Charcoal & Firewood,Wednesday,October,10,0,0,1,0,0,13,1438.0,18690.0
2025-10-16,V014,Yaoundé,Marché Mvog-Mbi,Charcoal & Firewood,Thursday,October,10,0,0,1,0,0,9,2038.0,18343.0
2025-10-17,V014,Yaoundé,Marché Mvog-Mbi,Charcoal & Firewood,Friday,October,10,0,0,1,0,0,18,1731.0,31150.0
2025-10-18,V014,Yaoundé,Marché Mvog-Mbi,Charcoal & Firewood,Saturday,October,10,1,0,1,1,0,13,2076.0,26993.0
2025-10-19,V014,Yaoundé,Marché Mvog-Mbi,Charcoal & Firewood,Sunday,October,10,1,0,1,0,0,21,1731.0,36357.0
2025-10-20,V014,Yaoundé,Marché Mvog-Mbi,Charcoal & Firewood,Monday,October,10,0,0,1,0,0,5,2245.0,11225.0
2025-10-21,V014,Yaoundé,Marché Mvog-Mbi,Charcoal & Firewood,Tuesday,October,10,0,0,1,0,0,11,1297.0,14267.0
2025-10-22,V014,Yaoundé,Marché Mvog-Mbi,Charcoal & Firewood,Wednesday,October,10,0,0,1,0,0,15,1583.0,23748.0
2025-10-23,V014,Yaoundé,Marché Mvog-Mbi,Charcoal & Firewood,Thursday,October,10,0,0,1,0,0,10,2393.0,23934.0
2025-10-24,V014,Yaoundé,Marché Mvog-Mbi,Charcoal & Firewood,Friday,October,10,0,0,1,0,0,9,2779.0,25010.0
2025-10-25,V014,Yaoundé,Marché Mvog-Mbi,Charcoal & Firewood,Saturday,October,10,1,0,1,0,0,13,2033.0,26427.0
2025-10-26,V014,Yaoundé,Marché Mvog-Mbi,Charcoal & Firewood,Sunday,October,10,1,0,1,0,0,17,1580.0,26861.0
2025-10-27,V014,Yaoundé,Marché Mvog-Mbi,Charcoal & Firewood,Monday,October,10,0,0,1,0,0,12,2254.0,27048.0
2025-10-28,V014,Yaoundé,Marché Mvog-Mbi,Charcoal & Firewood,Tuesday,October,10,0,0,1,0,0,12,1912.0,22943.0
2025-10-29,V014,Yaoundé,Marché Mvog-Mbi,Charcoal & Firewood,Wednesday,October,10,0,0,1,0,1,8,2440.0,19522.0
2025-10-30,V014,Yaoundé,Marché Mvog-Mbi,Charcoal & Firewood,Thursday,October,10,0,0,1,0,1,12,1868.0,22420.0
2025-10-31,V014,Yaoundé,Marché Mvog-Mbi,Charcoal & Firewood,Friday,October,10,0,0,1,0,1,14,1710.0,23935.0
2025-11-01,V014,Yaoundé,Marché Mvog-Mbi,Charcoal & Firewood,Saturday,November,11,1,0,0,1,0,28,1837.0,51429.0
2025-11-02,V014,Yaoundé,Marché Mvog-Mbi,Charcoal & Firewood,Sunday,November,11,1,0,0,0,0,16,1559.0,24945.0
2025-11-03,V014,Yaoundé,Marché Mvog-Mbi,Charcoal & Firewood,Monday,November,11,0,0,0,0,0,12,1297.0,15567.0
2025-11-04,V014,Yaoundé,Marché Mvog-Mbi,Charcoal & Firewood,Tuesday,November,11,0,0,0,0,0,11,2111.0,23219.0
2025-11-05,V014,Yaoundé,Marché Mvog-Mbi,Charcoal & Firewood,Wednesday,November,11,0,0,0,0,0,8,2239.0,17912.0
2025-11-06,V014,Yaoundé,Marché Mvog-Mbi,Charcoal & Firewood,Thursday,November,11,0,0,0,0,0,9,1709.0,15377.0
2025-11-07,V014,Yaoundé,Marché Mvog-Mbi,Charcoal & Firewood,Friday,November,11,0,0,0,0,0,12,1860.0,22318.0
2025-11-08,V014,Yaoundé,Marché Mvog-Mbi,Charcoal & Firewood,Saturday,November,11,1,0,0,0,0,15,1696.0,25433.0
2025-11-09,V014,Yaoundé,Marché Mvog-Mbi,Charcoal & Firewood,Sunday,November,11,1,0,0,0,0,14,2036.0,28499.0
2025-11-10,V014,Yaoundé,Marché Mvog-Mbi,Charcoal & Firewood,Monday,November,11,0,0,0,0,0,11,1798.0,19778.0
2025-11-11,V014,Yaoundé,Marché Mvog-Mbi,Charcoal & Firewood,Tuesday,November,11,0,0,0,0,0,12,2121.0,25449.0
2025-11-12,V014,Yaoundé,Marché Mvog-Mbi,Charcoal & Firewood,Wednesday,November,11,0,0,0,0,0,9,2184.0,19656.0
2025-11-13,V014,Yaoundé,Marché Mvog-Mbi,Charcoal & Firewood,Thursday,November,11,0,0,0,0,0,13,1659.0,21564.0
2025-11-14,V014,Yaoundé,Marché Mvog-Mbi,Charcoal & Firewood,Friday,November,11,0,0,0,0,0,12,1937.0,23250.0
2025-11-15,V014,Yaoundé,Marché Mvog-Mbi,Charcoal & Firewood,Saturday,November,11,1,0,0,1,0,27,1669.0,45051.0
2025-11-16,V014,Yaoundé,Marché Mvog-Mbi,Charcoal & Firewood,Sunday,November,11,1,0,0,0,0,14,1948.0,27274.0
2025-11-17,V014,Yaoundé,Marché Mvog-Mbi,Charcoal & Firewood,Monday,November,11,0,0,0,0,0,10,1778.0,17777.0
2025-11-18,V014,Yaoundé,Marché Mvog-Mbi,Charcoal & Firewood,Tuesday,November,11,0,0,0,0,0,7,2901.0,20305.0
2025-11-19,V014,Yaoundé,Marché Mvog-Mbi,Charcoal & Firewood,Wednesday,November,11,0,0,0,0,0,10,2239.0,22394.0
2025-11-20,V014,Yaoundé,Marché Mvog-Mbi,Charcoal & Firewood,Thursday,November,11,0,0,0,0,0,5,3315.0,16575.0
2025-11-21,V014,Yaoundé,Marché Mvog-Mbi,Charcoal & Firewood,Friday,November,11,0,0,0,0,0,11,2286.0,25146.0
2025-11-22,V014,Yaoundé,Marché Mvog-Mbi,Charcoal & Firewood,Saturday,November,11,1,0,0,0,0,11,1919.0,21108.0
2025-11-23,V014,Yaoundé,Marché Mvog-Mbi,Charcoal & Firewood,Sunday,November,11,1,0,0,0,0,12,1904.0,22846.0
2025-11-24,V014,Yaoundé,Marché Mvog-Mbi,Charcoal & Firewood,Monday,November,11,0,0,0,0,0,12,1380.0,16554.0
2025-11-25,V014,Yaoundé,Marché Mvog-Mbi,Charcoal & Firewood,Tuesday,November,11,0,0,0,0,0,10,2139.0,21391.0
2025-11-26,V014,Yaoundé,Marché Mvog-Mbi,Charcoal & Firewood,Wednesday,November,11,0,0,0,0,0,13,1536.0,19972.0
2025-11-27,V014,Yaoundé,Marché Mvog-Mbi,Charcoal & Firewood,Thursday,November,11,0,0,0,0,0,11,2310.0,25410.0
2025-11-28,V014,Yaoundé,Marché Mvog-Mbi,Charcoal & Firewood,Friday,November,11,0,0,0,0,1,12,2102.0,25229.0
2025-11-29,V014,Yaoundé,Marché Mvog-Mbi,Charcoal & Firewood,Saturday,November,11,1,0,0,0,1,17,2005.0,34091.0
2025-11-30,V014,Yaoundé,Marché Mvog-Mbi,Charcoal & Firewood,Sunday,November,11,1,0,0,0,1,17,1699.0,28875.0
2025-12-01,V014,Yaoundé,Marché Mvog-Mbi,Charcoal & Firewood,Monday,December,12,0,0,0,0,0,11,1983.0,21809.0
2025-12-02,V014,Yaoundé,Marché Mvog-Mbi,Charcoal & Firewood,Tuesday,December,12,0,0,0,0,0,5,2904.0,14521.0
2025-12-03,V014,Yaoundé,Marché Mvog-Mbi,Charcoal & Firewood,Wednesday,December,12,0,0,0,0,0,7,2628.0,18398.0
2025-12-04,V014,Yaoundé,Marché Mvog-Mbi,Charcoal & Firewood,Thursday,December,12,0,0,0,0,0,12,2189.0,26266.0
2025-12-05,V014,Yaoundé,Marché Mvog-Mbi,Charcoal & Firewood,Friday,December,12,0,0,0,0,0,12,2435.0,29215.0
2025-12-06,V014,Yaoundé,Marché Mvog-Mbi,Charcoal & Firewood,Saturday,December,12,1,0,0,1,0,23,1853.0,42615.0
2025-12-07,V014,Yaoundé,Marché Mvog-Mbi,Charcoal & Firewood,Sunday,December,12,1,0,0,0,0,15,2184.0,32764.0
2025-12-08,V014,Yaoundé,Marché Mvog-Mbi,Charcoal & Firewood,Monday,December,12,0,0,0,0,0,8,2094.0,16748.0
2025-12-09,V014,Yaoundé,Marché Mvog-Mbi,Charcoal & Firewood,Tuesday,December,12,0,0,0,0,0,9,2107.0,18961.0
2025-12-10,V014,Yaoundé,Marché Mvog-Mbi,Charcoal & Firewood,Wednesday,December,12,0,0,0,0,0,9,2116.0,19048.0
2025-12-11,V014,Yaoundé,Marché Mvog-Mbi,Charcoal & Firewood,Thursday,December,12,0,0,0,0,0,10,1473.0,14734.0
2025-12-12,V014,Yaoundé,Marché Mvog-Mbi,Charcoal & Firewood,Friday,December,12,0,0,0,0,0,24,1823.0,43755.0
2025-12-13,V014,Yaoundé,Marché Mvog-Mbi,Charcoal & Firewood,Saturday,December,12,1,0,0,0,0,12,2179.0,26153.0
2025-12-14,V014,Yaoundé,Marché Mvog-Mbi,Charcoal & Firewood,Sunday,December,12,1,0,0,0,0,16,1742.0,27868.0
2025-12-15,V014,Yaoundé,Marché Mvog-Mbi,Charcoal & Firewood,Monday,December,12,0,0,0,0,0,11,1601.0,17614.0
2025-12-16,V014,Yaoundé,Marché Mvog-Mbi,Charcoal & Firewood,Tuesday,December,12,0,0,0,0,0,8,1680.0,13442.0
2025-12-17,V014,Yaoundé,Marché Mvog-Mbi,Charcoal & Firewood,Wednesday,December,12,0,0,0,0,0,9,2343.0,21085.0
2025-12-18,V014,Yaoundé,Marché Mvog-Mbi,Charcoal & Firewood,Thursday,December,12,0,0,0,0,0,9,1836.0,16526.0
2025-12-19,V014,Yaoundé,Marché Mvog-Mbi,Charcoal & Firewood,Friday,December,12,0,0,0,0,0,18,1871.0,33680.0
2025-12-20,V014,Yaoundé,Marché Mvog-Mbi,Charcoal & Firewood,Saturday,December,12,1,0,0,1,0,18,1804.0,32474.0
2025-12-21,V014,Yaoundé,Marché Mvog-Mbi,Charcoal & Firewood,Sunday,December,12,1,0,0,0,0,20,1732.0,34634.0
2025-12-22,V014,Yaoundé,Marché Mvog-Mbi,Charcoal & Firewood,Monday,December,12,0,0,0,0,0,13,1571.0,20428.0
2025-12-23,V014,Yaoundé,Marché Mvog-Mbi,Charcoal & Firewood,Tuesday,December,12,0,0,0,0,0,10,2122.0,21219.0
2025-12-24,V014,Yaoundé,Marché Mvog-Mbi,Charcoal & Firewood,Wednesday,December,12,0,0,0,0,0,6,2460.0,14758.0
2025-12-25,V014,Yaoundé,Marché Mvog-Mbi,Charcoal & Firewood,Thursday,December,12,0,1,0,0,0,13,1686.0,21916.0
2025-12-26,V014,Yaoundé,Marché Mvog-Mbi,Charcoal & Firewood,Friday,December,12,0,0,0,0,0,17,1776.0,30184.0
2025-12-27,V014,Yaoundé,Marché Mvog-Mbi,Charcoal & Firewood,Saturday,December,12,1,0,0,0,0,17,1502.0,25535.0
2025-12-28,V014,Yaoundé,Marché Mvog-Mbi,Charcoal & Firewood,Sunday,December,12,1,0,0,0,0,14,1654.0,23154.0
2025-12-29,V014,Yaoundé,Marché Mvog-Mbi,Charcoal & Firewood,Monday,December,12,0,0,0,0,1,12,1792.0,21509.0
2025-12-30,V014,Yaoundé,Marché Mvog-Mbi,Charcoal & Firewood,Tuesday,December,12,0,0,0,0,1,12,2069.0,24826.0
2025-12-31,V014,Yaoundé,Marché Mvog-Mbi,Charcoal & Firewood,Wednesday,December,12,0,0,0,0,1,13,2260.0,29386.0
2026-01-01,V014,Yaoundé,Marché Mvog-Mbi,Charcoal & Firewood,Thursday,January,1,0,1,0,0,0,14,1584.0,22179.0
2026-01-02,V014,Yaoundé,Marché Mvog-Mbi,Charcoal & Firewood,Friday,January,1,0,0,0,0,0,21,1384.0,29073.0
2026-01-03,V014,Yaoundé,Marché Mvog-Mbi,Charcoal & Firewood,Saturday,January,1,1,0,0,1,0,24,1597.0,38330.0
2026-01-04,V014,Yaoundé,Marché Mvog-Mbi,Charcoal & Firewood,Sunday,January,1,1,0,0,0,0,7,2552.0,17863.0
2026-01-05,V014,Yaoundé,Marché Mvog-Mbi,Charcoal & Firewood,Monday,January,1,0,0,0,0,0,8,2723.0,21781.0
2026-01-06,V014,Yaoundé,Marché Mvog-Mbi,Charcoal & Firewood,Tuesday,January,1,0,0,0,0,0,12,1567.0,18809.0
2026-01-07,V014,Yaoundé,Marché Mvog-Mbi,Charcoal & Firewood,Wednesday,January,1,0,0,0,0,0,12,1842.0,22109.0
2026-01-08,V014,Yaoundé,Marché Mvog-Mbi,Charcoal & Firewood,Thursday,January,1,0,0,0,0,0,11,1794.0,19729.0
2026-01-09,V014,Yaoundé,Marché Mvog-Mbi,Charcoal & Firewood,Friday,January,1,0,0,0,0,0,14,2072.0,29006.0
2026-01-10,V014,Yaoundé,Marché Mvog-Mbi,Charcoal & Firewood,Saturday,January,1,1,0,0,0,0,21,1634.0,34306.0
2026-01-11,V014,Yaoundé,Marché Mvog-Mbi,Charcoal & Firewood,Sunday,January,1,1,0,0,0,0,13,1844.0,23976.0
2026-01-12,V014,Yaoundé,Marché Mvog-Mbi,Charcoal & Firewood,Monday,January,1,0,0,0,0,0,12,1685.0,20225.0
2026-01-13,V014,Yaoundé,Marché Mvog-Mbi,Charcoal & Firewood,Tuesday,January,1,0,0,0,0,0,10,2283.0,22828.0
2026-01-14,V014,Yaoundé,Marché Mvog-Mbi,Charcoal & Firewood,Wednesday,January,1,0,0,0,0,0,9,2041.0,18367.0
2026-01-15,V014,Yaoundé,Marché Mvog-Mbi,Charcoal & Firewood,Thursday,January,1,0,0,0,0,0,6,3030.0,18178.0
2026-01-16,V014,Yaoundé,Marché Mvog-Mbi,Charcoal & Firewood,Friday,January,1,0,0,0,0,0,10,1455.0,14553.0
2026-01-17,V014,Yaoundé,Marché Mvog-Mbi,Charcoal & Firewood,Saturday,January,1,1,0,0,1,0,19,1506.0,28623.0
2026-01-18,V014,Yaoundé,Marché Mvog-Mbi,Charcoal & Firewood,Sunday,January,1,1,0,0,0,0,15,1901.0,28508.0
2026-01-19,V014,Yaoundé,Marché Mvog-Mbi,Charcoal & Firewood,Monday,January,1,0,0,0,0,0,12,1726.0,20714.0
2026-01-20,V014,Yaoundé,Marché Mvog-Mbi,Charcoal & Firewood,Tuesday,January,1,0,0,0,0,0,8,1998.0,15983.0
2026-01-21,V014,Yaoundé,Marché Mvog-Mbi,Charcoal & Firewood,Wednesday,January,1,0,0,0,0,0,10,1694.0,16935.0
2026-01-22,V014,Yaoundé,Marché Mvog-Mbi,Charcoal & Firewood,Thursday,January,1,0,0,0,0,0,10,1881.0,18806.0
2026-01-23,V014,Yaoundé,Marché Mvog-Mbi,Charcoal & Firewood,Friday,January,1,0,0,0,0,0,14,1821.0,25494.0
2026-01-24,V014,Yaoundé,Marché Mvog-Mbi,Charcoal & Firewood,Saturday,January,1,1,0,0,0,0,23,1882.0,43279.0
2026-01-25,V014,Yaoundé,Marché Mvog-Mbi,Charcoal & Firewood,Sunday,January,1,1,0,0,0,0,18,1726.0,31072.0
2026-01-26,V014,Yaoundé,Marché Mvog-Mbi,Charcoal & Firewood,Monday,January,1,0,0,0,0,0,12,1994.0,23930.0
2026-01-27,V014,Yaoundé,Marché Mvog-Mbi,Charcoal & Firewood,Tuesday,January,1,0,0,0,0,0,12,1841.0,22091.0
2026-01-28,V014,Yaoundé,Marché Mvog-Mbi,Charcoal & Firewood,Wednesday,January,1,0,0,0,0,0,4,2949.0,11795.0
2026-01-29,V014,Yaoundé,Marché Mvog-Mbi,Charcoal & Firewood,Thursday,January,1,0,0,0,0,1,16,1707.0,27318.0
2026-01-30,V014,Yaoundé,Marché Mvog-Mbi,Charcoal & Firewood,Friday,January,1,0,0,0,0,1,13,1832.0,23814.0
2026-01-31,V014,Yaoundé,Marché Mvog-Mbi,Charcoal & Firewood,Saturday,January,1,1,0,0,0,1,22,1836.0,40397.0
2026-02-01,V014,Yaoundé,Marché Mvog-Mbi,Charcoal & Firewood,Sunday,February,2,1,0,0,0,0,16,1778.0,28454.0
2026-02-02,V014,Yaoundé,Marché Mvog-Mbi,Charcoal & Firewood,Monday,February,2,0,0,0,0,0,9,2047.0,18421.0
2026-02-03,V014,Yaoundé,Marché Mvog-Mbi,Charcoal & Firewood,Tuesday,February,2,0,0,0,0,0,13,1809.0,23512.0
2026-02-04,V014,Yaoundé,Marché Mvog-Mbi,Charcoal & Firewood,Wednesday,February,2,0,0,0,0,0,9,1750.0,15754.0
2026-02-05,V014,Yaoundé,Marché Mvog-Mbi,Charcoal & Firewood,Thursday,February,2,0,0,0,0,0,7,2484.0,17388.0
2026-02-06,V014,Yaoundé,Marché Mvog-Mbi,Charcoal & Firewood,Friday,February,2,0,0,0,0,0,13,1788.0,23249.0
2026-02-07,V014,Yaoundé,Marché Mvog-Mbi,Charcoal & Firewood,Saturday,February,2,1,0,0,1,0,21,1929.0,40501.0
2026-02-08,V014,Yaoundé,Marché Mvog-Mbi,Charcoal & Firewood,Sunday,February,2,1,0,0,0,0,11,2124.0,23368.0
2026-02-09,V014,Yaoundé,Marché Mvog-Mbi,Charcoal & Firewood,Monday,February,2,0,0,0,0,0,6,3731.0,22385.0
2026-02-10,V014,Yaoundé,Marché Mvog-Mbi,Charcoal & Firewood,Tuesday,February,2,0,0,0,0,0,13,1418.0,18436.0
2026-02-11,V014,Yaoundé,Marché Mvog-Mbi,Charcoal & Firewood,Wednesday,February,2,0,1,0,0,0,17,1630.0,27716.0
2026-02-12,V014,Yaoundé,Marché Mvog-Mbi,Charcoal & Firewood,Thursday,February,2,0,0,0,0,0,5,2966.0,14832.0
2026-02-13,V014,Yaoundé,Marché Mvog-Mbi,Charcoal & Firewood,Friday,February,2,0,0,0,0,0,19,1509.0,28678.0
2026-02-14,V014,Yaoundé,Marché Mvog-Mbi,Charcoal & Firewood,Saturday,February,2,1,0,0,0,0,13,2010.0,26127.0
2026-02-15,V014,Yaoundé,Marché Mvog-Mbi,Charcoal & Firewood,Sunday,February,2,1,0,0,0,0,11,2439.0,26826.0
2026-02-16,V014,Yaoundé,Marché Mvog-Mbi,Charcoal & Firewood,Monday,February,2,0,0,0,0,0,5,4073.0,20363.0
2026-02-17,V014,Yaoundé,Marché Mvog-Mbi,Charcoal & Firewood,Tuesday,February,2,0,0,0,0,0,9,2366.0,21295.0
2026-02-18,V014,Yaoundé,Marché Mvog-Mbi,Charcoal & Firewood,Wednesday,February,2,0,0,0,0,0,11,1694.0,18638.0
2026-02-19,V014,Yaoundé,Marché Mvog-Mbi,Charcoal & Firewood,Thursday,February,2,0,0,0,0,0,12,1932.0,23184.0
2026-02-20,V014,Yaoundé,Marché Mvog-Mbi,Charcoal & Firewood,Friday,February,2,0,0,0,0,0,13,2394.0,31126.0
2026-02-21,V014,Yaoundé,Marché Mvog-Mbi,Charcoal & Firewood,Saturday,February,2,1,0,0,1,0,20,1964.0,39280.0
2026-02-22,V014,Yaoundé,Marché Mvog-Mbi,Charcoal & Firewood,Sunday,February,2,1,0,0,0,0,17,1732.0,29439.0
2026-02-23,V014,Yaoundé,Marché Mvog-Mbi,Charcoal & Firewood,Monday,February,2,0,0,0,0,0,15,1408.0,21116.0
2026-02-24,V014,Yaoundé,Marché Mvog-Mbi,Charcoal & Firewood,Tuesday,February,2,0,0,0,0,0,12,1989.0,23869.0
2026-02-25,V014,Yaoundé,Marché Mvog-Mbi,Charcoal & Firewood,Wednesday,February,2,0,0,0,0,0,12,1683.0,20197.0
2026-02-26,V014,Yaoundé,Marché Mvog-Mbi,Charcoal & Firewood,Thursday,February,2,0,0,0,0,1,15,1681.0,25209.0
2026-02-27,V014,Yaoundé,Marché Mvog-Mbi,Charcoal & Firewood,Friday,February,2,0,0,0,0,1,14,1437.0,20124.0
2026-02-28,V014,Yaoundé,Marché Mvog-Mbi,Charcoal & Firewood,Saturday,February,2,1,0,0,0,1,17,2194.0,37306.0
2026-03-01,V014,Yaoundé,Marché Mvog-Mbi,Charcoal & Firewood,Sunday,March,3,1,0,0,0,0,7,3024.0,21170.0
2026-03-02,V014,Yaoundé,Marché Mvog-Mbi,Charcoal & Firewood,Monday,March,3,0,0,0,0,0,8,1904.0,15235.0
2026-03-03,V014,Yaoundé,Marché Mvog-Mbi,Charcoal & Firewood,Tuesday,March,3,0,0,0,0,0,15,1707.0,25598.0
2026-03-04,V014,Yaoundé,Marché Mvog-Mbi,Charcoal & Firewood,Wednesday,March,3,0,0,0,0,0,9,2341.0,21067.0
2026-03-05,V014,Yaoundé,Marché Mvog-Mbi,Charcoal & Firewood,Thursday,March,3,0,0,0,0,0,8,2305.0,18440.0
2026-03-06,V014,Yaoundé,Marché Mvog-Mbi,Charcoal & Firewood,Friday,March,3,0,0,0,0,0,12,1919.0,23023.0
2026-03-07,V014,Yaoundé,Marché Mvog-Mbi,Charcoal & Firewood,Saturday,March,3,1,0,0,1,0,19,1896.0,36026.0
2026-03-08,V014,Yaoundé,Marché Mvog-Mbi,Charcoal & Firewood,Sunday,March,3,1,1,0,0,0,15,1843.0,27644.0
2026-03-09,V014,Yaoundé,Marché Mvog-Mbi,Charcoal & Firewood,Monday,March,3,0,0,0,0,0,6,2920.0,17518.0
2026-03-10,V014,Yaoundé,Marché Mvog-Mbi,Charcoal & Firewood,Tuesday,March,3,0,0,0,0,0,10,1961.0,19610.0
2026-03-11,V014,Yaoundé,Marché Mvog-Mbi,Charcoal & Firewood,Wednesday,March,3,0,0,0,0,0,7,2172.0,15202.0
2026-03-12,V014,Yaoundé,Marché Mvog-Mbi,Charcoal & Firewood,Thursday,March,3,0,0,0,0,0,10,2382.0,23817.0
2026-03-13,V014,Yaoundé,Marché Mvog-Mbi,Charcoal & Firewood,Friday,March,3,0,0,0,0,0,10,2091.0,20906.0
2026-03-14,V014,Yaoundé,Marché Mvog-Mbi,Charcoal & Firewood,Saturday,March,3,1,0,0,0,0,23,1561.0,35893.0
2026-03-15,V014,Yaoundé,Marché Mvog-Mbi,Charcoal & Firewood,Sunday,March,3,1,0,0,0,0,17,1653.0,28098.0
2026-03-16,V014,Yaoundé,Marché Mvog-Mbi,Charcoal & Firewood,Monday,March,3,0,0,0,0,0,9,2192.0,19732.0
2026-03-17,V014,Yaoundé,Marché Mvog-Mbi,Charcoal & Firewood,Tuesday,March,3,0,0,0,0,0,12,1826.0,21915.0
2026-03-18,V014,Yaoundé,Marché Mvog-Mbi,Charcoal & Firewood,Wednesday,March,3,0,0,0,0,0,10,2162.0,21621.0
2026-03-19,V014,Yaoundé,Marché Mvog-Mbi,Charcoal & Firewood,Thursday,March,3,0,0,0,0,0,12,1939.0,23264.0
2026-03-20,V014,Yaoundé,Marché Mvog-Mbi,Charcoal & Firewood,Friday,March,3,0,0,0,0,0,14,1947.0,27255.0
2026-03-21,V014,Yaoundé,Marché Mvog-Mbi,Charcoal & Firewood,Saturday,March,3,1,0,0,1,0,20,1801.0,36018.0
2026-03-22,V014,Yaoundé,Marché Mvog-Mbi,Charcoal & Firewood,Sunday,March,3,1,0,0,0,0,9,2577.0,23196.0
2026-03-23,V014,Yaoundé,Marché Mvog-Mbi,Charcoal & Firewood,Monday,March,3,0,0,0,0,0,7,1890.0,13230.0
2026-03-24,V014,Yaoundé,Marché Mvog-Mbi,Charcoal & Firewood,Tuesday,March,3,0,0,0,0,0,6,2997.0,17982.0
2026-03-25,V014,Yaoundé,Marché Mvog-Mbi,Charcoal & Firewood,Wednesday,March,3,0,0,0,0,0,11,1872.0,20593.0
2026-03-26,V014,Yaoundé,Marché Mvog-Mbi,Charcoal & Firewood,Thursday,March,3,0,0,0,0,0,11,1777.0,19551.0
2026-03-27,V014,Yaoundé,Marché Mvog-Mbi,Charcoal & Firewood,Friday,March,3,0,0,0,0,0,20,1656.0,33126.0
2026-03-28,V014,Yaoundé,Marché Mvog-Mbi,Charcoal & Firewood,Saturday,March,3,1,0,0,0,0,18,1829.0,32927.0
2026-03-29,V014,Yaoundé,Marché Mvog-Mbi,Charcoal & Firewood,Sunday,March,3,1,0,0,0,1,17,1737.0,29525.0
2026-03-30,V014,Yaoundé,Marché Mvog-Mbi,Charcoal & Firewood,Monday,March,3,0,0,0,0,1,11,1847.0,20314.0
2026-03-31,V014,Yaoundé,Marché Mvog-Mbi,Charcoal & Firewood,Tuesday,March,3,0,0,0,0,1,9,1876.0,16884.0
2025-09-01,V015,Yaoundé,Marché Essos,Plantain & Cassava,Monday,September,9,0,0,1,0,0,8,1782.0,14253.0
2025-09-02,V015,Yaoundé,Marché Essos,Plantain & Cassava,Tuesday,September,9,0,0,1,0,0,8,1799.0,14390.0
2025-09-03,V015,Yaoundé,Marché Essos,Plantain & Cassava,Wednesday,September,9,0,0,1,0,0,5,2397.0,11985.0
2025-09-04,V015,Yaoundé,Marché Essos,Plantain & Cassava,Thursday,September,9,0,0,1,0,0,11,1819.0,20010.0
2025-09-05,V015,Yaoundé,Marché Essos,Plantain & Cassava,Friday,September,9,0,0,1,0,0,10,2336.0,23365.0
2025-09-06,V015,Yaoundé,Marché Essos,Plantain & Cassava,Saturday,September,9,1,0,1,1,0,18,1590.0,28628.0
2025-09-07,V015,Yaoundé,Marché Essos,Plantain & Cassava,Sunday,September,9,1,0,1,0,0,13,1936.0,25163.0
2025-09-08,V015,Yaoundé,Marché Essos,Plantain & Cassava,Monday,September,9,0,0,1,0,0,7,1988.0,13913.0
2025-09-09,V015,Yaoundé,Marché Essos,Plantain & Cassava,Tuesday,September,9,0,0,1,0,0,9,1859.0,16729.0
2025-09-10,V015,Yaoundé,Marché Essos,Plantain & Cassava,Wednesday,September,9,0,0,1,0,0,13,1625.0,21131.0
2025-09-11,V015,Yaoundé,Marché Essos,Plantain & Cassava,Thursday,September,9,0,0,1,0,0,14,1829.0,25606.0
2025-09-12,V015,Yaoundé,Marché Essos,Plantain & Cassava,Friday,September,9,0,0,1,0,0,10,2082.0,20818.0
2025-09-13,V015,Yaoundé,Marché Essos,Plantain & Cassava,Saturday,September,9,1,0,1,0,0,19,1886.0,35832.0
2025-09-14,V015,Yaoundé,Marché Essos,Plantain & Cassava,Sunday,September,9,1,0,1,0,0,16,1737.0,27798.0
2025-09-15,V015,Yaoundé,Marché Essos,Plantain & Cassava,Monday,September,9,0,0,1,0,0,5,3641.0,18203.0
2025-09-16,V015,Yaoundé,Marché Essos,Plantain & Cassava,Tuesday,September,9,0,0,1,0,0,4,3513.0,14053.0
2025-09-17,V015,Yaoundé,Marché Essos,Plantain & Cassava,Wednesday,September,9,0,0,1,0,0,11,1238.0,13621.0
2025-09-18,V015,Yaoundé,Marché Essos,Plantain & Cassava,Thursday,September,9,0,0,1,0,0,10,1818.0,18175.0
2025-09-19,V015,Yaoundé,Marché Essos,Plantain & Cassava,Friday,September,9,0,0,1,0,0,16,1688.0,27005.0
2025-09-20,V015,Yaoundé,Marché Essos,Plantain & Cassava,Saturday,September,9,1,0,1,1,0,19,1709.0,32463.0
2025-09-21,V015,Yaoundé,Marché Essos,Plantain & Cassava,Sunday,September,9,1,0,1,0,0,19,2060.0,39142.0
2025-09-22,V015,Yaoundé,Marché Essos,Plantain & Cassava,Monday,September,9,0,0,1,0,0,11,1525.0,16779.0
2025-09-23,V015,Yaoundé,Marché Essos,Plantain & Cassava,Tuesday,September,9,0,0,1,0,0,3,3986.0,11959.0
2025-09-24,V015,Yaoundé,Marché Essos,Plantain & Cassava,Wednesday,September,9,0,0,1,0,0,9,2057.0,18512.0
2025-09-25,V015,Yaoundé,Marché Essos,Plantain & Cassava,Thursday,September,9,0,0,1,0,0,9,1629.0,14658.0
2025-09-26,V015,Yaoundé,Marché Essos,Plantain & Cassava,Friday,September,9,0,0,1,0,0,11,1902.0,20925.0
2025-09-27,V015,Yaoundé,Marché Essos,Plantain & Cassava,Saturday,September,9,1,0,1,0,0,16,1768.0,28290.0
2025-09-28,V015,Yaoundé,Marché Essos,Plantain & Cassava,Sunday,September,9,1,0,1,0,1,17,1893.0,32178.0
2025-09-29,V015,Yaoundé,Marché Essos,Plantain & Cassava,Monday,September,9,0,0,1,0,1,16,1787.0,28585.0
2025-09-30,V015,Yaoundé,Marché Essos,Plantain & Cassava,Tuesday,September,9,0,0,1,0,1,11,1883.0,20716.0
2025-10-01,V015,Yaoundé,Marché Essos,Plantain & Cassava,Wednesday,October,10,0,0,1,0,0,14,1408.0,19708.0
2025-10-02,V015,Yaoundé,Marché Essos,Plantain & Cassava,Thursday,October,10,0,0,1,0,0,7,2977.0,20841.0
2025-10-03,V015,Yaoundé,Marché Essos,Plantain & Cassava,Friday,October,10,0,0,1,0,0,16,2034.0,32539.0
2025-10-04,V015,Yaoundé,Marché Essos,Plantain & Cassava,Saturday,October,10,1,0,1,1,0,16,2123.0,33975.0
2025-10-05,V015,Yaoundé,Marché Essos,Plantain & Cassava,Sunday,October,10,1,0,1,0,0,12,1578.0,18942.0
2025-10-06,V015,Yaoundé,Marché Essos,Plantain & Cassava,Monday,October,10,0,0,1,0,0,11,1499.0,16491.0
2025-10-07,V015,Yaoundé,Marché Essos,Plantain & Cassava,Tuesday,October,10,0,0,1,0,0,12,1865.0,22374.0
2025-10-08,V015,Yaoundé,Marché Essos,Plantain & Cassava,Wednesday,October,10,0,0,1,0,0,8,1562.0,12495.0
2025-10-09,V015,Yaoundé,Marché Essos,Plantain & Cassava,Thursday,October,10,0,0,1,0,0,10,2358.0,23581.0
2025-10-10,V015,Yaoundé,Marché Essos,Plantain & Cassava,Friday,October,10,0,0,1,0,0,8,2257.0,18057.0
2025-10-11,V015,Yaoundé,Marché Essos,Plantain & Cassava,Saturday,October,10,1,0,1,0,0,18,1590.0,28620.0
2025-10-12,V015,Yaoundé,Marché Essos,Plantain & Cassava,Sunday,October,10,1,0,1,0,0,16,1780.0,28477.0
2025-10-13,V015,Yaoundé,Marché Essos,Plantain & Cassava,Monday,October,10,0,0,1,0,0,6,2408.0,14451.0
2025-10-14,V015,Yaoundé,Marché Essos,Plantain & Cassava,Tuesday,October,10,0,0,1,0,0,3,4136.0,12407.0
2025-10-15,V015,Yaoundé,Marché Essos,Plantain & Cassava,Wednesday,October,10,0,0,1,0,0,9,1551.0,13955.0
2025-10-16,V015,Yaoundé,Marché Essos,Plantain & Cassava,Thursday,October,10,0,0,1,0,0,6,2245.0,13470.0
2025-10-17,V015,Yaoundé,Marché Essos,Plantain & Cassava,Friday,October,10,0,0,1,0,0,7,2970.0,20793.0
2025-10-18,V015,Yaoundé,Marché Essos,Plantain & Cassava,Saturday,October,10,1,0,1,1,0,17,1893.0,32175.0
2025-10-19,V015,Yaoundé,Marché Essos,Plantain & Cassava,Sunday,October,10,1,0,1,0,0,6,2701.0,16203.0
2025-10-20,V015,Yaoundé,Marché Essos,Plantain & Cassava,Monday,October,10,0,0,1,0,0,14,1842.0,25789.0
2025-10-21,V015,Yaoundé,Marché Essos,Plantain & Cassava,Tuesday,October,10,0,0,1,0,0,9,1713.0,15415.0
2025-10-22,V015,Yaoundé,Marché Essos,Plantain & Cassava,Wednesday,October,10,0,0,1,0,0,6,2736.0,16418.0
2025-10-23,V015,Yaoundé,Marché Essos,Plantain & Cassava,Thursday,October,10,0,0,1,0,0,8,2109.0,16873.0
2025-10-24,V015,Yaoundé,Marché Essos,Plantain & Cassava,Friday,October,10,0,0,1,0,0,16,1402.0,22428.0
2025-10-25,V015,Yaoundé,Marché Essos,Plantain & Cassava,Saturday,October,10,1,0,1,0,0,13,2153.0,27988.0
2025-10-26,V015,Yaoundé,Marché Essos,Plantain & Cassava,Sunday,October,10,1,0,1,0,0,9,1655.0,14896.0
2025-10-27,V015,Yaoundé,Marché Essos,Plantain & Cassava,Monday,October,10,0,0,1,0,0,6,2242.0,13453.0
2025-10-28,V015,Yaoundé,Marché Essos,Plantain & Cassava,Tuesday,October,10,0,0,1,0,0,9,1599.0,14395.0
2025-10-29,V015,Yaoundé,Marché Essos,Plantain & Cassava,Wednesday,October,10,0,0,1,0,1,17,1726.0,29337.0
2025-10-30,V015,Yaoundé,Marché Essos,Plantain & Cassava,Thursday,October,10,0,0,1,0,1,15,1315.0,19721.0
2025-10-31,V015,Yaoundé,Marché Essos,Plantain & Cassava,Friday,October,10,0,0,1,0,1,11,2066.0,22724.0
2025-11-01,V015,Yaoundé,Marché Essos,Plantain & Cassava,Saturday,November,11,1,0,0,1,0,16,2201.0,35213.0
2025-11-02,V015,Yaoundé,Marché Essos,Plantain & Cassava,Sunday,November,11,1,0,0,0,0,16,1448.0,23169.0
2025-11-03,V015,Yaoundé,Marché Essos,Plantain & Cassava,Monday,November,11,0,0,0,0,0,9,1957.0,17616.0
2025-11-04,V015,Yaoundé,Marché Essos,Plantain & Cassava,Tuesday,November,11,0,0,0,0,0,10,1612.0,16124.0
2025-11-05,V015,Yaoundé,Marché Essos,Plantain & Cassava,Wednesday,November,11,0,0,0,0,0,12,1342.0,16101.0
2025-11-06,V015,Yaoundé,Marché Essos,Plantain & Cassava,Thursday,November,11,0,0,0,0,0,16,1751.0,28013.0
2025-11-07,V015,Yaoundé,Marché Essos,Plantain & Cassava,Friday,November,11,0,0,0,0,0,15,1608.0,24125.0
2025-11-08,V015,Yaoundé,Marché Essos,Plantain & Cassava,Saturday,November,11,1,0,0,0,0,18,2007.0,36132.0
2025-11-09,V015,Yaoundé,Marché Essos,Plantain & Cassava,Sunday,November,11,1,0,0,0,0,9,2332.0,20990.0
2025-11-10,V015,Yaoundé,Marché Essos,Plantain & Cassava,Monday,November,11,0,0,0,0,0,11,1677.0,18452.0
2025-11-11,V015,Yaoundé,Marché Essos,Plantain & Cassava,Tuesday,November,11,0,0,0,0,0,6,2356.0,14134.0
2025-11-12,V015,Yaoundé,Marché Essos,Plantain & Cassava,Wednesday,November,11,0,0,0,0,0,6,2443.0,14658.0
2025-11-13,V015,Yaoundé,Marché Essos,Plantain & Cassava,Thursday,November,11,0,0,0,0,0,10,2184.0,21842.0
2025-11-14,V015,Yaoundé,Marché Essos,Plantain & Cassava,Friday,November,11,0,0,0,0,0,9,2545.0,22901.0
2025-11-15,V015,Yaoundé,Marché Essos,Plantain & Cassava,Saturday,November,11,1,0,0,1,0,20,1810.0,36209.0
2025-11-16,V015,Yaoundé,Marché Essos,Plantain & Cassava,Sunday,November,11,1,0,0,0,0,10,2024.0,20239.0
2025-11-17,V015,Yaoundé,Marché Essos,Plantain & Cassava,Monday,November,11,0,0,0,0,0,8,2213.0,17708.0
2025-11-18,V015,Yaoundé,Marché Essos,Plantain & Cassava,Tuesday,November,11,0,0,0,0,0,11,1256.0,13816.0
2025-11-19,V015,Yaoundé,Marché Essos,Plantain & Cassava,Wednesday,November,11,0,0,0,0,0,9,1852.0,16668.0
2025-11-20,V015,Yaoundé,Marché Essos,Plantain & Cassava,Thursday,November,11,0,0,0,0,0,20,1186.0,23727.0
2025-11-21,V015,Yaoundé,Marché Essos,Plantain & Cassava,Friday,November,11,0,0,0,0,0,11,1757.0,19324.0
2025-11-22,V015,Yaoundé,Marché Essos,Plantain & Cassava,Saturday,November,11,1,0,0,0,0,13,2009.0,26122.0
2025-11-23,V015,Yaoundé,Marché Essos,Plantain & Cassava,Sunday,November,11,1,0,0,0,0,9,2252.0,20271.0
2025-11-24,V015,Yaoundé,Marché Essos,Plantain & Cassava,Monday,November,11,0,0,0,0,0,6,2836.0,17016.0
2025-11-25,V015,Yaoundé,Marché Essos,Plantain & Cassava,Tuesday,November,11,0,0,0,0,0,11,1943.0,21370.0
2025-11-26,V015,Yaoundé,Marché Essos,Plantain & Cassava,Wednesday,November,11,0,0,0,0,0,10,2016.0,20157.0
2025-11-27,V015,Yaoundé,Marché Essos,Plantain & Cassava,Thursday,November,11,0,0,0,0,0,10,1851.0,18515.0
2025-11-28,V015,Yaoundé,Marché Essos,Plantain & Cassava,Friday,November,11,0,0,0,0,1,11,2050.0,22546.0
2025-11-29,V015,Yaoundé,Marché Essos,Plantain & Cassava,Saturday,November,11,1,0,0,0,1,14,2088.0,29229.0
2025-11-30,V015,Yaoundé,Marché Essos,Plantain & Cassava,Sunday,November,11,1,0,0,0,1,12,1513.0,18152.0
2025-12-01,V015,Yaoundé,Marché Essos,Plantain & Cassava,Monday,December,12,0,0,0,0,0,10,1515.0,15150.0
2025-12-02,V015,Yaoundé,Marché Essos,Plantain & Cassava,Tuesday,December,12,0,0,0,0,0,9,2427.0,21845.0
2025-12-03,V015,Yaoundé,Marché Essos,Plantain & Cassava,Wednesday,December,12,0,0,0,0,0,13,1181.0,15357.0
2025-12-04,V015,Yaoundé,Marché Essos,Plantain & Cassava,Thursday,December,12,0,0,0,0,0,14,1936.0,27108.0
2025-12-05,V015,Yaoundé,Marché Essos,Plantain & Cassava,Friday,December,12,0,0,0,0,0,12,2110.0,25322.0
2025-12-06,V015,Yaoundé,Marché Essos,Plantain & Cassava,Saturday,December,12,1,0,0,1,0,19,1992.0,37844.0
2025-12-07,V015,Yaoundé,Marché Essos,Plantain & Cassava,Sunday,December,12,1,0,0,0,0,6,2668.0,16006.0
2025-12-08,V015,Yaoundé,Marché Essos,Plantain & Cassava,Monday,December,12,0,0,0,0,0,7,2458.0,17208.0
2025-12-09,V015,Yaoundé,Marché Essos,Plantain & Cassava,Tuesday,December,12,0,0,0,0,0,7,2544.0,17805.0
2025-12-10,V015,Yaoundé,Marché Essos,Plantain & Cassava,Wednesday,December,12,0,0,0,0,0,10,1623.0,16227.0
2025-12-11,V015,Yaoundé,Marché Essos,Plantain & Cassava,Thursday,December,12,0,0,0,0,0,11,1880.0,20681.0
2025-12-12,V015,Yaoundé,Marché Essos,Plantain & Cassava,Friday,December,12,0,0,0,0,0,16,1770.0,28319.0
2025-12-13,V015,Yaoundé,Marché Essos,Plantain & Cassava,Saturday,December,12,1,0,0,0,0,20,1925.0,38494.0
2025-12-14,V015,Yaoundé,Marché Essos,Plantain & Cassava,Sunday,December,12,1,0,0,0,0,9,2373.0,21359.0
2025-12-15,V015,Yaoundé,Marché Essos,Plantain & Cassava,Monday,December,12,0,0,0,0,0,10,1587.0,15869.0
2025-12-16,V015,Yaoundé,Marché Essos,Plantain & Cassava,Tuesday,December,12,0,0,0,0,0,14,1627.0,22773.0
2025-12-17,V015,Yaoundé,Marché Essos,Plantain & Cassava,Wednesday,December,12,0,0,0,0,0,9,1503.0,13525.0
2025-12-18,V015,Yaoundé,Marché Essos,Plantain & Cassava,Thursday,December,12,0,0,0,0,0,9,1579.0,14207.0
2025-12-19,V015,Yaoundé,Marché Essos,Plantain & Cassava,Friday,December,12,0,0,0,0,0,13,1741.0,22627.0
2025-12-20,V015,Yaoundé,Marché Essos,Plantain & Cassava,Saturday,December,12,1,0,0,1,0,17,1620.0,27544.0
2025-12-21,V015,Yaoundé,Marché Essos,Plantain & Cassava,Sunday,December,12,1,0,0,0,0,8,2216.0,17728.0
2025-12-22,V015,Yaoundé,Marché Essos,Plantain & Cassava,Monday,December,12,0,0,0,0,0,4,3581.0,14324.0
2025-12-23,V015,Yaoundé,Marché Essos,Plantain & Cassava,Tuesday,December,12,0,0,0,0,0,13,1410.0,18331.0
2025-12-24,V015,Yaoundé,Marché Essos,Plantain & Cassava,Wednesday,December,12,0,0,0,0,0,16,1887.0,30191.0
2025-12-25,V015,Yaoundé,Marché Essos,Plantain & Cassava,Thursday,December,12,0,1,0,0,0,17,1778.0,30229.0
2025-12-26,V015,Yaoundé,Marché Essos,Plantain & Cassava,Friday,December,12,0,0,0,0,0,14,1889.0,26447.0
2025-12-27,V015,Yaoundé,Marché Essos,Plantain & Cassava,Saturday,December,12,1,0,0,0,0,18,1707.0,30730.0
2025-12-28,V015,Yaoundé,Marché Essos,Plantain & Cassava,Sunday,December,12,1,0,0,0,0,11,1890.0,20795.0
2025-12-29,V015,Yaoundé,Marché Essos,Plantain & Cassava,Monday,December,12,0,0,0,0,1,12,1626.0,19508.0
2025-12-30,V015,Yaoundé,Marché Essos,Plantain & Cassava,Tuesday,December,12,0,0,0,0,1,9,1901.0,17106.0
2025-12-31,V015,Yaoundé,Marché Essos,Plantain & Cassava,Wednesday,December,12,0,0,0,0,1,19,1595.0,30308.0
2026-01-01,V015,Yaoundé,Marché Essos,Plantain & Cassava,Thursday,January,1,0,1,0,0,0,17,1854.0,31521.0
2026-01-02,V015,Yaoundé,Marché Essos,Plantain & Cassava,Friday,January,1,0,0,0,0,0,16,1601.0,25613.0
2026-01-03,V015,Yaoundé,Marché Essos,Plantain & Cassava,Saturday,January,1,1,0,0,1,0,21,2208.0,46362.0
2026-01-04,V015,Yaoundé,Marché Essos,Plantain & Cassava,Sunday,January,1,1,0,0,0,0,12,1518.0,18211.0
2026-01-05,V015,Yaoundé,Marché Essos,Plantain & Cassava,Monday,January,1,0,0,0,0,0,7,2330.0,16309.0
2026-01-06,V015,Yaoundé,Marché Essos,Plantain & Cassava,Tuesday,January,1,0,0,0,0,0,6,2397.0,14380.0
2026-01-07,V015,Yaoundé,Marché Essos,Plantain & Cassava,Wednesday,January,1,0,0,0,0,0,12,1209.0,14513.0
2026-01-08,V015,Yaoundé,Marché Essos,Plantain & Cassava,Thursday,January,1,0,0,0,0,0,10,1970.0,19700.0
2026-01-09,V015,Yaoundé,Marché Essos,Plantain & Cassava,Friday,January,1,0,0,0,0,0,16,1680.0,26875.0
2026-01-10,V015,Yaoundé,Marché Essos,Plantain & Cassava,Saturday,January,1,1,0,0,0,0,21,1675.0,35177.0
2026-01-11,V015,Yaoundé,Marché Essos,Plantain & Cassava,Sunday,January,1,1,0,0,0,0,10,2060.0,20599.0
2026-01-12,V015,Yaoundé,Marché Essos,Plantain & Cassava,Monday,January,1,0,0,0,0,0,9,2188.0,19688.0
2026-01-13,V015,Yaoundé,Marché Essos,Plantain & Cassava,Tuesday,January,1,0,0,0,0,0,10,1801.0,18005.0
2026-01-14,V015,Yaoundé,Marché Essos,Plantain & Cassava,Wednesday,January,1,0,0,0,0,0,8,2690.0,21517.0
2026-01-15,V015,Yaoundé,Marché Essos,Plantain & Cassava,Thursday,January,1,0,0,0,0,0,12,1875.0,22496.0
2026-01-16,V015,Yaoundé,Marché Essos,Plantain & Cassava,Friday,January,1,0,0,0,0,0,16,1716.0,27459.0
2026-01-17,V015,Yaoundé,Marché Essos,Plantain & Cassava,Saturday,January,1,1,0,0,1,0,28,1670.0,46762.0
2026-01-18,V015,Yaoundé,Marché Essos,Plantain & Cassava,Sunday,January,1,1,0,0,0,0,19,1548.0,29406.0
2026-01-19,V015,Yaoundé,Marché Essos,Plantain & Cassava,Monday,January,1,0,0,0,0,0,10,1807.0,18066.0
2026-01-20,V015,Yaoundé,Marché Essos,Plantain & Cassava,Tuesday,January,1,0,0,0,0,0,13,1622.0,21087.0
2026-01-21,V015,Yaoundé,Marché Essos,Plantain & Cassava,Wednesday,January,1,0,0,0,0,0,10,1767.0,17670.0
2026-01-22,V015,Yaoundé,Marché Essos,Plantain & Cassava,Thursday,January,1,0,0,0,0,0,9,2184.0,19655.0
2026-01-23,V015,Yaoundé,Marché Essos,Plantain & Cassava,Friday,January,1,0,0,0,0,0,17,1794.0,30497.0
2026-01-24,V015,Yaoundé,Marché Essos,Plantain & Cassava,Saturday,January,1,1,0,0,0,0,20,2145.0,42901.0
2026-01-25,V015,Yaoundé,Marché Essos,Plantain & Cassava,Sunday,January,1,1,0,0,0,0,11,1898.0,20876.0
2026-01-26,V015,Yaoundé,Marché Essos,Plantain & Cassava,Monday,January,1,0,0,0,0,0,12,1753.0,21037.0
2026-01-27,V015,Yaoundé,Marché Essos,Plantain & Cassava,Tuesday,January,1,0,0,0,0,0,8,2382.0,19057.0
2026-01-28,V015,Yaoundé,Marché Essos,Plantain & Cassava,Wednesday,January,1,0,0,0,0,0,9,1685.0,15169.0
2026-01-29,V015,Yaoundé,Marché Essos,Plantain & Cassava,Thursday,January,1,0,0,0,0,1,8,2224.0,17794.0
2026-01-30,V015,Yaoundé,Marché Essos,Plantain & Cassava,Friday,January,1,0,0,0,0,1,14,2173.0,30425.0
2026-01-31,V015,Yaoundé,Marché Essos,Plantain & Cassava,Saturday,January,1,1,0,0,0,1,27,1687.0,45552.0
2026-02-01,V015,Yaoundé,Marché Essos,Plantain & Cassava,Sunday,February,2,1,0,0,0,0,7,2484.0,17391.0
2026-02-02,V015,Yaoundé,Marché Essos,Plantain & Cassava,Monday,February,2,0,0,0,0,0,4,2840.0,11360.0
2026-02-03,V015,Yaoundé,Marché Essos,Plantain & Cassava,Tuesday,February,2,0,0,0,0,0,10,2069.0,20687.0
2026-02-04,V015,Yaoundé,Marché Essos,Plantain & Cassava,Wednesday,February,2,0,0,0,0,0,8,2537.0,20296.0
2026-02-05,V015,Yaoundé,Marché Essos,Plantain & Cassava,Thursday,February,2,0,0,0,0,0,11,2076.0,22835.0
2026-02-06,V015,Yaoundé,Marché Essos,Plantain & Cassava,Friday,February,2,0,0,0,0,0,13,1864.0,24228.0
2026-02-07,V015,Yaoundé,Marché Essos,Plantain & Cassava,Saturday,February,2,1,0,0,1,0,13,2142.0,27848.0
2026-02-08,V015,Yaoundé,Marché Essos,Plantain & Cassava,Sunday,February,2,1,0,0,0,0,16,1717.0,27468.0
2026-02-09,V015,Yaoundé,Marché Essos,Plantain & Cassava,Monday,February,2,0,0,0,0,0,12,1726.0,20709.0
2026-02-10,V015,Yaoundé,Marché Essos,Plantain & Cassava,Tuesday,February,2,0,0,0,0,0,6,3082.0,18491.0
2026-02-11,V015,Yaoundé,Marché Essos,Plantain & Cassava,Wednesday,February,2,0,1,0,0,0,12,1853.0,22242.0
2026-02-12,V015,Yaoundé,Marché Essos,Plantain & Cassava,Thursday,February,2,0,0,0,0,0,16,1757.0,28113.0
2026-02-13,V015,Yaoundé,Marché Essos,Plantain & Cassava,Friday,February,2,0,0,0,0,0,18,1771.0,31875.0
2026-02-14,V015,Yaoundé,Marché Essos,Plantain & Cassava,Saturday,February,2,1,0,0,0,0,14,1865.0,26104.0
2026-02-15,V015,Yaoundé,Marché Essos,Plantain & Cassava,Sunday,February,2,1,0,0,0,0,11,2189.0,24079.0
2026-02-16,V015,Yaoundé,Marché Essos,Plantain & Cassava,Monday,February,2,0,0,0,0,0,8,2000.0,15997.0
2026-02-17,V015,Yaoundé,Marché Essos,Plantain & Cassava,Tuesday,February,2,0,0,0,0,0,9,2673.0,24061.0
2026-02-18,V015,Yaoundé,Marché Essos,Plantain & Cassava,Wednesday,February,2,0,0,0,0,0,11,2110.0,23209.0
2026-02-19,V015,Yaoundé,Marché Essos,Plantain & Cassava,Thursday,February,2,0,0,0,0,0,10,1545.0,15451.0
2026-02-20,V015,Yaoundé,Marché Essos,Plantain & Cassava,Friday,February,2,0,0,0,0,0,17,1622.0,27580.0
2026-02-21,V015,Yaoundé,Marché Essos,Plantain & Cassava,Saturday,February,2,1,0,0,1,0,26,1555.0,40438.0
2026-02-22,V015,Yaoundé,Marché Essos,Plantain & Cassava,Sunday,February,2,1,0,0,0,0,13,1963.0,25518.0
2026-02-23,V015,Yaoundé,Marché Essos,Plantain & Cassava,Monday,February,2,0,0,0,0,0,12,1520.0,18234.0
2026-02-24,V015,Yaoundé,Marché Essos,Plantain & Cassava,Tuesday,February,2,0,0,0,0,0,7,2238.0,15663.0
2026-02-25,V015,Yaoundé,Marché Essos,Plantain & Cassava,Wednesday,February,2,0,0,0,0,0,5,3534.0,17670.0
2026-02-26,V015,Yaoundé,Marché Essos,Plantain & Cassava,Thursday,February,2,0,0,0,0,1,9,2591.0,23319.0
2026-02-27,V015,Yaoundé,Marché Essos,Plantain & Cassava,Friday,February,2,0,0,0,0,1,17,1651.0,28068.0
2026-02-28,V015,Yaoundé,Marché Essos,Plantain & Cassava,Saturday,February,2,1,0,0,0,1,20,1566.0,31314.0
2026-03-01,V015,Yaoundé,Marché Essos,Plantain & Cassava,Sunday,March,3,1,0,0,0,0,12,1478.0,17742.0
2026-03-02,V015,Yaoundé,Marché Essos,Plantain & Cassava,Monday,March,3,0,0,0,0,0,7,2765.0,19358.0
2026-03-03,V015,Yaoundé,Marché Essos,Plantain & Cassava,Tuesday,March,3,0,0,0,0,0,16,1835.0,29357.0
2026-03-04,V015,Yaoundé,Marché Essos,Plantain & Cassava,Wednesday,March,3,0,0,0,0,0,6,2659.0,15952.0
2026-03-05,V015,Yaoundé,Marché Essos,Plantain & Cassava,Thursday,March,3,0,0,0,0,0,10,1901.0,19012.0
2026-03-06,V015,Yaoundé,Marché Essos,Plantain & Cassava,Friday,March,3,0,0,0,0,0,13,1894.0,24626.0
2026-03-07,V015,Yaoundé,Marché Essos,Plantain & Cassava,Saturday,March,3,1,0,0,1,0,21,1868.0,39237.0
2026-03-08,V015,Yaoundé,Marché Essos,Plantain & Cassava,Sunday,March,3,1,1,0,0,0,11,1851.0,20362.0
2026-03-09,V015,Yaoundé,Marché Essos,Plantain & Cassava,Monday,March,3,0,0,0,0,0,6,1866.0,11194.0
2026-03-10,V015,Yaoundé,Marché Essos,Plantain & Cassava,Tuesday,March,3,0,0,0,0,0,8,1889.0,15109.0
2026-03-11,V015,Yaoundé,Marché Essos,Plantain & Cassava,Wednesday,March,3,0,0,0,0,0,11,2151.0,23666.0
2026-03-12,V015,Yaoundé,Marché Essos,Plantain & Cassava,Thursday,March,3,0,0,0,0,0,12,1995.0,23943.0
2026-03-13,V015,Yaoundé,Marché Essos,Plantain & Cassava,Friday,March,3,0,0,0,0,0,17,1950.0,33146.0
2026-03-14,V015,Yaoundé,Marché Essos,Plantain & Cassava,Saturday,March,3,1,0,0,0,0,15,1700.0,25504.0
2026-03-15,V015,Yaoundé,Marché Essos,Plantain & Cassava,Sunday,March,3,1,0,0,0,0,10,2134.0,21335.0
2026-03-16,V015,Yaoundé,Marché Essos,Plantain & Cassava,Monday,March,3,0,0,0,0,0,8,1966.0,15730.0
2026-03-17,V015,Yaoundé,Marché Essos,Plantain & Cassava,Tuesday,March,3,0,0,0,0,0,8,2868.0,22946.0
2026-03-18,V015,Yaoundé,Marché Essos,Plantain & Cassava,Wednesday,March,3,0,0,0,0,0,11,1705.0,18759.0
2026-03-19,V015,Yaoundé,Marché Essos,Plantain & Cassava,Thursday,March,3,0,0,0,0,0,13,1575.0,20481.0
2026-03-20,V015,Yaoundé,Marché Essos,Plantain & Cassava,Friday,March,3,0,0,0,0,0,12,1988.0,23854.0
2026-03-21,V015,Yaoundé,Marché Essos,Plantain & Cassava,Saturday,March,3,1,0,0,1,0,21,1855.0,38949.0
2026-03-22,V015,Yaoundé,Marché Essos,Plantain & Cassava,Sunday,March,3,1,0,0,0,0,12,1793.0,21510.0
2026-03-23,V015,Yaoundé,Marché Essos,Plantain & Cassava,Monday,March,3,0,0,0,0,0,7,2178.0,15243.0
2026-03-24,V015,Yaoundé,Marché Essos,Plantain & Cassava,Tuesday,March,3,0,0,0,0,0,11,1490.0,16388.0
2026-03-25,V015,Yaoundé,Marché Essos,Plantain & Cassava,Wednesday,March,3,0,0,0,0,0,6,1744.0,10462.0
2026-03-26,V015,Yaoundé,Marché Essos,Plantain & Cassava,Thursday,March,3,0,0,0,0,0,7,2843.0,19902.0
2026-03-27,V015,Yaoundé,Marché Essos,Plantain & Cassava,Friday,March,3,0,0,0,0,0,15,1704.0,25561.0
2026-03-28,V015,Yaoundé,Marché Essos,Plantain & Cassava,Saturday,March,3,1,0,0,0,0,13,2538.0,32992.0
2026-03-29,V015,Yaoundé,Marché Essos,Plantain & Cassava,Sunday,March,3,1,0,0,0,1,17,1996.0,33938.0
2026-03-30,V015,Yaoundé,Marché Essos,Plantain & Cassava,Monday,March,3,0,0,0,0,1,13,1716.0,22307.0
2026-03-31,V015,Yaoundé,Marché Essos,Plantain & Cassava,Tuesday,March,3,0,0,0,0,1,11,1609.0,17699.0
2025-09-01,V016,Yaoundé,Marché du Mfoundi,Mobile Phone Accessories,Monday,September,9,0,0,1,0,0,10,2085.0,20851.0
2025-09-02,V016,Yaoundé,Marché du Mfoundi,Mobile Phone Accessories,Tuesday,September,9,0,0,1,0,0,16,1925.0,30806.0
2025-09-03,V016,Yaoundé,Marché du Mfoundi,Mobile Phone Accessories,Wednesday,September,9,0,0,1,0,0,18,1470.0,26461.0
2025-09-04,V016,Yaoundé,Marché du Mfoundi,Mobile Phone Accessories,Thursday,September,9,0,0,1,0,0,26,1878.0,48832.0
2025-09-05,V016,Yaoundé,Marché du Mfoundi,Mobile Phone Accessories,Friday,September,9,0,0,1,0,0,26,1728.0,44931.0
2025-09-06,V016,Yaoundé,Marché du Mfoundi,Mobile Phone Accessories,Saturday,September,9,1,0,1,1,0,34,1753.0,59587.0
2025-09-07,V016,Yaoundé,Marché du Mfoundi,Mobile Phone Accessories,Sunday,September,9,1,0,1,0,0,24,1709.0,41011.0
2025-09-08,V016,Yaoundé,Marché du Mfoundi,Mobile Phone Accessories,Monday,September,9,0,0,1,0,0,16,1982.0,31717.0
2025-09-09,V016,Yaoundé,Marché du Mfoundi,Mobile Phone Accessories,Tuesday,September,9,0,0,1,0,0,17,1679.0,28547.0
2025-09-10,V016,Yaoundé,Marché du Mfoundi,Mobile Phone Accessories,Wednesday,September,9,0,0,1,0,0,22,1706.0,37532.0
2025-09-11,V016,Yaoundé,Marché du Mfoundi,Mobile Phone Accessories,Thursday,September,9,0,0,1,0,0,14,1972.0,27604.0
2025-09-12,V016,Yaoundé,Marché du Mfoundi,Mobile Phone Accessories,Friday,September,9,0,0,1,0,0,27,1837.0,49587.0
2025-09-13,V016,Yaoundé,Marché du Mfoundi,Mobile Phone Accessories,Saturday,September,9,1,0,1,0,0,46,1872.0,86130.0
2025-09-14,V016,Yaoundé,Marché du Mfoundi,Mobile Phone Accessories,Sunday,September,9,1,0,1,0,0,27,1848.0,49888.0
2025-09-15,V016,Yaoundé,Marché du Mfoundi,Mobile Phone Accessories,Monday,September,9,0,0,1,0,0,26,1745.0,45376.0
2025-09-16,V016,Yaoundé,Marché du Mfoundi,Mobile Phone Accessories,Tuesday,September,9,0,0,1,0,0,21,1981.0,41592.0
2025-09-17,V016,Yaoundé,Marché du Mfoundi,Mobile Phone Accessories,Wednesday,September,9,0,0,1,0,0,22,1982.0,43608.0
2025-09-18,V016,Yaoundé,Marché du Mfoundi,Mobile Phone Accessories,Thursday,September,9,0,0,1,0,0,19,1651.0,31373.0
2025-09-19,V016,Yaoundé,Marché du Mfoundi,Mobile Phone Accessories,Friday,September,9,0,0,1,0,0,24,1567.0,37611.0
2025-09-20,V016,Yaoundé,Marché du Mfoundi,Mobile Phone Accessories,Saturday,September,9,1,0,1,1,0,35,1759.0,61576.0
2025-09-21,V016,Yaoundé,Marché du Mfoundi,Mobile Phone Accessories,Sunday,September,9,1,0,1,0,0,16,2091.0,33452.0
2025-09-22,V016,Yaoundé,Marché du Mfoundi,Mobile Phone Accessories,Monday,September,9,0,0,1,0,0,18,2317.0,41709.0
2025-09-23,V016,Yaoundé,Marché du Mfoundi,Mobile Phone Accessories,Tuesday,September,9,0,0,1,0,0,16,1835.0,29364.0
2025-09-24,V016,Yaoundé,Marché du Mfoundi,Mobile Phone Accessories,Wednesday,September,9,0,0,1,0,0,20,1843.0,36859.0
2025-09-25,V016,Yaoundé,Marché du Mfoundi,Mobile Phone Accessories,Thursday,September,9,0,0,1,0,0,31,1709.0,52967.0
2025-09-26,V016,Yaoundé,Marché du Mfoundi,Mobile Phone Accessories,Friday,September,9,0,0,1,0,0,29,1737.0,50370.0
2025-09-27,V016,Yaoundé,Marché du Mfoundi,Mobile Phone Accessories,Saturday,September,9,1,0,1,0,0,35,1817.0,63610.0
2025-09-28,V016,Yaoundé,Marché du Mfoundi,Mobile Phone Accessories,Sunday,September,9,1,0,1,0,1,28,1804.0,50514.0
2025-09-29,V016,Yaoundé,Marché du Mfoundi,Mobile Phone Accessories,Monday,September,9,0,0,1,0,1,14,2065.0,28904.0
2025-09-30,V016,Yaoundé,Marché du Mfoundi,Mobile Phone Accessories,Tuesday,September,9,0,0,1,0,1,18,1968.0,35431.0
2025-10-01,V016,Yaoundé,Marché du Mfoundi,Mobile Phone Accessories,Wednesday,October,10,0,0,1,0,0,21,1645.0,34541.0
2025-10-02,V016,Yaoundé,Marché du Mfoundi,Mobile Phone Accessories,Thursday,October,10,0,0,1,0,0,10,2457.0,24573.0
2025-10-03,V016,Yaoundé,Marché du Mfoundi,Mobile Phone Accessories,Friday,October,10,0,0,1,0,0,31,1695.0,52547.0
2025-10-04,V016,Yaoundé,Marché du Mfoundi,Mobile Phone Accessories,Saturday,October,10,1,0,1,1,0,47,1690.0,79442.0
2025-10-05,V016,Yaoundé,Marché du Mfoundi,Mobile Phone Accessories,Sunday,October,10,1,0,1,0,0,34,1976.0,67201.0
2025-10-06,V016,Yaoundé,Marché du Mfoundi,Mobile Phone Accessories,Monday,October,10,0,0,1,0,0,27,1809.0,48840.0
2025-10-07,V016,Yaoundé,Marché du Mfoundi,Mobile Phone Accessories,Tuesday,October,10,0,0,1,0,0,23,1815.0,41744.0
2025-10-08,V016,Yaoundé,Marché du Mfoundi,Mobile Phone Accessories,Wednesday,October,10,0,0,1,0,0,18,2015.0,36269.0
2025-10-09,V016,Yaoundé,Marché du Mfoundi,Mobile Phone Accessories,Thursday,October,10,0,0,1,0,0,16,2345.0,37517.0
2025-10-10,V016,Yaoundé,Marché du Mfoundi,Mobile Phone Accessories,Friday,October,10,0,0,1,0,0,26,1916.0,49810.0
2025-10-11,V016,Yaoundé,Marché du Mfoundi,Mobile Phone Accessories,Saturday,October,10,1,0,1,0,0,35,1843.0,64491.0
2025-10-12,V016,Yaoundé,Marché du Mfoundi,Mobile Phone Accessories,Sunday,October,10,1,0,1,0,0,29,1867.0,54144.0
2025-10-13,V016,Yaoundé,Marché du Mfoundi,Mobile Phone Accessories,Monday,October,10,0,0,1,0,0,19,1534.0,29146.0
2025-10-14,V016,Yaoundé,Marché du Mfoundi,Mobile Phone Accessories,Tuesday,October,10,0,0,1,0,0,18,1731.0,31150.0
2025-10-15,V016,Yaoundé,Marché du Mfoundi,Mobile Phone Accessories,Wednesday,October,10,0,0,1,0,0,20,1835.0,36703.0
2025-10-16,V016,Yaoundé,Marché du Mfoundi,Mobile Phone Accessories,Thursday,October,10,0,0,1,0,0,27,1831.0,49443.0
2025-10-17,V016,Yaoundé,Marché du Mfoundi,Mobile Phone Accessories,Friday,October,10,0,0,1,0,0,30,1720.0,51604.0
2025-10-18,V016,Yaoundé,Marché du Mfoundi,Mobile Phone Accessories,Saturday,October,10,1,0,1,1,0,45,1812.0,81532.0
2025-10-19,V016,Yaoundé,Marché du Mfoundi,Mobile Phone Accessories,Sunday,October,10,1,0,1,0,0,19,1886.0,35831.0
2025-10-20,V016,Yaoundé,Marché du Mfoundi,Mobile Phone Accessories,Monday,October,10,0,0,1,0,0,16,1921.0,30743.0
2025-10-21,V016,Yaoundé,Marché du Mfoundi,Mobile Phone Accessories,Tuesday,October,10,0,0,1,0,0,19,2002.0,38047.0
2025-10-22,V016,Yaoundé,Marché du Mfoundi,Mobile Phone Accessories,Wednesday,October,10,0,0,1,0,0,15,1940.0,29097.0
2025-10-23,V016,Yaoundé,Marché du Mfoundi,Mobile Phone Accessories,Thursday,October,10,0,0,1,0,0,19,2026.0,38493.0
2025-10-24,V016,Yaoundé,Marché du Mfoundi,Mobile Phone Accessories,Friday,October,10,0,0,1,0,0,35,1655.0,57926.0
2025-10-25,V016,Yaoundé,Marché du Mfoundi,Mobile Phone Accessories,Saturday,October,10,1,0,1,0,0,32,1835.0,58705.0
2025-10-26,V016,Yaoundé,Marché du Mfoundi,Mobile Phone Accessories,Sunday,October,10,1,0,1,0,0,19,1965.0,37333.0
2025-10-27,V016,Yaoundé,Marché du Mfoundi,Mobile Phone Accessories,Monday,October,10,0,0,1,0,0,24,1824.0,43782.0
2025-10-28,V016,Yaoundé,Marché du Mfoundi,Mobile Phone Accessories,Tuesday,October,10,0,0,1,0,0,17,1574.0,26752.0
2025-10-29,V016,Yaoundé,Marché du Mfoundi,Mobile Phone Accessories,Wednesday,October,10,0,0,1,0,1,19,1839.0,34932.0
2025-10-30,V016,Yaoundé,Marché du Mfoundi,Mobile Phone Accessories,Thursday,October,10,0,0,1,0,1,24,1864.0,44741.0
2025-10-31,V016,Yaoundé,Marché du Mfoundi,Mobile Phone Accessories,Friday,October,10,0,0,1,0,1,37,1700.0,62894.0
2025-11-01,V016,Yaoundé,Marché du Mfoundi,Mobile Phone Accessories,Saturday,November,11,1,0,0,1,0,38,1720.0,65371.0
2025-11-02,V016,Yaoundé,Marché du Mfoundi,Mobile Phone Accessories,Sunday,November,11,1,0,0,0,0,22,2116.0,46554.0
2025-11-03,V016,Yaoundé,Marché du Mfoundi,Mobile Phone Accessories,Monday,November,11,0,0,0,0,0,30,1570.0,47110.0
2025-11-04,V016,Yaoundé,Marché du Mfoundi,Mobile Phone Accessories,Tuesday,November,11,0,0,0,0,0,22,1826.0,40163.0
2025-11-05,V016,Yaoundé,Marché du Mfoundi,Mobile Phone Accessories,Wednesday,November,11,0,0,0,0,0,18,1970.0,35467.0
2025-11-06,V016,Yaoundé,Marché du Mfoundi,Mobile Phone Accessories,Thursday,November,11,0,0,0,0,0,27,1816.0,49035.0
2025-11-07,V016,Yaoundé,Marché du Mfoundi,Mobile Phone Accessories,Friday,November,11,0,0,0,0,0,36,1810.0,65143.0
2025-11-08,V016,Yaoundé,Marché du Mfoundi,Mobile Phone Accessories,Saturday,November,11,1,0,0,0,0,29,1894.0,54918.0
2025-11-09,V016,Yaoundé,Marché du Mfoundi,Mobile Phone Accessories,Sunday,November,11,1,0,0,0,0,23,1750.0,40241.0
2025-11-10,V016,Yaoundé,Marché du Mfoundi,Mobile Phone Accessories,Monday,November,11,0,0,0,0,0,13,2082.0,27072.0
2025-11-11,V016,Yaoundé,Marché du Mfoundi,Mobile Phone Accessories,Tuesday,November,11,0,0,0,0,0,23,1983.0,45600.0
2025-11-12,V016,Yaoundé,Marché du Mfoundi,Mobile Phone Accessories,Wednesday,November,11,0,0,0,0,0,20,2175.0,43499.0
2025-11-13,V016,Yaoundé,Marché du Mfoundi,Mobile Phone Accessories,Thursday,November,11,0,0,0,0,0,25,2048.0,51194.0
2025-11-14,V016,Yaoundé,Marché du Mfoundi,Mobile Phone Accessories,Friday,November,11,0,0,0,0,0,24,1715.0,41162.0
2025-11-15,V016,Yaoundé,Marché du Mfoundi,Mobile Phone Accessories,Saturday,November,11,1,0,0,1,0,42,1745.0,73278.0
2025-11-16,V016,Yaoundé,Marché du Mfoundi,Mobile Phone Accessories,Sunday,November,11,1,0,0,0,0,19,1924.0,36549.0
2025-11-17,V016,Yaoundé,Marché du Mfoundi,Mobile Phone Accessories,Monday,November,11,0,0,0,0,0,14,2184.0,30582.0
2025-11-18,V016,Yaoundé,Marché du Mfoundi,Mobile Phone Accessories,Tuesday,November,11,0,0,0,0,0,24,1666.0,39996.0
2025-11-19,V016,Yaoundé,Marché du Mfoundi,Mobile Phone Accessories,Wednesday,November,11,0,0,0,0,0,22,1593.0,35051.0
2025-11-20,V016,Yaoundé,Marché du Mfoundi,Mobile Phone Accessories,Thursday,November,11,0,0,0,0,0,22,1556.0,34233.0
2025-11-21,V016,Yaoundé,Marché du Mfoundi,Mobile Phone Accessories,Friday,November,11,0,0,0,0,0,27,1975.0,53329.0
2025-11-22,V016,Yaoundé,Marché du Mfoundi,Mobile Phone Accessories,Saturday,November,11,1,0,0,0,0,46,1837.0,84499.0
2025-11-23,V016,Yaoundé,Marché du Mfoundi,Mobile Phone Accessories,Sunday,November,11,1,0,0,0,0,32,1786.0,57150.0
2025-11-24,V016,Yaoundé,Marché du Mfoundi,Mobile Phone Accessories,Monday,November,11,0,0,0,0,0,22,1662.0,36558.0
2025-11-25,V016,Yaoundé,Marché du Mfoundi,Mobile Phone Accessories,Tuesday,November,11,0,0,0,0,0,22,1902.0,41836.0
2025-11-26,V016,Yaoundé,Marché du Mfoundi,Mobile Phone Accessories,Wednesday,November,11,0,0,0,0,0,23,1782.0,40982.0
2025-11-27,V016,Yaoundé,Marché du Mfoundi,Mobile Phone Accessories,Thursday,November,11,0,0,0,0,0,22,1863.0,40978.0
2025-11-28,V016,Yaoundé,Marché du Mfoundi,Mobile Phone Accessories,Friday,November,11,0,0,0,0,1,35,1645.0,57577.0
2025-11-29,V016,Yaoundé,Marché du Mfoundi,Mobile Phone Accessories,Saturday,November,11,1,0,0,0,1,38,1697.0,64504.0
2025-11-30,V016,Yaoundé,Marché du Mfoundi,Mobile Phone Accessories,Sunday,November,11,1,0,0,0,1,24,1972.0,47322.0
2025-12-01,V016,Yaoundé,Marché du Mfoundi,Mobile Phone Accessories,Monday,December,12,0,0,0,0,0,35,1761.0,61636.0
2025-12-02,V016,Yaoundé,Marché du Mfoundi,Mobile Phone Accessories,Tuesday,December,12,0,0,0,0,0,23,1730.0,39792.0
2025-12-03,V016,Yaoundé,Marché du Mfoundi,Mobile Phone Accessories,Wednesday,December,12,0,0,0,0,0,27,1777.0,47979.0
2025-12-04,V016,Yaoundé,Marché du Mfoundi,Mobile Phone Accessories,Thursday,December,12,0,0,0,0,0,23,1986.0,45674.0
2025-12-05,V016,Yaoundé,Marché du Mfoundi,Mobile Phone Accessories,Friday,December,12,0,0,0,0,0,31,1856.0,57534.0
2025-12-06,V016,Yaoundé,Marché du Mfoundi,Mobile Phone Accessories,Saturday,December,12,1,0,0,1,0,40,1969.0,78767.0
2025-12-07,V016,Yaoundé,Marché du Mfoundi,Mobile Phone Accessories,Sunday,December,12,1,0,0,0,0,24,2147.0,51531.0
2025-12-08,V016,Yaoundé,Marché du Mfoundi,Mobile Phone Accessories,Monday,December,12,0,0,0,0,0,14,2323.0,32519.0
2025-12-09,V016,Yaoundé,Marché du Mfoundi,Mobile Phone Accessories,Tuesday,December,12,0,0,0,0,0,22,1830.0,40264.0
2025-12-10,V016,Yaoundé,Marché du Mfoundi,Mobile Phone Accessories,Wednesday,December,12,0,0,0,0,0,20,1621.0,32418.0
2025-12-11,V016,Yaoundé,Marché du Mfoundi,Mobile Phone Accessories,Thursday,December,12,0,0,0,0,0,12,2796.0,33556.0
2025-12-12,V016,Yaoundé,Marché du Mfoundi,Mobile Phone Accessories,Friday,December,12,0,0,0,0,0,25,2115.0,52864.0
2025-12-13,V016,Yaoundé,Marché du Mfoundi,Mobile Phone Accessories,Saturday,December,12,1,0,0,0,0,27,1875.0,50621.0
2025-12-14,V016,Yaoundé,Marché du Mfoundi,Mobile Phone Accessories,Sunday,December,12,1,0,0,0,0,18,1978.0,35603.0
2025-12-15,V016,Yaoundé,Marché du Mfoundi,Mobile Phone Accessories,Monday,December,12,0,0,0,0,0,15,1769.0,26537.0
2025-12-16,V016,Yaoundé,Marché du Mfoundi,Mobile Phone Accessories,Tuesday,December,12,0,0,0,0,0,16,1800.0,28799.0
2025-12-17,V016,Yaoundé,Marché du Mfoundi,Mobile Phone Accessories,Wednesday,December,12,0,0,0,0,0,27,1700.0,45906.0
2025-12-18,V016,Yaoundé,Marché du Mfoundi,Mobile Phone Accessories,Thursday,December,12,0,0,0,0,0,19,2045.0,38857.0
2025-12-19,V016,Yaoundé,Marché du Mfoundi,Mobile Phone Accessories,Friday,December,12,0,0,0,0,0,26,1908.0,49597.0
2025-12-20,V016,Yaoundé,Marché du Mfoundi,Mobile Phone Accessories,Saturday,December,12,1,0,0,1,0,36,2010.0,72369.0
2025-12-21,V016,Yaoundé,Marché du Mfoundi,Mobile Phone Accessories,Sunday,December,12,1,0,0,0,0,29,1834.0,53200.0
2025-12-22,V016,Yaoundé,Marché du Mfoundi,Mobile Phone Accessories,Monday,December,12,0,0,0,0,0,30,1695.0,50858.0
2025-12-23,V016,Yaoundé,Marché du Mfoundi,Mobile Phone Accessories,Tuesday,December,12,0,0,0,0,0,21,1894.0,39782.0
2025-12-24,V016,Yaoundé,Marché du Mfoundi,Mobile Phone Accessories,Wednesday,December,12,0,0,0,0,0,20,1633.0,32659.0
2025-12-25,V016,Yaoundé,Marché du Mfoundi,Mobile Phone Accessories,Thursday,December,12,0,1,0,0,0,28,1689.0,47297.0
2025-12-26,V016,Yaoundé,Marché du Mfoundi,Mobile Phone Accessories,Friday,December,12,0,0,0,0,0,29,1786.0,51802.0
2025-12-27,V016,Yaoundé,Marché du Mfoundi,Mobile Phone Accessories,Saturday,December,12,1,0,0,0,0,34,1936.0,65830.0
2025-12-28,V016,Yaoundé,Marché du Mfoundi,Mobile Phone Accessories,Sunday,December,12,1,0,0,0,0,19,2014.0,38274.0
2025-12-29,V016,Yaoundé,Marché du Mfoundi,Mobile Phone Accessories,Monday,December,12,0,0,0,0,1,24,1977.0,47456.0
2025-12-30,V016,Yaoundé,Marché du Mfoundi,Mobile Phone Accessories,Tuesday,December,12,0,0,0,0,1,20,1782.0,35640.0
2025-12-31,V016,Yaoundé,Marché du Mfoundi,Mobile Phone Accessories,Wednesday,December,12,0,0,0,0,1,21,1949.0,40929.0
2026-01-01,V016,Yaoundé,Marché du Mfoundi,Mobile Phone Accessories,Thursday,January,1,0,1,0,0,0,20,2266.0,45321.0
2026-01-02,V016,Yaoundé,Marché du Mfoundi,Mobile Phone Accessories,Friday,January,1,0,0,0,0,0,24,1687.0,40497.0
2026-01-03,V016,Yaoundé,Marché du Mfoundi,Mobile Phone Accessories,Saturday,January,1,1,0,0,1,0,31,2043.0,63338.0
2026-01-04,V016,Yaoundé,Marché du Mfoundi,Mobile Phone Accessories,Sunday,January,1,1,0,0,0,0,22,1744.0,38371.0
2026-01-05,V016,Yaoundé,Marché du Mfoundi,Mobile Phone Accessories,Monday,January,1,0,0,0,0,0,19,1912.0,36332.0
2026-01-06,V016,Yaoundé,Marché du Mfoundi,Mobile Phone Accessories,Tuesday,January,1,0,0,0,0,0,14,2267.0,31736.0
2026-01-07,V016,Yaoundé,Marché du Mfoundi,Mobile Phone Accessories,Wednesday,January,1,0,0,0,0,0,23,1730.0,39794.0
2026-01-08,V016,Yaoundé,Marché du Mfoundi,Mobile Phone Accessories,Thursday,January,1,0,0,0,0,0,25,1989.0,49730.0
2026-01-09,V016,Yaoundé,Marché du Mfoundi,Mobile Phone Accessories,Friday,January,1,0,0,0,0,0,34,1812.0,61625.0
2026-01-10,V016,Yaoundé,Marché du Mfoundi,Mobile Phone Accessories,Saturday,January,1,1,0,0,0,0,34,1748.0,59433.0
2026-01-11,V016,Yaoundé,Marché du Mfoundi,Mobile Phone Accessories,Sunday,January,1,1,0,0,0,0,18,2319.0,41737.0
2026-01-12,V016,Yaoundé,Marché du Mfoundi,Mobile Phone Accessories,Monday,January,1,0,0,0,0,0,22,1764.0,38798.0
2026-01-13,V016,Yaoundé,Marché du Mfoundi,Mobile Phone Accessories,Tuesday,January,1,0,0,0,0,0,19,1772.0,33672.0
2026-01-14,V016,Yaoundé,Marché du Mfoundi,Mobile Phone Accessories,Wednesday,January,1,0,0,0,0,0,20,2161.0,43220.0
2026-01-15,V016,Yaoundé,Marché du Mfoundi,Mobile Phone Accessories,Thursday,January,1,0,0,0,0,0,17,2329.0,39593.0
2026-01-16,V016,Yaoundé,Marché du Mfoundi,Mobile Phone Accessories,Friday,January,1,0,0,0,0,0,25,1885.0,47135.0
2026-01-17,V016,Yaoundé,Marché du Mfoundi,Mobile Phone Accessories,Saturday,January,1,1,0,0,1,0,40,1906.0,76258.0
2026-01-18,V016,Yaoundé,Marché du Mfoundi,Mobile Phone Accessories,Sunday,January,1,1,0,0,0,0,17,2508.0,42644.0
2026-01-19,V016,Yaoundé,Marché du Mfoundi,Mobile Phone Accessories,Monday,January,1,0,0,0,0,0,20,1889.0,37783.0
2026-01-20,V016,Yaoundé,Marché du Mfoundi,Mobile Phone Accessories,Tuesday,January,1,0,0,0,0,0,17,2147.0,36496.0
2026-01-21,V016,Yaoundé,Marché du Mfoundi,Mobile Phone Accessories,Wednesday,January,1,0,0,0,0,0,25,1600.0,40009.0
2026-01-22,V016,Yaoundé,Marché du Mfoundi,Mobile Phone Accessories,Thursday,January,1,0,0,0,0,0,22,1734.0,38142.0
2026-01-23,V016,Yaoundé,Marché du Mfoundi,Mobile Phone Accessories,Friday,January,1,0,0,0,0,0,22,1873.0,41205.0
2026-01-24,V016,Yaoundé,Marché du Mfoundi,Mobile Phone Accessories,Saturday,January,1,1,0,0,0,0,26,1727.0,44899.0
2026-01-25,V016,Yaoundé,Marché du Mfoundi,Mobile Phone Accessories,Sunday,January,1,1,0,0,0,0,23,2059.0,47348.0
2026-01-26,V016,Yaoundé,Marché du Mfoundi,Mobile Phone Accessories,Monday,January,1,0,0,0,0,0,16,1849.0,29582.0
2026-01-27,V016,Yaoundé,Marché du Mfoundi,Mobile Phone Accessories,Tuesday,January,1,0,0,0,0,0,26,1632.0,42428.0
2026-01-28,V016,Yaoundé,Marché du Mfoundi,Mobile Phone Accessories,Wednesday,January,1,0,0,0,0,0,17,2138.0,36354.0
2026-01-29,V016,Yaoundé,Marché du Mfoundi,Mobile Phone Accessories,Thursday,January,1,0,0,0,0,1,29,1632.0,47337.0
2026-01-30,V016,Yaoundé,Marché du Mfoundi,Mobile Phone Accessories,Friday,January,1,0,0,0,0,1,21,1971.0,41386.0
2026-01-31,V016,Yaoundé,Marché du Mfoundi,Mobile Phone Accessories,Saturday,January,1,1,0,0,0,1,42,1808.0,75929.0
2026-02-01,V016,Yaoundé,Marché du Mfoundi,Mobile Phone Accessories,Sunday,February,2,1,0,0,0,0,23,1813.0,41706.0
2026-02-02,V016,Yaoundé,Marché du Mfoundi,Mobile Phone Accessories,Monday,February,2,0,0,0,0,0,22,1852.0,40750.0
2026-02-03,V016,Yaoundé,Marché du Mfoundi,Mobile Phone Accessories,Tuesday,February,2,0,0,0,0,0,20,1737.0,34745.0
2026-02-04,V016,Yaoundé,Marché du Mfoundi,Mobile Phone Accessories,Wednesday,February,2,0,0,0,0,0,21,1689.0,35472.0
2026-02-05,V016,Yaoundé,Marché du Mfoundi,Mobile Phone Accessories,Thursday,February,2,0,0,0,0,0,29,1958.0,56793.0
2026-02-06,V016,Yaoundé,Marché du Mfoundi,Mobile Phone Accessories,Friday,February,2,0,0,0,0,0,22,1749.0,38485.0
2026-02-07,V016,Yaoundé,Marché du Mfoundi,Mobile Phone Accessories,Saturday,February,2,1,0,0,1,0,28,1978.0,55378.0
2026-02-08,V016,Yaoundé,Marché du Mfoundi,Mobile Phone Accessories,Sunday,February,2,1,0,0,0,0,16,1988.0,31814.0
2026-02-09,V016,Yaoundé,Marché du Mfoundi,Mobile Phone Accessories,Monday,February,2,0,0,0,0,0,17,1998.0,33973.0
2026-02-10,V016,Yaoundé,Marché du Mfoundi,Mobile Phone Accessories,Tuesday,February,2,0,0,0,0,0,28,1648.0,46144.0
2026-02-11,V016,Yaoundé,Marché du Mfoundi,Mobile Phone Accessories,Wednesday,February,2,0,1,0,0,0,36,1830.0,65876.0
2026-02-12,V016,Yaoundé,Marché du Mfoundi,Mobile Phone Accessories,Thursday,February,2,0,0,0,0,0,27,1807.0,48798.0
2026-02-13,V016,Yaoundé,Marché du Mfoundi,Mobile Phone Accessories,Friday,February,2,0,0,0,0,0,26,1925.0,50038.0
2026-02-14,V016,Yaoundé,Marché du Mfoundi,Mobile Phone Accessories,Saturday,February,2,1,0,0,0,0,23,1711.0,39358.0
2026-02-15,V016,Yaoundé,Marché du Mfoundi,Mobile Phone Accessories,Sunday,February,2,1,0,0,0,0,28,2022.0,56628.0
2026-02-16,V016,Yaoundé,Marché du Mfoundi,Mobile Phone Accessories,Monday,February,2,0,0,0,0,0,20,1706.0,34116.0
2026-02-17,V016,Yaoundé,Marché du Mfoundi,Mobile Phone Accessories,Tuesday,February,2,0,0,0,0,0,21,1604.0,33677.0
2026-02-18,V016,Yaoundé,Marché du Mfoundi,Mobile Phone Accessories,Wednesday,February,2,0,0,0,0,0,19,1911.0,36314.0
2026-02-19,V016,Yaoundé,Marché du Mfoundi,Mobile Phone Accessories,Thursday,February,2,0,0,0,0,0,25,1975.0,49385.0
2026-02-20,V016,Yaoundé,Marché du Mfoundi,Mobile Phone Accessories,Friday,February,2,0,0,0,0,0,21,2014.0,42300.0
2026-02-21,V016,Yaoundé,Marché du Mfoundi,Mobile Phone Accessories,Saturday,February,2,1,0,0,1,0,31,1833.0,56821.0
2026-02-22,V016,Yaoundé,Marché du Mfoundi,Mobile Phone Accessories,Sunday,February,2,1,0,0,0,0,24,1748.0,41948.0
2026-02-23,V016,Yaoundé,Marché du Mfoundi,Mobile Phone Accessories,Monday,February,2,0,0,0,0,0,11,2274.0,25010.0
2026-02-24,V016,Yaoundé,Marché du Mfoundi,Mobile Phone Accessories,Tuesday,February,2,0,0,0,0,0,23,1577.0,36263.0
2026-02-25,V016,Yaoundé,Marché du Mfoundi,Mobile Phone Accessories,Wednesday,February,2,0,0,0,0,0,20,1993.0,39868.0
2026-02-26,V016,Yaoundé,Marché du Mfoundi,Mobile Phone Accessories,Thursday,February,2,0,0,0,0,1,17,2040.0,34683.0
2026-02-27,V016,Yaoundé,Marché du Mfoundi,Mobile Phone Accessories,Friday,February,2,0,0,0,0,1,25,2200.0,55003.0
2026-02-28,V016,Yaoundé,Marché du Mfoundi,Mobile Phone Accessories,Saturday,February,2,1,0,0,0,1,28,1953.0,54676.0
2026-03-01,V016,Yaoundé,Marché du Mfoundi,Mobile Phone Accessories,Sunday,March,3,1,0,0,0,0,24,1830.0,43922.0
2026-03-02,V016,Yaoundé,Marché du Mfoundi,Mobile Phone Accessories,Monday,March,3,0,0,0,0,0,18,1701.0,30617.0
2026-03-03,V016,Yaoundé,Marché du Mfoundi,Mobile Phone Accessories,Tuesday,March,3,0,0,0,0,0,19,1934.0,36743.0
2026-03-04,V016,Yaoundé,Marché du Mfoundi,Mobile Phone Accessories,Wednesday,March,3,0,0,0,0,0,24,1742.0,41818.0
2026-03-05,V016,Yaoundé,Marché du Mfoundi,Mobile Phone Accessories,Thursday,March,3,0,0,0,0,0,16,1897.0,30354.0
2026-03-06,V016,Yaoundé,Marché du Mfoundi,Mobile Phone Accessories,Friday,March,3,0,0,0,0,0,33,1714.0,56572.0
2026-03-07,V016,Yaoundé,Marché du Mfoundi,Mobile Phone Accessories,Saturday,March,3,1,0,0,1,0,40,1865.0,74615.0
2026-03-08,V016,Yaoundé,Marché du Mfoundi,Mobile Phone Accessories,Sunday,March,3,1,1,0,0,0,36,1723.0,62037.0
2026-03-09,V016,Yaoundé,Marché du Mfoundi,Mobile Phone Accessories,Monday,March,3,0,0,0,0,0,19,1837.0,34895.0
2026-03-10,V016,Yaoundé,Marché du Mfoundi,Mobile Phone Accessories,Tuesday,March,3,0,0,0,0,0,16,2147.0,34348.0
2026-03-11,V016,Yaoundé,Marché du Mfoundi,Mobile Phone Accessories,Wednesday,March,3,0,0,0,0,0,18,2005.0,36092.0
2026-03-12,V016,Yaoundé,Marché du Mfoundi,Mobile Phone Accessories,Thursday,March,3,0,0,0,0,0,22,1588.0,34928.0
2026-03-13,V016,Yaoundé,Marché du Mfoundi,Mobile Phone Accessories,Friday,March,3,0,0,0,0,0,28,2043.0,57200.0
2026-03-14,V016,Yaoundé,Marché du Mfoundi,Mobile Phone Accessories,Saturday,March,3,1,0,0,0,0,26,1871.0,48657.0
2026-03-15,V016,Yaoundé,Marché du Mfoundi,Mobile Phone Accessories,Sunday,March,3,1,0,0,0,0,23,1782.0,40995.0
2026-03-16,V016,Yaoundé,Marché du Mfoundi,Mobile Phone Accessories,Monday,March,3,0,0,0,0,0,17,1607.0,27321.0
2026-03-17,V016,Yaoundé,Marché du Mfoundi,Mobile Phone Accessories,Tuesday,March,3,0,0,0,0,0,19,1876.0,35644.0
2026-03-18,V016,Yaoundé,Marché du Mfoundi,Mobile Phone Accessories,Wednesday,March,3,0,0,0,0,0,19,1955.0,37146.0
2026-03-19,V016,Yaoundé,Marché du Mfoundi,Mobile Phone Accessories,Thursday,March,3,0,0,0,0,0,15,1824.0,27360.0
2026-03-20,V016,Yaoundé,Marché du Mfoundi,Mobile Phone Accessories,Friday,March,3,0,0,0,0,0,23,1978.0,45492.0
2026-03-21,V016,Yaoundé,Marché du Mfoundi,Mobile Phone Accessories,Saturday,March,3,1,0,0,1,0,48,1772.0,85040.0
2026-03-22,V016,Yaoundé,Marché du Mfoundi,Mobile Phone Accessories,Sunday,March,3,1,0,0,0,0,41,1741.0,71361.0
2026-03-23,V016,Yaoundé,Marché du Mfoundi,Mobile Phone Accessories,Monday,March,3,0,0,0,0,0,15,2029.0,30438.0
2026-03-24,V016,Yaoundé,Marché du Mfoundi,Mobile Phone Accessories,Tuesday,March,3,0,0,0,0,0,16,2054.0,32869.0
2026-03-25,V016,Yaoundé,Marché du Mfoundi,Mobile Phone Accessories,Wednesday,March,3,0,0,0,0,0,18,2110.0,37979.0
2026-03-26,V016,Yaoundé,Marché du Mfoundi,Mobile Phone Accessories,Thursday,March,3,0,0,0,0,0,24,1846.0,44306.0
2026-03-27,V016,Yaoundé,Marché du Mfoundi,Mobile Phone Accessories,Friday,March,3,0,0,0,0,0,27,1965.0,53044.0
2026-03-28,V016,Yaoundé,Marché du Mfoundi,Mobile Phone Accessories,Saturday,March,3,1,0,0,0,0,36,1718.0,61835.0
2026-03-29,V016,Yaoundé,Marché du Mfoundi,Mobile Phone Accessories,Sunday,March,3,1,0,0,0,1,23,1970.0,45314.0
2026-03-30,V016,Yaoundé,Marché du Mfoundi,Mobile Phone Accessories,Monday,March,3,0,0,0,0,1,22,2031.0,44675.0
2026-03-31,V016,Yaoundé,Marché du Mfoundi,Mobile Phone Accessories,Tuesday,March,3,0,0,0,0,1,24,1651.0,39618.0
2025-09-01,V017,Yaoundé,Marché Essos,Fruits (Mango/Avocado/Pineapple),Monday,September,9,0,0,1,0,0,9,2009.0,18080.0
2025-09-02,V017,Yaoundé,Marché Essos,Fruits (Mango/Avocado/Pineapple),Tuesday,September,9,0,0,1,0,0,12,1893.0,22720.0
2025-09-03,V017,Yaoundé,Marché Essos,Fruits (Mango/Avocado/Pineapple),Wednesday,September,9,0,0,1,0,0,8,1820.0,14559.0
2025-09-04,V017,Yaoundé,Marché Essos,Fruits (Mango/Avocado/Pineapple),Thursday,September,9,0,0,1,0,0,17,1555.0,26440.0
2025-09-05,V017,Yaoundé,Marché Essos,Fruits (Mango/Avocado/Pineapple),Friday,September,9,0,0,1,0,0,12,2164.0,25963.0
2025-09-06,V017,Yaoundé,Marché Essos,Fruits (Mango/Avocado/Pineapple),Saturday,September,9,1,0,1,1,0,12,2280.0,27361.0
2025-09-07,V017,Yaoundé,Marché Essos,Fruits (Mango/Avocado/Pineapple),Sunday,September,9,1,0,1,0,0,17,2293.0,38987.0
2025-09-08,V017,Yaoundé,Marché Essos,Fruits (Mango/Avocado/Pineapple),Monday,September,9,0,0,1,0,0,14,1441.0,20168.0
2025-09-09,V017,Yaoundé,Marché Essos,Fruits (Mango/Avocado/Pineapple),Tuesday,September,9,0,0,1,0,0,12,1710.0,20518.0
2025-09-10,V017,Yaoundé,Marché Essos,Fruits (Mango/Avocado/Pineapple),Wednesday,September,9,0,0,1,0,0,14,1547.0,21655.0
2025-09-11,V017,Yaoundé,Marché Essos,Fruits (Mango/Avocado/Pineapple),Thursday,September,9,0,0,1,0,0,12,1863.0,22352.0
2025-09-12,V017,Yaoundé,Marché Essos,Fruits (Mango/Avocado/Pineapple),Friday,September,9,0,0,1,0,0,12,1793.0,21516.0
2025-09-13,V017,Yaoundé,Marché Essos,Fruits (Mango/Avocado/Pineapple),Saturday,September,9,1,0,1,0,0,16,2049.0,32787.0
2025-09-14,V017,Yaoundé,Marché Essos,Fruits (Mango/Avocado/Pineapple),Sunday,September,9,1,0,1,0,0,12,1887.0,22639.0
2025-09-15,V017,Yaoundé,Marché Essos,Fruits (Mango/Avocado/Pineapple),Monday,September,9,0,0,1,0,0,10,2134.0,21337.0
2025-09-16,V017,Yaoundé,Marché Essos,Fruits (Mango/Avocado/Pineapple),Tuesday,September,9,0,0,1,0,0,17,1883.0,32008.0
2025-09-17,V017,Yaoundé,Marché Essos,Fruits (Mango/Avocado/Pineapple),Wednesday,September,9,0,0,1,0,0,13,1688.0,21941.0
2025-09-18,V017,Yaoundé,Marché Essos,Fruits (Mango/Avocado/Pineapple),Thursday,September,9,0,0,1,0,0,15,1438.0,21570.0
2025-09-19,V017,Yaoundé,Marché Essos,Fruits (Mango/Avocado/Pineapple),Friday,September,9,0,0,1,0,0,22,1578.0,34725.0
2025-09-20,V017,Yaoundé,Marché Essos,Fruits (Mango/Avocado/Pineapple),Saturday,September,9,1,0,1,1,0,22,1668.0,36702.0
2025-09-21,V017,Yaoundé,Marché Essos,Fruits (Mango/Avocado/Pineapple),Sunday,September,9,1,0,1,0,0,16,1647.0,26348.0
2025-09-22,V017,Yaoundé,Marché Essos,Fruits (Mango/Avocado/Pineapple),Monday,September,9,0,0,1,0,0,11,1701.0,18716.0
2025-09-23,V017,Yaoundé,Marché Essos,Fruits (Mango/Avocado/Pineapple),Tuesday,September,9,0,0,1,0,0,14,1933.0,27065.0
2025-09-24,V017,Yaoundé,Marché Essos,Fruits (Mango/Avocado/Pineapple),Wednesday,September,9,0,0,1,0,0,8,2243.0,17948.0
2025-09-25,V017,Yaoundé,Marché Essos,Fruits (Mango/Avocado/Pineapple),Thursday,September,9,0,0,1,0,0,12,2249.0,26988.0
2025-09-26,V017,Yaoundé,Marché Essos,Fruits (Mango/Avocado/Pineapple),Friday,September,9,0,0,1,0,0,16,2154.0,34469.0
2025-09-27,V017,Yaoundé,Marché Essos,Fruits (Mango/Avocado/Pineapple),Saturday,September,9,1,0,1,0,0,20,1676.0,33529.0
2025-09-28,V017,Yaoundé,Marché Essos,Fruits (Mango/Avocado/Pineapple),Sunday,September,9,1,0,1,0,1,20,1917.0,38350.0
2025-09-29,V017,Yaoundé,Marché Essos,Fruits (Mango/Avocado/Pineapple),Monday,September,9,0,0,1,0,1,14,1864.0,26099.0
2025-09-30,V017,Yaoundé,Marché Essos,Fruits (Mango/Avocado/Pineapple),Tuesday,September,9,0,0,1,0,1,12,1479.0,17743.0
2025-10-01,V017,Yaoundé,Marché Essos,Fruits (Mango/Avocado/Pineapple),Wednesday,October,10,0,0,1,0,0,12,1883.0,22592.0
2025-10-02,V017,Yaoundé,Marché Essos,Fruits (Mango/Avocado/Pineapple),Thursday,October,10,0,0,1,0,0,13,1876.0,24391.0
2025-10-03,V017,Yaoundé,Marché Essos,Fruits (Mango/Avocado/Pineapple),Friday,October,10,0,0,1,0,0,14,1816.0,25421.0
2025-10-04,V017,Yaoundé,Marché Essos,Fruits (Mango/Avocado/Pineapple),Saturday,October,10,1,0,1,1,0,20,1861.0,37211.0
2025-10-05,V017,Yaoundé,Marché Essos,Fruits (Mango/Avocado/Pineapple),Sunday,October,10,1,0,1,0,0,24,1771.0,42507.0
2025-10-06,V017,Yaoundé,Marché Essos,Fruits (Mango/Avocado/Pineapple),Monday,October,10,0,0,1,0,0,13,1401.0,18218.0
2025-10-07,V017,Yaoundé,Marché Essos,Fruits (Mango/Avocado/Pineapple),Tuesday,October,10,0,0,1,0,0,12,1723.0,20672.0
2025-10-08,V017,Yaoundé,Marché Essos,Fruits (Mango/Avocado/Pineapple),Wednesday,October,10,0,0,1,0,0,16,1482.0,23713.0
2025-10-09,V017,Yaoundé,Marché Essos,Fruits (Mango/Avocado/Pineapple),Thursday,October,10,0,0,1,0,0,18,1610.0,28987.0
2025-10-10,V017,Yaoundé,Marché Essos,Fruits (Mango/Avocado/Pineapple),Friday,October,10,0,0,1,0,0,14,1853.0,25942.0
2025-10-11,V017,Yaoundé,Marché Essos,Fruits (Mango/Avocado/Pineapple),Saturday,October,10,1,0,1,0,0,23,1918.0,44113.0
2025-10-12,V017,Yaoundé,Marché Essos,Fruits (Mango/Avocado/Pineapple),Sunday,October,10,1,0,1,0,0,22,1556.0,34230.0
2025-10-13,V017,Yaoundé,Marché Essos,Fruits (Mango/Avocado/Pineapple),Monday,October,10,0,0,1,0,0,6,2850.0,17100.0
2025-10-14,V017,Yaoundé,Marché Essos,Fruits (Mango/Avocado/Pineapple),Tuesday,October,10,0,0,1,0,0,17,1575.0,26774.0
2025-10-15,V017,Yaoundé,Marché Essos,Fruits (Mango/Avocado/Pineapple),Wednesday,October,10,0,0,1,0,0,15,1834.0,27515.0
2025-10-16,V017,Yaoundé,Marché Essos,Fruits (Mango/Avocado/Pineapple),Thursday,October,10,0,0,1,0,0,19,1765.0,33533.0
2025-10-17,V017,Yaoundé,Marché Essos,Fruits (Mango/Avocado/Pineapple),Friday,October,10,0,0,1,0,0,19,1920.0,36474.0
2025-10-18,V017,Yaoundé,Marché Essos,Fruits (Mango/Avocado/Pineapple),Saturday,October,10,1,0,1,1,0,23,1996.0,45897.0
2025-10-19,V017,Yaoundé,Marché Essos,Fruits (Mango/Avocado/Pineapple),Sunday,October,10,1,0,1,0,0,17,2104.0,35761.0
2025-10-20,V017,Yaoundé,Marché Essos,Fruits (Mango/Avocado/Pineapple),Monday,October,10,0,0,1,0,0,12,1971.0,23657.0
2025-10-21,V017,Yaoundé,Marché Essos,Fruits (Mango/Avocado/Pineapple),Tuesday,October,10,0,0,1,0,0,16,1299.0,20780.0
2025-10-22,V017,Yaoundé,Marché Essos,Fruits (Mango/Avocado/Pineapple),Wednesday,October,10,0,0,1,0,0,16,1820.0,29122.0
2025-10-23,V017,Yaoundé,Marché Essos,Fruits (Mango/Avocado/Pineapple),Thursday,October,10,0,0,1,0,0,12,2162.0,25946.0
2025-10-24,V017,Yaoundé,Marché Essos,Fruits (Mango/Avocado/Pineapple),Friday,October,10,0,0,1,0,0,15,1887.0,28310.0
2025-10-25,V017,Yaoundé,Marché Essos,Fruits (Mango/Avocado/Pineapple),Saturday,October,10,1,0,1,0,0,16,1872.0,29954.0
2025-10-26,V017,Yaoundé,Marché Essos,Fruits (Mango/Avocado/Pineapple),Sunday,October,10,1,0,1,0,0,13,2066.0,26864.0
2025-10-27,V017,Yaoundé,Marché Essos,Fruits (Mango/Avocado/Pineapple),Monday,October,10,0,0,1,0,0,9,2107.0,18960.0
2025-10-28,V017,Yaoundé,Marché Essos,Fruits (Mango/Avocado/Pineapple),Tuesday,October,10,0,0,1,0,0,14,2136.0,29906.0
2025-10-29,V017,Yaoundé,Marché Essos,Fruits (Mango/Avocado/Pineapple),Wednesday,October,10,0,0,1,0,1,16,2318.0,37083.0
2025-10-30,V017,Yaoundé,Marché Essos,Fruits (Mango/Avocado/Pineapple),Thursday,October,10,0,0,1,0,1,16,1831.0,29289.0
2025-10-31,V017,Yaoundé,Marché Essos,Fruits (Mango/Avocado/Pineapple),Friday,October,10,0,0,1,0,1,16,2012.0,32192.0
2025-11-01,V017,Yaoundé,Marché Essos,Fruits (Mango/Avocado/Pineapple),Saturday,November,11,1,0,0,1,0,23,1804.0,41501.0
2025-11-02,V017,Yaoundé,Marché Essos,Fruits (Mango/Avocado/Pineapple),Sunday,November,11,1,0,0,0,0,20,1652.0,33032.0
2025-11-03,V017,Yaoundé,Marché Essos,Fruits (Mango/Avocado/Pineapple),Monday,November,11,0,0,0,0,0,11,1832.0,20155.0
2025-11-04,V017,Yaoundé,Marché Essos,Fruits (Mango/Avocado/Pineapple),Tuesday,November,11,0,0,0,0,0,17,1620.0,27540.0
2025-11-05,V017,Yaoundé,Marché Essos,Fruits (Mango/Avocado/Pineapple),Wednesday,November,11,0,0,0,0,0,12,1979.0,23754.0
2025-11-06,V017,Yaoundé,Marché Essos,Fruits (Mango/Avocado/Pineapple),Thursday,November,11,0,0,0,0,0,12,2192.0,26309.0
2025-11-07,V017,Yaoundé,Marché Essos,Fruits (Mango/Avocado/Pineapple),Friday,November,11,0,0,0,0,0,18,1667.0,30003.0
2025-11-08,V017,Yaoundé,Marché Essos,Fruits (Mango/Avocado/Pineapple),Saturday,November,11,1,0,0,0,0,23,1861.0,42799.0
2025-11-09,V017,Yaoundé,Marché Essos,Fruits (Mango/Avocado/Pineapple),Sunday,November,11,1,0,0,0,0,15,2056.0,30841.0
2025-11-10,V017,Yaoundé,Marché Essos,Fruits (Mango/Avocado/Pineapple),Monday,November,11,0,0,0,0,0,13,1923.0,25004.0
2025-11-11,V017,Yaoundé,Marché Essos,Fruits (Mango/Avocado/Pineapple),Tuesday,November,11,0,0,0,0,0,11,2003.0,22037.0
2025-11-12,V017,Yaoundé,Marché Essos,Fruits (Mango/Avocado/Pineapple),Wednesday,November,11,0,0,0,0,0,12,1978.0,23736.0
2025-11-13,V017,Yaoundé,Marché Essos,Fruits (Mango/Avocado/Pineapple),Thursday,November,11,0,0,0,0,0,15,1908.0,28616.0
2025-11-14,V017,Yaoundé,Marché Essos,Fruits (Mango/Avocado/Pineapple),Friday,November,11,0,0,0,0,0,25,1655.0,41384.0
2025-11-15,V017,Yaoundé,Marché Essos,Fruits (Mango/Avocado/Pineapple),Saturday,November,11,1,0,0,1,0,21,1825.0,38321.0
2025-11-16,V017,Yaoundé,Marché Essos,Fruits (Mango/Avocado/Pineapple),Sunday,November,11,1,0,0,0,0,14,1884.0,26378.0
2025-11-17,V017,Yaoundé,Marché Essos,Fruits (Mango/Avocado/Pineapple),Monday,November,11,0,0,0,0,0,16,1974.0,31590.0
2025-11-18,V017,Yaoundé,Marché Essos,Fruits (Mango/Avocado/Pineapple),Tuesday,November,11,0,0,0,0,0,14,1765.0,24711.0
2025-11-19,V017,Yaoundé,Marché Essos,Fruits (Mango/Avocado/Pineapple),Wednesday,November,11,0,0,0,0,0,9,2228.0,20050.0
2025-11-20,V017,Yaoundé,Marché Essos,Fruits (Mango/Avocado/Pineapple),Thursday,November,11,0,0,0,0,0,9,2273.0,20459.0
2025-11-21,V017,Yaoundé,Marché Essos,Fruits (Mango/Avocado/Pineapple),Friday,November,11,0,0,0,0,0,11,1691.0,18600.0
2025-11-22,V017,Yaoundé,Marché Essos,Fruits (Mango/Avocado/Pineapple),Saturday,November,11,1,0,0,0,0,30,1840.0,55186.0
2025-11-23,V017,Yaoundé,Marché Essos,Fruits (Mango/Avocado/Pineapple),Sunday,November,11,1,0,0,0,0,11,2089.0,22982.0
2025-11-24,V017,Yaoundé,Marché Essos,Fruits (Mango/Avocado/Pineapple),Monday,November,11,0,0,0,0,0,9,2254.0,20283.0
2025-11-25,V017,Yaoundé,Marché Essos,Fruits (Mango/Avocado/Pineapple),Tuesday,November,11,0,0,0,0,0,16,1690.0,27038.0
2025-11-26,V017,Yaoundé,Marché Essos,Fruits (Mango/Avocado/Pineapple),Wednesday,November,11,0,0,0,0,0,12,1625.0,19499.0
2025-11-27,V017,Yaoundé,Marché Essos,Fruits (Mango/Avocado/Pineapple),Thursday,November,11,0,0,0,0,0,22,1521.0,33459.0
2025-11-28,V017,Yaoundé,Marché Essos,Fruits (Mango/Avocado/Pineapple),Friday,November,11,0,0,0,0,1,31,1930.0,59839.0
2025-11-29,V017,Yaoundé,Marché Essos,Fruits (Mango/Avocado/Pineapple),Saturday,November,11,1,0,0,0,1,39,1869.0,72899.0
2025-11-30,V017,Yaoundé,Marché Essos,Fruits (Mango/Avocado/Pineapple),Sunday,November,11,1,0,0,0,1,17,1803.0,30654.0
2025-12-01,V017,Yaoundé,Marché Essos,Fruits (Mango/Avocado/Pineapple),Monday,December,12,0,0,0,0,0,11,1803.0,19838.0
2025-12-02,V017,Yaoundé,Marché Essos,Fruits (Mango/Avocado/Pineapple),Tuesday,December,12,0,0,0,0,0,9,2029.0,18261.0
2025-12-03,V017,Yaoundé,Marché Essos,Fruits (Mango/Avocado/Pineapple),Wednesday,December,12,0,0,0,0,0,16,1891.0,30257.0
2025-12-04,V017,Yaoundé,Marché Essos,Fruits (Mango/Avocado/Pineapple),Thursday,December,12,0,0,0,0,0,15,1738.0,26075.0
2025-12-05,V017,Yaoundé,Marché Essos,Fruits (Mango/Avocado/Pineapple),Friday,December,12,0,0,0,0,0,17,2256.0,38355.0
2025-12-06,V017,Yaoundé,Marché Essos,Fruits (Mango/Avocado/Pineapple),Saturday,December,12,1,0,0,1,0,27,1851.0,49983.0
2025-12-07,V017,Yaoundé,Marché Essos,Fruits (Mango/Avocado/Pineapple),Sunday,December,12,1,0,0,0,0,19,1608.0,30558.0
2025-12-08,V017,Yaoundé,Marché Essos,Fruits (Mango/Avocado/Pineapple),Monday,December,12,0,0,0,0,0,7,2538.0,17769.0
2025-12-09,V017,Yaoundé,Marché Essos,Fruits (Mango/Avocado/Pineapple),Tuesday,December,12,0,0,0,0,0,7,2335.0,16347.0
2025-12-10,V017,Yaoundé,Marché Essos,Fruits (Mango/Avocado/Pineapple),Wednesday,December,12,0,0,0,0,0,16,1906.0,30503.0
2025-12-11,V017,Yaoundé,Marché Essos,Fruits (Mango/Avocado/Pineapple),Thursday,December,12,0,0,0,0,0,10,1997.0,19971.0
2025-12-12,V017,Yaoundé,Marché Essos,Fruits (Mango/Avocado/Pineapple),Friday,December,12,0,0,0,0,0,10,2377.0,23768.0
2025-12-13,V017,Yaoundé,Marché Essos,Fruits (Mango/Avocado/Pineapple),Saturday,December,12,1,0,0,0,0,20,2045.0,40892.0
2025-12-14,V017,Yaoundé,Marché Essos,Fruits (Mango/Avocado/Pineapple),Sunday,December,12,1,0,0,0,0,19,1907.0,36231.0
2025-12-15,V017,Yaoundé,Marché Essos,Fruits (Mango/Avocado/Pineapple),Monday,December,12,0,0,0,0,0,11,2034.0,22372.0
2025-12-16,V017,Yaoundé,Marché Essos,Fruits (Mango/Avocado/Pineapple),Tuesday,December,12,0,0,0,0,0,16,1664.0,26616.0
2025-12-17,V017,Yaoundé,Marché Essos,Fruits (Mango/Avocado/Pineapple),Wednesday,December,12,0,0,0,0,0,15,1700.0,25499.0
2025-12-18,V017,Yaoundé,Marché Essos,Fruits (Mango/Avocado/Pineapple),Thursday,December,12,0,0,0,0,0,14,1748.0,24467.0
2025-12-19,V017,Yaoundé,Marché Essos,Fruits (Mango/Avocado/Pineapple),Friday,December,12,0,0,0,0,0,16,1827.0,29234.0
2025-12-20,V017,Yaoundé,Marché Essos,Fruits (Mango/Avocado/Pineapple),Saturday,December,12,1,0,0,1,0,22,1946.0,42821.0
2025-12-21,V017,Yaoundé,Marché Essos,Fruits (Mango/Avocado/Pineapple),Sunday,December,12,1,0,0,0,0,15,1746.0,26196.0
2025-12-22,V017,Yaoundé,Marché Essos,Fruits (Mango/Avocado/Pineapple),Monday,December,12,0,0,0,0,0,17,1641.0,27891.0
2025-12-23,V017,Yaoundé,Marché Essos,Fruits (Mango/Avocado/Pineapple),Tuesday,December,12,0,0,0,0,0,12,1539.0,18471.0
2025-12-24,V017,Yaoundé,Marché Essos,Fruits (Mango/Avocado/Pineapple),Wednesday,December,12,0,0,0,0,0,13,1744.0,22671.0
2025-12-25,V017,Yaoundé,Marché Essos,Fruits (Mango/Avocado/Pineapple),Thursday,December,12,0,1,0,0,0,15,1799.0,26991.0
2025-12-26,V017,Yaoundé,Marché Essos,Fruits (Mango/Avocado/Pineapple),Friday,December,12,0,0,0,0,0,15,2191.0,32872.0
2025-12-27,V017,Yaoundé,Marché Essos,Fruits (Mango/Avocado/Pineapple),Saturday,December,12,1,0,0,0,0,26,1636.0,42540.0
2025-12-28,V017,Yaoundé,Marché Essos,Fruits (Mango/Avocado/Pineapple),Sunday,December,12,1,0,0,0,0,18,1597.0,28738.0
2025-12-29,V017,Yaoundé,Marché Essos,Fruits (Mango/Avocado/Pineapple),Monday,December,12,0,0,0,0,1,15,1632.0,24484.0
2025-12-30,V017,Yaoundé,Marché Essos,Fruits (Mango/Avocado/Pineapple),Tuesday,December,12,0,0,0,0,1,14,1276.0,17865.0
2025-12-31,V017,Yaoundé,Marché Essos,Fruits (Mango/Avocado/Pineapple),Wednesday,December,12,0,0,0,0,1,19,1902.0,36136.0
2026-01-01,V017,Yaoundé,Marché Essos,Fruits (Mango/Avocado/Pineapple),Thursday,January,1,0,1,0,0,0,12,1857.0,22279.0
2026-01-02,V017,Yaoundé,Marché Essos,Fruits (Mango/Avocado/Pineapple),Friday,January,1,0,0,0,0,0,14,1711.0,23957.0
2026-01-03,V017,Yaoundé,Marché Essos,Fruits (Mango/Avocado/Pineapple),Saturday,January,1,1,0,0,1,0,25,1938.0,48451.0
2026-01-04,V017,Yaoundé,Marché Essos,Fruits (Mango/Avocado/Pineapple),Sunday,January,1,1,0,0,0,0,21,1728.0,36285.0
2026-01-05,V017,Yaoundé,Marché Essos,Fruits (Mango/Avocado/Pineapple),Monday,January,1,0,0,0,0,0,14,1876.0,26260.0
2026-01-06,V017,Yaoundé,Marché Essos,Fruits (Mango/Avocado/Pineapple),Tuesday,January,1,0,0,0,0,0,11,1632.0,17950.0
2026-01-07,V017,Yaoundé,Marché Essos,Fruits (Mango/Avocado/Pineapple),Wednesday,January,1,0,0,0,0,0,9,2541.0,22866.0
2026-01-08,V017,Yaoundé,Marché Essos,Fruits (Mango/Avocado/Pineapple),Thursday,January,1,0,0,0,0,0,22,1474.0,32423.0
2026-01-09,V017,Yaoundé,Marché Essos,Fruits (Mango/Avocado/Pineapple),Friday,January,1,0,0,0,0,0,21,1468.0,30838.0
2026-01-10,V017,Yaoundé,Marché Essos,Fruits (Mango/Avocado/Pineapple),Saturday,January,1,1,0,0,0,0,20,1938.0,38760.0
2026-01-11,V017,Yaoundé,Marché Essos,Fruits (Mango/Avocado/Pineapple),Sunday,January,1,1,0,0,0,0,17,1557.0,26474.0
2026-01-12,V017,Yaoundé,Marché Essos,Fruits (Mango/Avocado/Pineapple),Monday,January,1,0,0,0,0,0,12,1595.0,19144.0
2026-01-13,V017,Yaoundé,Marché Essos,Fruits (Mango/Avocado/Pineapple),Tuesday,January,1,0,0,0,0,0,10,2094.0,20942.0
2026-01-14,V017,Yaoundé,Marché Essos,Fruits (Mango/Avocado/Pineapple),Wednesday,January,1,0,0,0,0,0,15,1927.0,28898.0
2026-01-15,V017,Yaoundé,Marché Essos,Fruits (Mango/Avocado/Pineapple),Thursday,January,1,0,0,0,0,0,15,1576.0,23633.0
2026-01-16,V017,Yaoundé,Marché Essos,Fruits (Mango/Avocado/Pineapple),Friday,January,1,0,0,0,0,0,24,1726.0,41417.0
2026-01-17,V017,Yaoundé,Marché Essos,Fruits (Mango/Avocado/Pineapple),Saturday,January,1,1,0,0,1,0,21,1904.0,39989.0
2026-01-18,V017,Yaoundé,Marché Essos,Fruits (Mango/Avocado/Pineapple),Sunday,January,1,1,0,0,0,0,17,1770.0,30085.0
2026-01-19,V017,Yaoundé,Marché Essos,Fruits (Mango/Avocado/Pineapple),Monday,January,1,0,0,0,0,0,11,1676.0,18441.0
2026-01-20,V017,Yaoundé,Marché Essos,Fruits (Mango/Avocado/Pineapple),Tuesday,January,1,0,0,0,0,0,9,2613.0,23519.0
2026-01-21,V017,Yaoundé,Marché Essos,Fruits (Mango/Avocado/Pineapple),Wednesday,January,1,0,0,0,0,0,10,2031.0,20310.0
2026-01-22,V017,Yaoundé,Marché Essos,Fruits (Mango/Avocado/Pineapple),Thursday,January,1,0,0,0,0,0,17,1476.0,25088.0
2026-01-23,V017,Yaoundé,Marché Essos,Fruits (Mango/Avocado/Pineapple),Friday,January,1,0,0,0,0,0,16,2027.0,32428.0
2026-01-24,V017,Yaoundé,Marché Essos,Fruits (Mango/Avocado/Pineapple),Saturday,January,1,1,0,0,0,0,21,1889.0,39673.0
2026-01-25,V017,Yaoundé,Marché Essos,Fruits (Mango/Avocado/Pineapple),Sunday,January,1,1,0,0,0,0,18,1747.0,31441.0
2026-01-26,V017,Yaoundé,Marché Essos,Fruits (Mango/Avocado/Pineapple),Monday,January,1,0,0,0,0,0,15,1826.0,27387.0
2026-01-27,V017,Yaoundé,Marché Essos,Fruits (Mango/Avocado/Pineapple),Tuesday,January,1,0,0,0,0,0,19,1637.0,31106.0
2026-01-28,V017,Yaoundé,Marché Essos,Fruits (Mango/Avocado/Pineapple),Wednesday,January,1,0,0,0,0,0,16,1321.0,21136.0
2026-01-29,V017,Yaoundé,Marché Essos,Fruits (Mango/Avocado/Pineapple),Thursday,January,1,0,0,0,0,1,15,2067.0,31004.0
2026-01-30,V017,Yaoundé,Marché Essos,Fruits (Mango/Avocado/Pineapple),Friday,January,1,0,0,0,0,1,30,1604.0,48108.0
2026-01-31,V017,Yaoundé,Marché Essos,Fruits (Mango/Avocado/Pineapple),Saturday,January,1,1,0,0,0,1,23,1895.0,43588.0
2026-02-01,V017,Yaoundé,Marché Essos,Fruits (Mango/Avocado/Pineapple),Sunday,February,2,1,0,0,0,0,17,1691.0,28749.0
2026-02-02,V017,Yaoundé,Marché Essos,Fruits (Mango/Avocado/Pineapple),Monday,February,2,0,0,0,0,0,16,1733.0,27727.0
2026-02-03,V017,Yaoundé,Marché Essos,Fruits (Mango/Avocado/Pineapple),Tuesday,February,2,0,0,0,0,0,16,1474.0,23587.0
2026-02-04,V017,Yaoundé,Marché Essos,Fruits (Mango/Avocado/Pineapple),Wednesday,February,2,0,0,0,0,0,14,1621.0,22692.0
2026-02-05,V017,Yaoundé,Marché Essos,Fruits (Mango/Avocado/Pineapple),Thursday,February,2,0,0,0,0,0,14,1724.0,24134.0
2026-02-06,V017,Yaoundé,Marché Essos,Fruits (Mango/Avocado/Pineapple),Friday,February,2,0,0,0,0,0,16,1902.0,30439.0
2026-02-07,V017,Yaoundé,Marché Essos,Fruits (Mango/Avocado/Pineapple),Saturday,February,2,1,0,0,1,0,26,1617.0,42037.0
2026-02-08,V017,Yaoundé,Marché Essos,Fruits (Mango/Avocado/Pineapple),Sunday,February,2,1,0,0,0,0,12,2166.0,25990.0
2026-02-09,V017,Yaoundé,Marché Essos,Fruits (Mango/Avocado/Pineapple),Monday,February,2,0,0,0,0,0,19,1698.0,32271.0
2026-02-10,V017,Yaoundé,Marché Essos,Fruits (Mango/Avocado/Pineapple),Tuesday,February,2,0,0,0,0,0,7,2154.0,15076.0
2026-02-11,V017,Yaoundé,Marché Essos,Fruits (Mango/Avocado/Pineapple),Wednesday,February,2,0,1,0,0,0,10,2166.0,21657.0
2026-02-12,V017,Yaoundé,Marché Essos,Fruits (Mango/Avocado/Pineapple),Thursday,February,2,0,0,0,0,0,7,2064.0,14448.0
2026-02-13,V017,Yaoundé,Marché Essos,Fruits (Mango/Avocado/Pineapple),Friday,February,2,0,0,0,0,0,14,1807.0,25295.0
2026-02-14,V017,Yaoundé,Marché Essos,Fruits (Mango/Avocado/Pineapple),Saturday,February,2,1,0,0,0,0,15,1897.0,28458.0
2026-02-15,V017,Yaoundé,Marché Essos,Fruits (Mango/Avocado/Pineapple),Sunday,February,2,1,0,0,0,0,18,1529.0,27521.0
2026-02-16,V017,Yaoundé,Marché Essos,Fruits (Mango/Avocado/Pineapple),Monday,February,2,0,0,0,0,0,17,1671.0,28401.0
2026-02-17,V017,Yaoundé,Marché Essos,Fruits (Mango/Avocado/Pineapple),Tuesday,February,2,0,0,0,0,0,16,1365.0,21837.0
2026-02-18,V017,Yaoundé,Marché Essos,Fruits (Mango/Avocado/Pineapple),Wednesday,February,2,0,0,0,0,0,7,2593.0,18152.0
2026-02-19,V017,Yaoundé,Marché Essos,Fruits (Mango/Avocado/Pineapple),Thursday,February,2,0,0,0,0,0,18,1391.0,25038.0
2026-02-20,V017,Yaoundé,Marché Essos,Fruits (Mango/Avocado/Pineapple),Friday,February,2,0,0,0,0,0,16,1872.0,29956.0
2026-02-21,V017,Yaoundé,Marché Essos,Fruits (Mango/Avocado/Pineapple),Saturday,February,2,1,0,0,1,0,21,1653.0,34707.0
2026-02-22,V017,Yaoundé,Marché Essos,Fruits (Mango/Avocado/Pineapple),Sunday,February,2,1,0,0,0,0,21,1676.0,35206.0
2026-02-23,V017,Yaoundé,Marché Essos,Fruits (Mango/Avocado/Pineapple),Monday,February,2,0,0,0,0,0,9,2186.0,19671.0
2026-02-24,V017,Yaoundé,Marché Essos,Fruits (Mango/Avocado/Pineapple),Tuesday,February,2,0,0,0,0,0,10,1835.0,18350.0
2026-02-25,V017,Yaoundé,Marché Essos,Fruits (Mango/Avocado/Pineapple),Wednesday,February,2,0,0,0,0,0,8,2470.0,19764.0
2026-02-26,V017,Yaoundé,Marché Essos,Fruits (Mango/Avocado/Pineapple),Thursday,February,2,0,0,0,0,1,14,1935.0,27085.0
2026-02-27,V017,Yaoundé,Marché Essos,Fruits (Mango/Avocado/Pineapple),Friday,February,2,0,0,0,0,1,18,1802.0,32430.0
2026-02-28,V017,Yaoundé,Marché Essos,Fruits (Mango/Avocado/Pineapple),Saturday,February,2,1,0,0,0,1,24,1853.0,44476.0
2026-03-01,V017,Yaoundé,Marché Essos,Fruits (Mango/Avocado/Pineapple),Sunday,March,3,1,0,0,0,0,15,2043.0,30649.0
2026-03-02,V017,Yaoundé,Marché Essos,Fruits (Mango/Avocado/Pineapple),Monday,March,3,0,0,0,0,0,12,1871.0,22451.0
2026-03-03,V017,Yaoundé,Marché Essos,Fruits (Mango/Avocado/Pineapple),Tuesday,March,3,0,0,0,0,0,11,1606.0,17670.0
2026-03-04,V017,Yaoundé,Marché Essos,Fruits (Mango/Avocado/Pineapple),Wednesday,March,3,0,0,0,0,0,11,1862.0,20485.0
2026-03-05,V017,Yaoundé,Marché Essos,Fruits (Mango/Avocado/Pineapple),Thursday,March,3,0,0,0,0,0,19,1650.0,31346.0
2026-03-06,V017,Yaoundé,Marché Essos,Fruits (Mango/Avocado/Pineapple),Friday,March,3,0,0,0,0,0,16,1954.0,31260.0
2026-03-07,V017,Yaoundé,Marché Essos,Fruits (Mango/Avocado/Pineapple),Saturday,March,3,1,0,0,1,0,30,1779.0,53358.0
2026-03-08,V017,Yaoundé,Marché Essos,Fruits (Mango/Avocado/Pineapple),Sunday,March,3,1,1,0,0,0,16,2073.0,33165.0
2026-03-09,V017,Yaoundé,Marché Essos,Fruits (Mango/Avocado/Pineapple),Monday,March,3,0,0,0,0,0,8,1896.0,15171.0
2026-03-10,V017,Yaoundé,Marché Essos,Fruits (Mango/Avocado/Pineapple),Tuesday,March,3,0,0,0,0,0,14,1630.0,22817.0
2026-03-11,V017,Yaoundé,Marché Essos,Fruits (Mango/Avocado/Pineapple),Wednesday,March,3,0,0,0,0,0,16,1601.0,25610.0
2026-03-12,V017,Yaoundé,Marché Essos,Fruits (Mango/Avocado/Pineapple),Thursday,March,3,0,0,0,0,0,14,1601.0,22420.0
2026-03-13,V017,Yaoundé,Marché Essos,Fruits (Mango/Avocado/Pineapple),Friday,March,3,0,0,0,0,0,17,1662.0,28246.0
2026-03-14,V017,Yaoundé,Marché Essos,Fruits (Mango/Avocado/Pineapple),Saturday,March,3,1,0,0,0,0,16,1833.0,29323.0
2026-03-15,V017,Yaoundé,Marché Essos,Fruits (Mango/Avocado/Pineapple),Sunday,March,3,1,0,0,0,0,10,2075.0,20747.0
2026-03-16,V017,Yaoundé,Marché Essos,Fruits (Mango/Avocado/Pineapple),Monday,March,3,0,0,0,0,0,12,1987.0,23847.0
2026-03-17,V017,Yaoundé,Marché Essos,Fruits (Mango/Avocado/Pineapple),Tuesday,March,3,0,0,0,0,0,12,1597.0,19170.0
2026-03-18,V017,Yaoundé,Marché Essos,Fruits (Mango/Avocado/Pineapple),Wednesday,March,3,0,0,0,0,0,12,1964.0,23564.0
2026-03-19,V017,Yaoundé,Marché Essos,Fruits (Mango/Avocado/Pineapple),Thursday,March,3,0,0,0,0,0,19,1348.0,25611.0
2026-03-20,V017,Yaoundé,Marché Essos,Fruits (Mango/Avocado/Pineapple),Friday,March,3,0,0,0,0,0,23,1662.0,38237.0
2026-03-21,V017,Yaoundé,Marché Essos,Fruits (Mango/Avocado/Pineapple),Saturday,March,3,1,0,0,1,0,27,1802.0,48661.0
2026-03-22,V017,Yaoundé,Marché Essos,Fruits (Mango/Avocado/Pineapple),Sunday,March,3,1,0,0,0,0,9,2141.0,19266.0
2026-03-23,V017,Yaoundé,Marché Essos,Fruits (Mango/Avocado/Pineapple),Monday,March,3,0,0,0,0,0,7,2886.0,20204.0
2026-03-24,V017,Yaoundé,Marché Essos,Fruits (Mango/Avocado/Pineapple),Tuesday,March,3,0,0,0,0,0,6,3134.0,18804.0
2026-03-25,V017,Yaoundé,Marché Essos,Fruits (Mango/Avocado/Pineapple),Wednesday,March,3,0,0,0,0,0,14,1703.0,23842.0
2026-03-26,V017,Yaoundé,Marché Essos,Fruits (Mango/Avocado/Pineapple),Thursday,March,3,0,0,0,0,0,18,1723.0,31022.0
2026-03-27,V017,Yaoundé,Marché Essos,Fruits (Mango/Avocado/Pineapple),Friday,March,3,0,0,0,0,0,10,2612.0,26121.0
2026-03-28,V017,Yaoundé,Marché Essos,Fruits (Mango/Avocado/Pineapple),Saturday,March,3,1,0,0,0,0,12,2316.0,27791.0
2026-03-29,V017,Yaoundé,Marché Essos,Fruits (Mango/Avocado/Pineapple),Sunday,March,3,1,0,0,0,1,15,1937.0,29061.0
2026-03-30,V017,Yaoundé,Marché Essos,Fruits (Mango/Avocado/Pineapple),Monday,March,3,0,0,0,0,1,12,1759.0,21107.0
2026-03-31,V017,Yaoundé,Marché Essos,Fruits (Mango/Avocado/Pineapple),Tuesday,March,3,0,0,0,0,1,14,1824.0,25543.0
2025-09-01,V018,Yaoundé,Marché du Mfoundi,Palm Oil & Condiments,Monday,September,9,0,0,1,0,0,16,1361.0,21772.0
2025-09-02,V018,Yaoundé,Marché du Mfoundi,Palm Oil & Condiments,Tuesday,September,9,0,0,1,0,0,15,1687.0,25311.0
2025-09-03,V018,Yaoundé,Marché du Mfoundi,Palm Oil & Condiments,Wednesday,September,9,0,0,1,0,0,13,1818.0,23640.0
2025-09-04,V018,Yaoundé,Marché du Mfoundi,Palm Oil & Condiments,Thursday,September,9,0,0,1,0,0,17,2033.0,34557.0
2025-09-05,V018,Yaoundé,Marché du Mfoundi,Palm Oil & Condiments,Friday,September,9,0,0,1,0,0,20,1896.0,37914.0
2025-09-06,V018,Yaoundé,Marché du Mfoundi,Palm Oil & Condiments,Saturday,September,9,1,0,1,1,0,30,1611.0,48334.0
2025-09-07,V018,Yaoundé,Marché du Mfoundi,Palm Oil & Condiments,Sunday,September,9,1,0,1,0,0,19,2065.0,39236.0
2025-09-08,V018,Yaoundé,Marché du Mfoundi,Palm Oil & Condiments,Monday,September,9,0,0,1,0,0,10,1682.0,16816.0
2025-09-09,V018,Yaoundé,Marché du Mfoundi,Palm Oil & Condiments,Tuesday,September,9,0,0,1,0,0,10,2459.0,24590.0
2025-09-10,V018,Yaoundé,Marché du Mfoundi,Palm Oil & Condiments,Wednesday,September,9,0,0,1,0,0,16,1863.0,29803.0
2025-09-11,V018,Yaoundé,Marché du Mfoundi,Palm Oil & Condiments,Thursday,September,9,0,0,1,0,0,14,1816.0,25420.0
2025-09-12,V018,Yaoundé,Marché du Mfoundi,Palm Oil & Condiments,Friday,September,9,0,0,1,0,0,20,1961.0,39219.0
2025-09-13,V018,Yaoundé,Marché du Mfoundi,Palm Oil & Condiments,Saturday,September,9,1,0,1,0,0,13,2162.0,28104.0
2025-09-14,V018,Yaoundé,Marché du Mfoundi,Palm Oil & Condiments,Sunday,September,9,1,0,1,0,0,17,2092.0,35563.0
2025-09-15,V018,Yaoundé,Marché du Mfoundi,Palm Oil & Condiments,Monday,September,9,0,0,1,0,0,14,1776.0,24862.0
2025-09-16,V018,Yaoundé,Marché du Mfoundi,Palm Oil & Condiments,Tuesday,September,9,0,0,1,0,0,17,1823.0,30989.0
2025-09-17,V018,Yaoundé,Marché du Mfoundi,Palm Oil & Condiments,Wednesday,September,9,0,0,1,0,0,24,1881.0,45137.0
2025-09-18,V018,Yaoundé,Marché du Mfoundi,Palm Oil & Condiments,Thursday,September,9,0,0,1,0,0,14,1840.0,25759.0
2025-09-19,V018,Yaoundé,Marché du Mfoundi,Palm Oil & Condiments,Friday,September,9,0,0,1,0,0,16,1948.0,31174.0
2025-09-20,V018,Yaoundé,Marché du Mfoundi,Palm Oil & Condiments,Saturday,September,9,1,0,1,1,0,28,1713.0,47972.0
2025-09-21,V018,Yaoundé,Marché du Mfoundi,Palm Oil & Condiments,Sunday,September,9,1,0,1,0,0,16,1606.0,25694.0
2025-09-22,V018,Yaoundé,Marché du Mfoundi,Palm Oil & Condiments,Monday,September,9,0,0,1,0,0,8,1783.0,14265.0
2025-09-23,V018,Yaoundé,Marché du Mfoundi,Palm Oil & Condiments,Tuesday,September,9,0,0,1,0,0,11,1924.0,21163.0
2025-09-24,V018,Yaoundé,Marché du Mfoundi,Palm Oil & Condiments,Wednesday,September,9,0,0,1,0,0,18,1711.0,30801.0
2025-09-25,V018,Yaoundé,Marché du Mfoundi,Palm Oil & Condiments,Thursday,September,9,0,0,1,0,0,15,1639.0,24584.0
2025-09-26,V018,Yaoundé,Marché du Mfoundi,Palm Oil & Condiments,Friday,September,9,0,0,1,0,0,19,1874.0,35598.0
2025-09-27,V018,Yaoundé,Marché du Mfoundi,Palm Oil & Condiments,Saturday,September,9,1,0,1,0,0,32,1775.0,56803.0
2025-09-28,V018,Yaoundé,Marché du Mfoundi,Palm Oil & Condiments,Sunday,September,9,1,0,1,0,1,32,1840.0,58877.0
2025-09-29,V018,Yaoundé,Marché du Mfoundi,Palm Oil & Condiments,Monday,September,9,0,0,1,0,1,12,1940.0,23281.0
2025-09-30,V018,Yaoundé,Marché du Mfoundi,Palm Oil & Condiments,Tuesday,September,9,0,0,1,0,1,13,1947.0,25317.0
2025-10-01,V018,Yaoundé,Marché du Mfoundi,Palm Oil & Condiments,Wednesday,October,10,0,0,1,0,0,12,2132.0,25586.0
2025-10-02,V018,Yaoundé,Marché du Mfoundi,Palm Oil & Condiments,Thursday,October,10,0,0,1,0,0,14,1736.0,24298.0
2025-10-03,V018,Yaoundé,Marché du Mfoundi,Palm Oil & Condiments,Friday,October,10,0,0,1,0,0,19,1678.0,31883.0
2025-10-04,V018,Yaoundé,Marché du Mfoundi,Palm Oil & Condiments,Saturday,October,10,1,0,1,1,0,23,1824.0,41944.0
2025-10-05,V018,Yaoundé,Marché du Mfoundi,Palm Oil & Condiments,Sunday,October,10,1,0,1,0,0,15,1809.0,27132.0
2025-10-06,V018,Yaoundé,Marché du Mfoundi,Palm Oil & Condiments,Monday,October,10,0,0,1,0,0,12,1582.0,18989.0
2025-10-07,V018,Yaoundé,Marché du Mfoundi,Palm Oil & Condiments,Tuesday,October,10,0,0,1,0,0,15,1645.0,24679.0
2025-10-08,V018,Yaoundé,Marché du Mfoundi,Palm Oil & Condiments,Wednesday,October,10,0,0,1,0,0,18,1432.0,25773.0
2025-10-09,V018,Yaoundé,Marché du Mfoundi,Palm Oil & Condiments,Thursday,October,10,0,0,1,0,0,10,2298.0,22976.0
2025-10-10,V018,Yaoundé,Marché du Mfoundi,Palm Oil & Condiments,Friday,October,10,0,0,1,0,0,12,2079.0,24953.0
2025-10-11,V018,Yaoundé,Marché du Mfoundi,Palm Oil & Condiments,Saturday,October,10,1,0,1,0,0,28,1756.0,49168.0
2025-10-12,V018,Yaoundé,Marché du Mfoundi,Palm Oil & Condiments,Sunday,October,10,1,0,1,0,0,20,2029.0,40571.0
2025-10-13,V018,Yaoundé,Marché du Mfoundi,Palm Oil & Condiments,Monday,October,10,0,0,1,0,0,15,1428.0,21421.0
2025-10-14,V018,Yaoundé,Marché du Mfoundi,Palm Oil & Condiments,Tuesday,October,10,0,0,1,0,0,17,1532.0,26049.0
2025-10-15,V018,Yaoundé,Marché du Mfoundi,Palm Oil & Condiments,Wednesday,October,10,0,0,1,0,0,13,1836.0,23863.0
2025-10-16,V018,Yaoundé,Marché du Mfoundi,Palm Oil & Condiments,Thursday,October,10,0,0,1,0,0,31,1748.0,54180.0
2025-10-17,V018,Yaoundé,Marché du Mfoundi,Palm Oil & Condiments,Friday,October,10,0,0,1,0,0,12,2467.0,29599.0
2025-10-18,V018,Yaoundé,Marché du Mfoundi,Palm Oil & Condiments,Saturday,October,10,1,0,1,1,0,28,1675.0,46909.0
2025-10-19,V018,Yaoundé,Marché du Mfoundi,Palm Oil & Condiments,Sunday,October,10,1,0,1,0,0,21,1743.0,36598.0
2025-10-20,V018,Yaoundé,Marché du Mfoundi,Palm Oil & Condiments,Monday,October,10,0,0,1,0,0,14,1464.0,20493.0
2025-10-21,V018,Yaoundé,Marché du Mfoundi,Palm Oil & Condiments,Tuesday,October,10,0,0,1,0,0,11,2143.0,23574.0
2025-10-22,V018,Yaoundé,Marché du Mfoundi,Palm Oil & Condiments,Wednesday,October,10,0,0,1,0,0,13,2192.0,28501.0
2025-10-23,V018,Yaoundé,Marché du Mfoundi,Palm Oil & Condiments,Thursday,October,10,0,0,1,0,0,18,1690.0,30424.0
2025-10-24,V018,Yaoundé,Marché du Mfoundi,Palm Oil & Condiments,Friday,October,10,0,0,1,0,0,15,1922.0,28830.0
2025-10-25,V018,Yaoundé,Marché du Mfoundi,Palm Oil & Condiments,Saturday,October,10,1,0,1,0,0,22,2051.0,45121.0
2025-10-26,V018,Yaoundé,Marché du Mfoundi,Palm Oil & Condiments,Sunday,October,10,1,0,1,0,0,18,1637.0,29458.0
2025-10-27,V018,Yaoundé,Marché du Mfoundi,Palm Oil & Condiments,Monday,October,10,0,0,1,0,0,6,3241.0,19445.0
2025-10-28,V018,Yaoundé,Marché du Mfoundi,Palm Oil & Condiments,Tuesday,October,10,0,0,1,0,0,14,1602.0,22433.0
2025-10-29,V018,Yaoundé,Marché du Mfoundi,Palm Oil & Condiments,Wednesday,October,10,0,0,1,0,1,12,1665.0,19980.0
2025-10-30,V018,Yaoundé,Marché du Mfoundi,Palm Oil & Condiments,Thursday,October,10,0,0,1,0,1,22,1518.0,33389.0
2025-10-31,V018,Yaoundé,Marché du Mfoundi,Palm Oil & Condiments,Friday,October,10,0,0,1,0,1,31,1805.0,55970.0
2025-11-01,V018,Yaoundé,Marché du Mfoundi,Palm Oil & Condiments,Saturday,November,11,1,0,0,1,0,34,1623.0,55172.0
2025-11-02,V018,Yaoundé,Marché du Mfoundi,Palm Oil & Condiments,Sunday,November,11,1,0,0,0,0,22,1801.0,39623.0
2025-11-03,V018,Yaoundé,Marché du Mfoundi,Palm Oil & Condiments,Monday,November,11,0,0,0,0,0,7,2575.0,18026.0
2025-11-04,V018,Yaoundé,Marché du Mfoundi,Palm Oil & Condiments,Tuesday,November,11,0,0,0,0,0,19,1536.0,29190.0
2025-11-05,V018,Yaoundé,Marché du Mfoundi,Palm Oil & Condiments,Wednesday,November,11,0,0,0,0,0,14,2037.0,28512.0
2025-11-06,V018,Yaoundé,Marché du Mfoundi,Palm Oil & Condiments,Thursday,November,11,0,0,0,0,0,10,2119.0,21186.0
2025-11-07,V018,Yaoundé,Marché du Mfoundi,Palm Oil & Condiments,Friday,November,11,0,0,0,0,0,18,2051.0,36915.0
2025-11-08,V018,Yaoundé,Marché du Mfoundi,Palm Oil & Condiments,Saturday,November,11,1,0,0,0,0,20,1860.0,37197.0
2025-11-09,V018,Yaoundé,Marché du Mfoundi,Palm Oil & Condiments,Sunday,November,11,1,0,0,0,0,26,1718.0,44667.0
2025-11-10,V018,Yaoundé,Marché du Mfoundi,Palm Oil & Condiments,Monday,November,11,0,0,0,0,0,15,1794.0,26916.0
2025-11-11,V018,Yaoundé,Marché du Mfoundi,Palm Oil & Condiments,Tuesday,November,11,0,0,0,0,0,16,1855.0,29681.0
2025-11-12,V018,Yaoundé,Marché du Mfoundi,Palm Oil & Condiments,Wednesday,November,11,0,0,0,0,0,15,1725.0,25874.0
2025-11-13,V018,Yaoundé,Marché du Mfoundi,Palm Oil & Condiments,Thursday,November,11,0,0,0,0,0,13,2179.0,28327.0
2025-11-14,V018,Yaoundé,Marché du Mfoundi,Palm Oil & Condiments,Friday,November,11,0,0,0,0,0,22,2125.0,46751.0
2025-11-15,V018,Yaoundé,Marché du Mfoundi,Palm Oil & Condiments,Saturday,November,11,1,0,0,1,0,39,1760.0,68625.0
2025-11-16,V018,Yaoundé,Marché du Mfoundi,Palm Oil & Condiments,Sunday,November,11,1,0,0,0,0,16,1807.0,28907.0
2025-11-17,V018,Yaoundé,Marché du Mfoundi,Palm Oil & Condiments,Monday,November,11,0,0,0,0,0,14,1690.0,23667.0
2025-11-18,V018,Yaoundé,Marché du Mfoundi,Palm Oil & Condiments,Tuesday,November,11,0,0,0,0,0,18,1721.0,30973.0
2025-11-19,V018,Yaoundé,Marché du Mfoundi,Palm Oil & Condiments,Wednesday,November,11,0,0,0,0,0,17,1875.0,31867.0
2025-11-20,V018,Yaoundé,Marché du Mfoundi,Palm Oil & Condiments,Thursday,November,11,0,0,0,0,0,24,1688.0,40507.0
2025-11-21,V018,Yaoundé,Marché du Mfoundi,Palm Oil & Condiments,Friday,November,11,0,0,0,0,0,20,1654.0,33088.0
2025-11-22,V018,Yaoundé,Marché du Mfoundi,Palm Oil & Condiments,Saturday,November,11,1,0,0,0,0,27,1867.0,50405.0
2025-11-23,V018,Yaoundé,Marché du Mfoundi,Palm Oil & Condiments,Sunday,November,11,1,0,0,0,0,20,1619.0,32383.0
2025-11-24,V018,Yaoundé,Marché du Mfoundi,Palm Oil & Condiments,Monday,November,11,0,0,0,0,0,14,1821.0,25499.0
2025-11-25,V018,Yaoundé,Marché du Mfoundi,Palm Oil & Condiments,Tuesday,November,11,0,0,0,0,0,24,1441.0,34587.0
2025-11-26,V018,Yaoundé,Marché du Mfoundi,Palm Oil & Condiments,Wednesday,November,11,0,0,0,0,0,13,1949.0,25341.0
2025-11-27,V018,Yaoundé,Marché du Mfoundi,Palm Oil & Condiments,Thursday,November,11,0,0,0,0,0,16,1868.0,29895.0
2025-11-28,V018,Yaoundé,Marché du Mfoundi,Palm Oil & Condiments,Friday,November,11,0,0,0,0,1,23,1929.0,44369.0
2025-11-29,V018,Yaoundé,Marché du Mfoundi,Palm Oil & Condiments,Saturday,November,11,1,0,0,0,1,26,1558.0,40516.0
2025-11-30,V018,Yaoundé,Marché du Mfoundi,Palm Oil & Condiments,Sunday,November,11,1,0,0,0,1,23,1921.0,44188.0
2025-12-01,V018,Yaoundé,Marché du Mfoundi,Palm Oil & Condiments,Monday,December,12,0,0,0,0,0,19,1456.0,27659.0
2025-12-02,V018,Yaoundé,Marché du Mfoundi,Palm Oil & Condiments,Tuesday,December,12,0,0,0,0,0,13,1794.0,23323.0
2025-12-03,V018,Yaoundé,Marché du Mfoundi,Palm Oil & Condiments,Wednesday,December,12,0,0,0,0,0,11,1972.0,21694.0
2025-12-04,V018,Yaoundé,Marché du Mfoundi,Palm Oil & Condiments,Thursday,December,12,0,0,0,0,0,16,2060.0,32962.0
2025-12-05,V018,Yaoundé,Marché du Mfoundi,Palm Oil & Condiments,Friday,December,12,0,0,0,0,0,20,1743.0,34860.0
2025-12-06,V018,Yaoundé,Marché du Mfoundi,Palm Oil & Condiments,Saturday,December,12,1,0,0,1,0,29,2002.0,58056.0
2025-12-07,V018,Yaoundé,Marché du Mfoundi,Palm Oil & Condiments,Sunday,December,12,1,0,0,0,0,21,1753.0,36811.0
2025-12-08,V018,Yaoundé,Marché du Mfoundi,Palm Oil & Condiments,Monday,December,12,0,0,0,0,0,16,1629.0,26068.0
2025-12-09,V018,Yaoundé,Marché du Mfoundi,Palm Oil & Condiments,Tuesday,December,12,0,0,0,0,0,14,1727.0,24172.0
2025-12-10,V018,Yaoundé,Marché du Mfoundi,Palm Oil & Condiments,Wednesday,December,12,0,0,0,0,0,9,2510.0,22589.0
2025-12-11,V018,Yaoundé,Marché du Mfoundi,Palm Oil & Condiments,Thursday,December,12,0,0,0,0,0,18,1886.0,33953.0
2025-12-12,V018,Yaoundé,Marché du Mfoundi,Palm Oil & Condiments,Friday,December,12,0,0,0,0,0,16,2073.0,33169.0
2025-12-13,V018,Yaoundé,Marché du Mfoundi,Palm Oil & Condiments,Saturday,December,12,1,0,0,0,0,25,2054.0,51353.0
2025-12-14,V018,Yaoundé,Marché du Mfoundi,Palm Oil & Condiments,Sunday,December,12,1,0,0,0,0,23,1789.0,41151.0
2025-12-15,V018,Yaoundé,Marché du Mfoundi,Palm Oil & Condiments,Monday,December,12,0,0,0,0,0,11,1788.0,19666.0
2025-12-16,V018,Yaoundé,Marché du Mfoundi,Palm Oil & Condiments,Tuesday,December,12,0,0,0,0,0,26,1667.0,43335.0
2025-12-17,V018,Yaoundé,Marché du Mfoundi,Palm Oil & Condiments,Wednesday,December,12,0,0,0,0,0,14,1714.0,24003.0
2025-12-18,V018,Yaoundé,Marché du Mfoundi,Palm Oil & Condiments,Thursday,December,12,0,0,0,0,0,9,2540.0,22863.0
2025-12-19,V018,Yaoundé,Marché du Mfoundi,Palm Oil & Condiments,Friday,December,12,0,0,0,0,0,20,1781.0,35621.0
2025-12-20,V018,Yaoundé,Marché du Mfoundi,Palm Oil & Condiments,Saturday,December,12,1,0,0,1,0,35,1726.0,60424.0
2025-12-21,V018,Yaoundé,Marché du Mfoundi,Palm Oil & Condiments,Sunday,December,12,1,0,0,0,0,17,2213.0,37622.0
2025-12-22,V018,Yaoundé,Marché du Mfoundi,Palm Oil & Condiments,Monday,December,12,0,0,0,0,0,15,1686.0,25287.0
2025-12-23,V018,Yaoundé,Marché du Mfoundi,Palm Oil & Condiments,Tuesday,December,12,0,0,0,0,0,16,1819.0,29110.0
2025-12-24,V018,Yaoundé,Marché du Mfoundi,Palm Oil & Condiments,Wednesday,December,12,0,0,0,0,0,17,1739.0,29562.0
2025-12-25,V018,Yaoundé,Marché du Mfoundi,Palm Oil & Condiments,Thursday,December,12,0,1,0,0,0,16,1618.0,25889.0
2025-12-26,V018,Yaoundé,Marché du Mfoundi,Palm Oil & Condiments,Friday,December,12,0,0,0,0,0,21,1683.0,35345.0
2025-12-27,V018,Yaoundé,Marché du Mfoundi,Palm Oil & Condiments,Saturday,December,12,1,0,0,0,0,19,1538.0,29219.0
2025-12-28,V018,Yaoundé,Marché du Mfoundi,Palm Oil & Condiments,Sunday,December,12,1,0,0,0,0,20,1397.0,27949.0
2025-12-29,V018,Yaoundé,Marché du Mfoundi,Palm Oil & Condiments,Monday,December,12,0,0,0,0,1,21,2050.0,43056.0
2025-12-30,V018,Yaoundé,Marché du Mfoundi,Palm Oil & Condiments,Tuesday,December,12,0,0,0,0,1,17,2106.0,35806.0
2025-12-31,V018,Yaoundé,Marché du Mfoundi,Palm Oil & Condiments,Wednesday,December,12,0,0,0,0,1,14,2040.0,28557.0
2026-01-01,V018,Yaoundé,Marché du Mfoundi,Palm Oil & Condiments,Thursday,January,1,0,1,0,0,0,22,1817.0,39971.0
2026-01-02,V018,Yaoundé,Marché du Mfoundi,Palm Oil & Condiments,Friday,January,1,0,0,0,0,0,17,1708.0,29042.0
2026-01-03,V018,Yaoundé,Marché du Mfoundi,Palm Oil & Condiments,Saturday,January,1,1,0,0,1,0,24,2097.0,50331.0
2026-01-04,V018,Yaoundé,Marché du Mfoundi,Palm Oil & Condiments,Sunday,January,1,1,0,0,0,0,21,1516.0,31830.0
2026-01-05,V018,Yaoundé,Marché du Mfoundi,Palm Oil & Condiments,Monday,January,1,0,0,0,0,0,9,2643.0,23789.0
2026-01-06,V018,Yaoundé,Marché du Mfoundi,Palm Oil & Condiments,Tuesday,January,1,0,0,0,0,0,15,2075.0,31121.0
2026-01-07,V018,Yaoundé,Marché du Mfoundi,Palm Oil & Condiments,Wednesday,January,1,0,0,0,0,0,15,1930.0,28957.0
2026-01-08,V018,Yaoundé,Marché du Mfoundi,Palm Oil & Condiments,Thursday,January,1,0,0,0,0,0,22,1841.0,40507.0
2026-01-09,V018,Yaoundé,Marché du Mfoundi,Palm Oil & Condiments,Friday,January,1,0,0,0,0,0,15,1956.0,29342.0
2026-01-10,V018,Yaoundé,Marché du Mfoundi,Palm Oil & Condiments,Saturday,January,1,1,0,0,0,0,19,1867.0,35469.0
2026-01-11,V018,Yaoundé,Marché du Mfoundi,Palm Oil & Condiments,Sunday,January,1,1,0,0,0,0,28,1690.0,47327.0
2026-01-12,V018,Yaoundé,Marché du Mfoundi,Palm Oil & Condiments,Monday,January,1,0,0,0,0,0,21,1758.0,36918.0
2026-01-13,V018,Yaoundé,Marché du Mfoundi,Palm Oil & Condiments,Tuesday,January,1,0,0,0,0,0,13,2121.0,27579.0
2026-01-14,V018,Yaoundé,Marché du Mfoundi,Palm Oil & Condiments,Wednesday,January,1,0,0,0,0,0,15,1950.0,29246.0
2026-01-15,V018,Yaoundé,Marché du Mfoundi,Palm Oil & Condiments,Thursday,January,1,0,0,0,0,0,16,2121.0,33938.0
2026-01-16,V018,Yaoundé,Marché du Mfoundi,Palm Oil & Condiments,Friday,January,1,0,0,0,0,0,17,2141.0,36399.0
2026-01-17,V018,Yaoundé,Marché du Mfoundi,Palm Oil & Condiments,Saturday,January,1,1,0,0,1,0,32,1734.0,55486.0
2026-01-18,V018,Yaoundé,Marché du Mfoundi,Palm Oil & Condiments,Sunday,January,1,1,0,0,0,0,11,2337.0,25704.0
2026-01-19,V018,Yaoundé,Marché du Mfoundi,Palm Oil & Condiments,Monday,January,1,0,0,0,0,0,10,2025.0,20247.0
2026-01-20,V018,Yaoundé,Marché du Mfoundi,Palm Oil & Condiments,Tuesday,January,1,0,0,0,0,0,14,1493.0,20900.0
2026-01-21,V018,Yaoundé,Marché du Mfoundi,Palm Oil & Condiments,Wednesday,January,1,0,0,0,0,0,17,1773.0,30136.0
2026-01-22,V018,Yaoundé,Marché du Mfoundi,Palm Oil & Condiments,Thursday,January,1,0,0,0,0,0,14,1583.0,22161.0
2026-01-23,V018,Yaoundé,Marché du Mfoundi,Palm Oil & Condiments,Friday,January,1,0,0,0,0,0,21,1930.0,40527.0
2026-01-24,V018,Yaoundé,Marché du Mfoundi,Palm Oil & Condiments,Saturday,January,1,1,0,0,0,0,18,1863.0,33526.0
2026-01-25,V018,Yaoundé,Marché du Mfoundi,Palm Oil & Condiments,Sunday,January,1,1,0,0,0,0,16,1978.0,31645.0
2026-01-26,V018,Yaoundé,Marché du Mfoundi,Palm Oil & Condiments,Monday,January,1,0,0,0,0,0,13,1732.0,22518.0
2026-01-27,V018,Yaoundé,Marché du Mfoundi,Palm Oil & Condiments,Tuesday,January,1,0,0,0,0,0,12,1403.0,16830.0
2026-01-28,V018,Yaoundé,Marché du Mfoundi,Palm Oil & Condiments,Wednesday,January,1,0,0,0,0,0,18,1852.0,33344.0
2026-01-29,V018,Yaoundé,Marché du Mfoundi,Palm Oil & Condiments,Thursday,January,1,0,0,0,0,1,20,1653.0,33056.0
2026-01-30,V018,Yaoundé,Marché du Mfoundi,Palm Oil & Condiments,Friday,January,1,0,0,0,0,1,22,1870.0,41149.0
2026-01-31,V018,Yaoundé,Marché du Mfoundi,Palm Oil & Condiments,Saturday,January,1,1,0,0,0,1,38,1644.0,62463.0
2026-02-01,V018,Yaoundé,Marché du Mfoundi,Palm Oil & Condiments,Sunday,February,2,1,0,0,0,0,16,1806.0,28897.0
2026-02-02,V018,Yaoundé,Marché du Mfoundi,Palm Oil & Condiments,Monday,February,2,0,0,0,0,0,12,1752.0,21025.0
2026-02-03,V018,Yaoundé,Marché du Mfoundi,Palm Oil & Condiments,Tuesday,February,2,0,0,0,0,0,15,1558.0,23364.0
2026-02-04,V018,Yaoundé,Marché du Mfoundi,Palm Oil & Condiments,Wednesday,February,2,0,0,0,0,0,15,1824.0,27363.0
2026-02-05,V018,Yaoundé,Marché du Mfoundi,Palm Oil & Condiments,Thursday,February,2,0,0,0,0,0,20,1978.0,39566.0
2026-02-06,V018,Yaoundé,Marché du Mfoundi,Palm Oil & Condiments,Friday,February,2,0,0,0,0,0,21,1942.0,40785.0
2026-02-07,V018,Yaoundé,Marché du Mfoundi,Palm Oil & Condiments,Saturday,February,2,1,0,0,1,0,39,1661.0,64760.0
2026-02-08,V018,Yaoundé,Marché du Mfoundi,Palm Oil & Condiments,Sunday,February,2,1,0,0,0,0,13,2525.0,32825.0
2026-02-09,V018,Yaoundé,Marché du Mfoundi,Palm Oil & Condiments,Monday,February,2,0,0,0,0,0,17,1329.0,22588.0
2026-02-10,V018,Yaoundé,Marché du Mfoundi,Palm Oil & Condiments,Tuesday,February,2,0,0,0,0,0,16,1510.0,24160.0
2026-02-11,V018,Yaoundé,Marché du Mfoundi,Palm Oil & Condiments,Wednesday,February,2,0,1,0,0,0,16,1952.0,31225.0
2026-02-12,V018,Yaoundé,Marché du Mfoundi,Palm Oil & Condiments,Thursday,February,2,0,0,0,0,0,20,1697.0,33941.0
2026-02-13,V018,Yaoundé,Marché du Mfoundi,Palm Oil & Condiments,Friday,February,2,0,0,0,0,0,23,1827.0,42032.0
2026-02-14,V018,Yaoundé,Marché du Mfoundi,Palm Oil & Condiments,Saturday,February,2,1,0,0,0,0,31,1720.0,53305.0
2026-02-15,V018,Yaoundé,Marché du Mfoundi,Palm Oil & Condiments,Sunday,February,2,1,0,0,0,0,22,1924.0,42324.0
2026-02-16,V018,Yaoundé,Marché du Mfoundi,Palm Oil & Condiments,Monday,February,2,0,0,0,0,0,16,1925.0,30794.0
2026-02-17,V018,Yaoundé,Marché du Mfoundi,Palm Oil & Condiments,Tuesday,February,2,0,0,0,0,0,14,1866.0,26128.0
2026-02-18,V018,Yaoundé,Marché du Mfoundi,Palm Oil & Condiments,Wednesday,February,2,0,0,0,0,0,9,2587.0,23279.0
2026-02-19,V018,Yaoundé,Marché du Mfoundi,Palm Oil & Condiments,Thursday,February,2,0,0,0,0,0,19,1935.0,36769.0
2026-02-20,V018,Yaoundé,Marché du Mfoundi,Palm Oil & Condiments,Friday,February,2,0,0,0,0,0,17,2020.0,34346.0
2026-02-21,V018,Yaoundé,Marché du Mfoundi,Palm Oil & Condiments,Saturday,February,2,1,0,0,1,0,26,1918.0,49857.0
2026-02-22,V018,Yaoundé,Marché du Mfoundi,Palm Oil & Condiments,Sunday,February,2,1,0,0,0,0,22,1969.0,43326.0
2026-02-23,V018,Yaoundé,Marché du Mfoundi,Palm Oil & Condiments,Monday,February,2,0,0,0,0,0,21,1658.0,34810.0
2026-02-24,V018,Yaoundé,Marché du Mfoundi,Palm Oil & Condiments,Tuesday,February,2,0,0,0,0,0,14,1763.0,24677.0
2026-02-25,V018,Yaoundé,Marché du Mfoundi,Palm Oil & Condiments,Wednesday,February,2,0,0,0,0,0,18,1699.0,30591.0
2026-02-26,V018,Yaoundé,Marché du Mfoundi,Palm Oil & Condiments,Thursday,February,2,0,0,0,0,1,22,1826.0,40182.0
2026-02-27,V018,Yaoundé,Marché du Mfoundi,Palm Oil & Condiments,Friday,February,2,0,0,0,0,1,20,1746.0,34918.0
2026-02-28,V018,Yaoundé,Marché du Mfoundi,Palm Oil & Condiments,Saturday,February,2,1,0,0,0,1,21,2322.0,48766.0
2026-03-01,V018,Yaoundé,Marché du Mfoundi,Palm Oil & Condiments,Sunday,March,3,1,0,0,0,0,19,1943.0,36921.0
2026-03-02,V018,Yaoundé,Marché du Mfoundi,Palm Oil & Condiments,Monday,March,3,0,0,0,0,0,13,1811.0,23541.0
2026-03-03,V018,Yaoundé,Marché du Mfoundi,Palm Oil & Condiments,Tuesday,March,3,0,0,0,0,0,11,1847.0,20320.0
2026-03-04,V018,Yaoundé,Marché du Mfoundi,Palm Oil & Condiments,Wednesday,March,3,0,0,0,0,0,12,2193.0,26317.0
2026-03-05,V018,Yaoundé,Marché du Mfoundi,Palm Oil & Condiments,Thursday,March,3,0,0,0,0,0,13,2288.0,29746.0
2026-03-06,V018,Yaoundé,Marché du Mfoundi,Palm Oil & Condiments,Friday,March,3,0,0,0,0,0,21,1740.0,36549.0
2026-03-07,V018,Yaoundé,Marché du Mfoundi,Palm Oil & Condiments,Saturday,March,3,1,0,0,1,0,32,1724.0,55163.0
2026-03-08,V018,Yaoundé,Marché du Mfoundi,Palm Oil & Condiments,Sunday,March,3,1,1,0,0,0,29,1830.0,53060.0
2026-03-09,V018,Yaoundé,Marché du Mfoundi,Palm Oil & Condiments,Monday,March,3,0,0,0,0,0,17,1832.0,31139.0
2026-03-10,V018,Yaoundé,Marché du Mfoundi,Palm Oil & Condiments,Tuesday,March,3,0,0,0,0,0,12,1975.0,23698.0
2026-03-11,V018,Yaoundé,Marché du Mfoundi,Palm Oil & Condiments,Wednesday,March,3,0,0,0,0,0,18,1624.0,29232.0
2026-03-12,V018,Yaoundé,Marché du Mfoundi,Palm Oil & Condiments,Thursday,March,3,0,0,0,0,0,15,1967.0,29507.0
2026-03-13,V018,Yaoundé,Marché du Mfoundi,Palm Oil & Condiments,Friday,March,3,0,0,0,0,0,23,2033.0,46759.0
2026-03-14,V018,Yaoundé,Marché du Mfoundi,Palm Oil & Condiments,Saturday,March,3,1,0,0,0,0,23,1706.0,39242.0
2026-03-15,V018,Yaoundé,Marché du Mfoundi,Palm Oil & Condiments,Sunday,March,3,1,0,0,0,0,27,1752.0,47299.0
2026-03-16,V018,Yaoundé,Marché du Mfoundi,Palm Oil & Condiments,Monday,March,3,0,0,0,0,0,14,1910.0,26742.0
2026-03-17,V018,Yaoundé,Marché du Mfoundi,Palm Oil & Condiments,Tuesday,March,3,0,0,0,0,0,16,1854.0,29664.0
2026-03-18,V018,Yaoundé,Marché du Mfoundi,Palm Oil & Condiments,Wednesday,March,3,0,0,0,0,0,12,2027.0,24322.0
2026-03-19,V018,Yaoundé,Marché du Mfoundi,Palm Oil & Condiments,Thursday,March,3,0,0,0,0,0,14,1803.0,25235.0
2026-03-20,V018,Yaoundé,Marché du Mfoundi,Palm Oil & Condiments,Friday,March,3,0,0,0,0,0,23,1614.0,37121.0
2026-03-21,V018,Yaoundé,Marché du Mfoundi,Palm Oil & Condiments,Saturday,March,3,1,0,0,1,0,25,1876.0,46891.0
2026-03-22,V018,Yaoundé,Marché du Mfoundi,Palm Oil & Condiments,Sunday,March,3,1,0,0,0,0,27,1599.0,43171.0
2026-03-23,V018,Yaoundé,Marché du Mfoundi,Palm Oil & Condiments,Monday,March,3,0,0,0,0,0,14,1989.0,27847.0
2026-03-24,V018,Yaoundé,Marché du Mfoundi,Palm Oil & Condiments,Tuesday,March,3,0,0,0,0,0,10,2468.0,24684.0
2026-03-25,V018,Yaoundé,Marché du Mfoundi,Palm Oil & Condiments,Wednesday,March,3,0,0,0,0,0,13,1814.0,23576.0
2026-03-26,V018,Yaoundé,Marché du Mfoundi,Palm Oil & Condiments,Thursday,March,3,0,0,0,0,0,17,1680.0,28554.0
2026-03-27,V018,Yaoundé,Marché du Mfoundi,Palm Oil & Condiments,Friday,March,3,0,0,0,0,0,17,2048.0,34810.0
2026-03-28,V018,Yaoundé,Marché du Mfoundi,Palm Oil & Condiments,Saturday,March,3,1,0,0,0,0,31,1518.0,47053.0
2026-03-29,V018,Yaoundé,Marché du Mfoundi,Palm Oil & Condiments,Sunday,March,3,1,0,0,0,1,21,1780.0,37381.0
2026-03-30,V018,Yaoundé,Marché du Mfoundi,Palm Oil & Condiments,Monday,March,3,0,0,0,0,1,17,2014.0,34243.0
2026-03-31,V018,Yaoundé,Marché du Mfoundi,Palm Oil & Condiments,Tuesday,March,3,0,0,0,0,1,18,2159.0,38867.0
2025-09-01,V019,Yaoundé,Marché Essos,Fresh Vegetables,Monday,September,9,0,0,1,0,0,9,2177.0,19597.0
2025-09-02,V019,Yaoundé,Marché Essos,Fresh Vegetables,Tuesday,September,9,0,0,1,0,0,18,1778.0,32004.0
2025-09-03,V019,Yaoundé,Marché Essos,Fresh Vegetables,Wednesday,September,9,0,0,1,0,0,14,1438.0,20135.0
2025-09-04,V019,Yaoundé,Marché Essos,Fresh Vegetables,Thursday,September,9,0,0,1,0,0,18,1880.0,33845.0
2025-09-05,V019,Yaoundé,Marché Essos,Fresh Vegetables,Friday,September,9,0,0,1,0,0,16,1925.0,30804.0
2025-09-06,V019,Yaoundé,Marché Essos,Fresh Vegetables,Saturday,September,9,1,0,1,1,0,41,1852.0,75934.0
2025-09-07,V019,Yaoundé,Marché Essos,Fresh Vegetables,Sunday,September,9,1,0,1,0,0,20,1601.0,32029.0
2025-09-08,V019,Yaoundé,Marché Essos,Fresh Vegetables,Monday,September,9,0,0,1,0,0,11,2106.0,23169.0
2025-09-09,V019,Yaoundé,Marché Essos,Fresh Vegetables,Tuesday,September,9,0,0,1,0,0,17,1774.0,30154.0
2025-09-10,V019,Yaoundé,Marché Essos,Fresh Vegetables,Wednesday,September,9,0,0,1,0,0,10,2084.0,20840.0
2025-09-11,V019,Yaoundé,Marché Essos,Fresh Vegetables,Thursday,September,9,0,0,1,0,0,11,1971.0,21681.0
2025-09-12,V019,Yaoundé,Marché Essos,Fresh Vegetables,Friday,September,9,0,0,1,0,0,18,1886.0,33953.0
2025-09-13,V019,Yaoundé,Marché Essos,Fresh Vegetables,Saturday,September,9,1,0,1,0,0,16,2113.0,33808.0
2025-09-14,V019,Yaoundé,Marché Essos,Fresh Vegetables,Sunday,September,9,1,0,1,0,0,14,1879.0,26304.0
2025-09-15,V019,Yaoundé,Marché Essos,Fresh Vegetables,Monday,September,9,0,0,1,0,0,13,2012.0,26155.0
2025-09-16,V019,Yaoundé,Marché Essos,Fresh Vegetables,Tuesday,September,9,0,0,1,0,0,13,1614.0,20980.0
2025-09-17,V019,Yaoundé,Marché Essos,Fresh Vegetables,Wednesday,September,9,0,0,1,0,0,18,1775.0,31948.0
2025-09-18,V019,Yaoundé,Marché Essos,Fresh Vegetables,Thursday,September,9,0,0,1,0,0,15,1171.0,17566.0
2025-09-19,V019,Yaoundé,Marché Essos,Fresh Vegetables,Friday,September,9,0,0,1,0,0,14,2212.0,30961.0
2025-09-20,V019,Yaoundé,Marché Essos,Fresh Vegetables,Saturday,September,9,1,0,1,1,0,22,2045.0,44999.0
2025-09-21,V019,Yaoundé,Marché Essos,Fresh Vegetables,Sunday,September,9,1,0,1,0,0,18,2054.0,36967.0
2025-09-22,V019,Yaoundé,Marché Essos,Fresh Vegetables,Monday,September,9,0,0,1,0,0,14,1936.0,27099.0
2025-09-23,V019,Yaoundé,Marché Essos,Fresh Vegetables,Tuesday,September,9,0,0,1,0,0,18,2111.0,37994.0
2025-09-24,V019,Yaoundé,Marché Essos,Fresh Vegetables,Wednesday,September,9,0,0,1,0,0,17,1821.0,30965.0
2025-09-25,V019,Yaoundé,Marché Essos,Fresh Vegetables,Thursday,September,9,0,0,1,0,0,9,2256.0,20305.0
2025-09-26,V019,Yaoundé,Marché Essos,Fresh Vegetables,Friday,September,9,0,0,1,0,0,22,1655.0,36401.0
2025-09-27,V019,Yaoundé,Marché Essos,Fresh Vegetables,Saturday,September,9,1,0,1,0,0,25,1632.0,40804.0
2025-09-28,V019,Yaoundé,Marché Essos,Fresh Vegetables,Sunday,September,9,1,0,1,0,1,22,1878.0,41315.0
2025-09-29,V019,Yaoundé,Marché Essos,Fresh Vegetables,Monday,September,9,0,0,1,0,1,13,2278.0,29617.0
2025-09-30,V019,Yaoundé,Marché Essos,Fresh Vegetables,Tuesday,September,9,0,0,1,0,1,14,2161.0,30255.0
2025-10-01,V019,Yaoundé,Marché Essos,Fresh Vegetables,Wednesday,October,10,0,0,1,0,0,15,1785.0,26772.0
2025-10-02,V019,Yaoundé,Marché Essos,Fresh Vegetables,Thursday,October,10,0,0,1,0,0,11,2594.0,28531.0
2025-10-03,V019,Yaoundé,Marché Essos,Fresh Vegetables,Friday,October,10,0,0,1,0,0,20,1845.0,36893.0
2025-10-04,V019,Yaoundé,Marché Essos,Fresh Vegetables,Saturday,October,10,1,0,1,1,0,24,1810.0,43433.0
2025-10-05,V019,Yaoundé,Marché Essos,Fresh Vegetables,Sunday,October,10,1,0,1,0,0,17,1653.0,28094.0
2025-10-06,V019,Yaoundé,Marché Essos,Fresh Vegetables,Monday,October,10,0,0,1,0,0,11,1767.0,19432.0
2025-10-07,V019,Yaoundé,Marché Essos,Fresh Vegetables,Tuesday,October,10,0,0,1,0,0,17,1965.0,33412.0
2025-10-08,V019,Yaoundé,Marché Essos,Fresh Vegetables,Wednesday,October,10,0,0,1,0,0,15,1778.0,26668.0
2025-10-09,V019,Yaoundé,Marché Essos,Fresh Vegetables,Thursday,October,10,0,0,1,0,0,19,1746.0,33168.0
2025-10-10,V019,Yaoundé,Marché Essos,Fresh Vegetables,Friday,October,10,0,0,1,0,0,18,1596.0,28737.0
2025-10-11,V019,Yaoundé,Marché Essos,Fresh Vegetables,Saturday,October,10,1,0,1,0,0,21,1928.0,40479.0
2025-10-12,V019,Yaoundé,Marché Essos,Fresh Vegetables,Sunday,October,10,1,0,1,0,0,17,2020.0,34345.0
2025-10-13,V019,Yaoundé,Marché Essos,Fresh Vegetables,Monday,October,10,0,0,1,0,0,15,1787.0,26798.0
2025-10-14,V019,Yaoundé,Marché Essos,Fresh Vegetables,Tuesday,October,10,0,0,1,0,0,16,1641.0,26250.0
2025-10-15,V019,Yaoundé,Marché Essos,Fresh Vegetables,Wednesday,October,10,0,0,1,0,0,14,1718.0,24057.0
2025-10-16,V019,Yaoundé,Marché Essos,Fresh Vegetables,Thursday,October,10,0,0,1,0,0,9,2750.0,24751.0
2025-10-17,V019,Yaoundé,Marché Essos,Fresh Vegetables,Friday,October,10,0,0,1,0,0,19,1908.0,36252.0
2025-10-18,V019,Yaoundé,Marché Essos,Fresh Vegetables,Saturday,October,10,1,0,1,1,0,23,1842.0,42365.0
2025-10-19,V019,Yaoundé,Marché Essos,Fresh Vegetables,Sunday,October,10,1,0,1,0,0,12,2018.0,24218.0
2025-10-20,V019,Yaoundé,Marché Essos,Fresh Vegetables,Monday,October,10,0,0,1,0,0,6,2887.0,17322.0
2025-10-21,V019,Yaoundé,Marché Essos,Fresh Vegetables,Tuesday,October,10,0,0,1,0,0,15,1461.0,21914.0
2025-10-22,V019,Yaoundé,Marché Essos,Fresh Vegetables,Wednesday,October,10,0,0,1,0,0,14,1359.0,19020.0
2025-10-23,V019,Yaoundé,Marché Essos,Fresh Vegetables,Thursday,October,10,0,0,1,0,0,14,1932.0,27047.0
2025-10-24,V019,Yaoundé,Marché Essos,Fresh Vegetables,Friday,October,10,0,0,1,0,0,20,2067.0,41331.0
2025-10-25,V019,Yaoundé,Marché Essos,Fresh Vegetables,Saturday,October,10,1,0,1,0,0,24,1924.0,46171.0
2025-10-26,V019,Yaoundé,Marché Essos,Fresh Vegetables,Sunday,October,10,1,0,1,0,0,21,1949.0,40932.0
2025-10-27,V019,Yaoundé,Marché Essos,Fresh Vegetables,Monday,October,10,0,0,1,0,0,14,1545.0,21626.0
2025-10-28,V019,Yaoundé,Marché Essos,Fresh Vegetables,Tuesday,October,10,0,0,1,0,0,18,1536.0,27654.0
2025-10-29,V019,Yaoundé,Marché Essos,Fresh Vegetables,Wednesday,October,10,0,0,1,0,1,13,2001.0,26014.0
2025-10-30,V019,Yaoundé,Marché Essos,Fresh Vegetables,Thursday,October,10,0,0,1,0,1,23,1846.0,42452.0
2025-10-31,V019,Yaoundé,Marché Essos,Fresh Vegetables,Friday,October,10,0,0,1,0,1,19,1768.0,33584.0
2025-11-01,V019,Yaoundé,Marché Essos,Fresh Vegetables,Saturday,November,11,1,0,0,1,0,32,1971.0,63087.0
2025-11-02,V019,Yaoundé,Marché Essos,Fresh Vegetables,Sunday,November,11,1,0,0,0,0,19,1589.0,30199.0
2025-11-03,V019,Yaoundé,Marché Essos,Fresh Vegetables,Monday,November,11,0,0,0,0,0,15,1959.0,29390.0
2025-11-04,V019,Yaoundé,Marché Essos,Fresh Vegetables,Tuesday,November,11,0,0,0,0,0,14,1570.0,21980.0
2025-11-05,V019,Yaoundé,Marché Essos,Fresh Vegetables,Wednesday,November,11,0,0,0,0,0,15,2145.0,32180.0
2025-11-06,V019,Yaoundé,Marché Essos,Fresh Vegetables,Thursday,November,11,0,0,0,0,0,12,1848.0,22170.0
2025-11-07,V019,Yaoundé,Marché Essos,Fresh Vegetables,Friday,November,11,0,0,0,0,0,20,1885.0,37690.0
2025-11-08,V019,Yaoundé,Marché Essos,Fresh Vegetables,Saturday,November,11,1,0,0,0,0,24,1945.0,46674.0
2025-11-09,V019,Yaoundé,Marché Essos,Fresh Vegetables,Sunday,November,11,1,0,0,0,0,11,1996.0,21954.0
2025-11-10,V019,Yaoundé,Marché Essos,Fresh Vegetables,Monday,November,11,0,0,0,0,0,12,2011.0,24137.0
2025-11-11,V019,Yaoundé,Marché Essos,Fresh Vegetables,Tuesday,November,11,0,0,0,0,0,7,2909.0,20365.0
2025-11-12,V019,Yaoundé,Marché Essos,Fresh Vegetables,Wednesday,November,11,0,0,0,0,0,14,1693.0,23707.0
2025-11-13,V019,Yaoundé,Marché Essos,Fresh Vegetables,Thursday,November,11,0,0,0,0,0,21,1644.0,34521.0
2025-11-14,V019,Yaoundé,Marché Essos,Fresh Vegetables,Friday,November,11,0,0,0,0,0,13,2235.0,29057.0
2025-11-15,V019,Yaoundé,Marché Essos,Fresh Vegetables,Saturday,November,11,1,0,0,1,0,30,1776.0,53294.0
2025-11-16,V019,Yaoundé,Marché Essos,Fresh Vegetables,Sunday,November,11,1,0,0,0,0,15,2302.0,34523.0
2025-11-17,V019,Yaoundé,Marché Essos,Fresh Vegetables,Monday,November,11,0,0,0,0,0,11,1856.0,20416.0
2025-11-18,V019,Yaoundé,Marché Essos,Fresh Vegetables,Tuesday,November,11,0,0,0,0,0,16,1712.0,27387.0
2025-11-19,V019,Yaoundé,Marché Essos,Fresh Vegetables,Wednesday,November,11,0,0,0,0,0,15,1779.0,26689.0
2025-11-20,V019,Yaoundé,Marché Essos,Fresh Vegetables,Thursday,November,11,0,0,0,0,0,16,1747.0,27959.0
2025-11-21,V019,Yaoundé,Marché Essos,Fresh Vegetables,Friday,November,11,0,0,0,0,0,19,1874.0,35603.0
2025-11-22,V019,Yaoundé,Marché Essos,Fresh Vegetables,Saturday,November,11,1,0,0,0,0,22,1789.0,39354.0
2025-11-23,V019,Yaoundé,Marché Essos,Fresh Vegetables,Sunday,November,11,1,0,0,0,0,20,1753.0,35052.0
2025-11-24,V019,Yaoundé,Marché Essos,Fresh Vegetables,Monday,November,11,0,0,0,0,0,16,1597.0,25557.0
2025-11-25,V019,Yaoundé,Marché Essos,Fresh Vegetables,Tuesday,November,11,0,0,0,0,0,13,2024.0,26314.0
2025-11-26,V019,Yaoundé,Marché Essos,Fresh Vegetables,Wednesday,November,11,0,0,0,0,0,14,2178.0,30488.0
2025-11-27,V019,Yaoundé,Marché Essos,Fresh Vegetables,Thursday,November,11,0,0,0,0,0,13,1743.0,22664.0
2025-11-28,V019,Yaoundé,Marché Essos,Fresh Vegetables,Friday,November,11,0,0,0,0,1,21,2022.0,42472.0
2025-11-29,V019,Yaoundé,Marché Essos,Fresh Vegetables,Saturday,November,11,1,0,0,0,1,23,1928.0,44335.0
2025-11-30,V019,Yaoundé,Marché Essos,Fresh Vegetables,Sunday,November,11,1,0,0,0,1,20,1692.0,33844.0
2025-12-01,V019,Yaoundé,Marché Essos,Fresh Vegetables,Monday,December,12,0,0,0,0,0,15,1807.0,27100.0
2025-12-02,V019,Yaoundé,Marché Essos,Fresh Vegetables,Tuesday,December,12,0,0,0,0,0,9,2527.0,22739.0
2025-12-03,V019,Yaoundé,Marché Essos,Fresh Vegetables,Wednesday,December,12,0,0,0,0,0,19,1767.0,33580.0
2025-12-04,V019,Yaoundé,Marché Essos,Fresh Vegetables,Thursday,December,12,0,0,0,0,0,14,1732.0,24246.0
2025-12-05,V019,Yaoundé,Marché Essos,Fresh Vegetables,Friday,December,12,0,0,0,0,0,17,1955.0,33231.0
2025-12-06,V019,Yaoundé,Marché Essos,Fresh Vegetables,Saturday,December,12,1,0,0,1,0,27,1952.0,52708.0
2025-12-07,V019,Yaoundé,Marché Essos,Fresh Vegetables,Sunday,December,12,1,0,0,0,0,17,1776.0,30196.0
2025-12-08,V019,Yaoundé,Marché Essos,Fresh Vegetables,Monday,December,12,0,0,0,0,0,13,1678.0,21812.0
2025-12-09,V019,Yaoundé,Marché Essos,Fresh Vegetables,Tuesday,December,12,0,0,0,0,0,18,1951.0,35121.0
2025-12-10,V019,Yaoundé,Marché Essos,Fresh Vegetables,Wednesday,December,12,0,0,0,0,0,6,3212.0,19270.0
2025-12-11,V019,Yaoundé,Marché Essos,Fresh Vegetables,Thursday,December,12,0,0,0,0,0,13,2061.0,26799.0
2025-12-12,V019,Yaoundé,Marché Essos,Fresh Vegetables,Friday,December,12,0,0,0,0,0,19,1839.0,34937.0
2025-12-13,V019,Yaoundé,Marché Essos,Fresh Vegetables,Saturday,December,12,1,0,0,0,0,13,2381.0,30949.0
2025-12-14,V019,Yaoundé,Marché Essos,Fresh Vegetables,Sunday,December,12,1,0,0,0,0,19,1783.0,33882.0
2025-12-15,V019,Yaoundé,Marché Essos,Fresh Vegetables,Monday,December,12,0,0,0,0,0,8,2763.0,22103.0
2025-12-16,V019,Yaoundé,Marché Essos,Fresh Vegetables,Tuesday,December,12,0,0,0,0,0,17,1606.0,27309.0
2025-12-17,V019,Yaoundé,Marché Essos,Fresh Vegetables,Wednesday,December,12,0,0,0,0,0,13,2103.0,27339.0
2025-12-18,V019,Yaoundé,Marché Essos,Fresh Vegetables,Thursday,December,12,0,0,0,0,0,12,2313.0,27757.0
2025-12-19,V019,Yaoundé,Marché Essos,Fresh Vegetables,Friday,December,12,0,0,0,0,0,22,1851.0,40713.0
2025-12-20,V019,Yaoundé,Marché Essos,Fresh Vegetables,Saturday,December,12,1,0,0,1,0,19,1866.0,35451.0
2025-12-21,V019,Yaoundé,Marché Essos,Fresh Vegetables,Sunday,December,12,1,0,0,0,0,18,1940.0,34918.0
2025-12-22,V019,Yaoundé,Marché Essos,Fresh Vegetables,Monday,December,12,0,0,0,0,0,10,2271.0,22707.0
2025-12-23,V019,Yaoundé,Marché Essos,Fresh Vegetables,Tuesday,December,12,0,0,0,0,0,14,1984.0,27781.0
2025-12-24,V019,Yaoundé,Marché Essos,Fresh Vegetables,Wednesday,December,12,0,0,0,0,0,9,1960.0,17639.0
2025-12-25,V019,Yaoundé,Marché Essos,Fresh Vegetables,Thursday,December,12,0,1,0,0,0,22,1867.0,41067.0
2025-12-26,V019,Yaoundé,Marché Essos,Fresh Vegetables,Friday,December,12,0,0,0,0,0,26,1770.0,46015.0
2025-12-27,V019,Yaoundé,Marché Essos,Fresh Vegetables,Saturday,December,12,1,0,0,0,0,24,1829.0,43899.0
2025-12-28,V019,Yaoundé,Marché Essos,Fresh Vegetables,Sunday,December,12,1,0,0,0,0,17,1867.0,31732.0
2025-12-29,V019,Yaoundé,Marché Essos,Fresh Vegetables,Monday,December,12,0,0,0,0,1,15,1733.0,25990.0
2025-12-30,V019,Yaoundé,Marché Essos,Fresh Vegetables,Tuesday,December,12,0,0,0,0,1,11,2216.0,24378.0
2025-12-31,V019,Yaoundé,Marché Essos,Fresh Vegetables,Wednesday,December,12,0,0,0,0,1,17,1437.0,24432.0
2026-01-01,V019,Yaoundé,Marché Essos,Fresh Vegetables,Thursday,January,1,0,1,0,0,0,21,1803.0,37866.0
2026-01-02,V019,Yaoundé,Marché Essos,Fresh Vegetables,Friday,January,1,0,0,0,0,0,16,1739.0,27820.0
2026-01-03,V019,Yaoundé,Marché Essos,Fresh Vegetables,Saturday,January,1,1,0,0,1,0,26,1836.0,47725.0
2026-01-04,V019,Yaoundé,Marché Essos,Fresh Vegetables,Sunday,January,1,1,0,0,0,0,15,1796.0,26945.0
2026-01-05,V019,Yaoundé,Marché Essos,Fresh Vegetables,Monday,January,1,0,0,0,0,0,10,2211.0,22111.0
2026-01-06,V019,Yaoundé,Marché Essos,Fresh Vegetables,Tuesday,January,1,0,0,0,0,0,12,2386.0,28631.0
2026-01-07,V019,Yaoundé,Marché Essos,Fresh Vegetables,Wednesday,January,1,0,0,0,0,0,17,1693.0,28788.0
2026-01-08,V019,Yaoundé,Marché Essos,Fresh Vegetables,Thursday,January,1,0,0,0,0,0,11,2137.0,23503.0
2026-01-09,V019,Yaoundé,Marché Essos,Fresh Vegetables,Friday,January,1,0,0,0,0,0,18,1796.0,32329.0
2026-01-10,V019,Yaoundé,Marché Essos,Fresh Vegetables,Saturday,January,1,1,0,0,0,0,23,1747.0,40181.0
2026-01-11,V019,Yaoundé,Marché Essos,Fresh Vegetables,Sunday,January,1,1,0,0,0,0,23,1918.0,44121.0
2026-01-12,V019,Yaoundé,Marché Essos,Fresh Vegetables,Monday,January,1,0,0,0,0,0,11,1593.0,17525.0
2026-01-13,V019,Yaoundé,Marché Essos,Fresh Vegetables,Tuesday,January,1,0,0,0,0,0,19,1788.0,33966.0
2026-01-14,V019,Yaoundé,Marché Essos,Fresh Vegetables,Wednesday,January,1,0,0,0,0,0,11,1944.0,21381.0
2026-01-15,V019,Yaoundé,Marché Essos,Fresh Vegetables,Thursday,January,1,0,0,0,0,0,13,1732.0,22514.0
2026-01-16,V019,Yaoundé,Marché Essos,Fresh Vegetables,Friday,January,1,0,0,0,0,0,14,1885.0,26387.0
2026-01-17,V019,Yaoundé,Marché Essos,Fresh Vegetables,Saturday,January,1,1,0,0,1,0,22,1849.0,40676.0
2026-01-18,V019,Yaoundé,Marché Essos,Fresh Vegetables,Sunday,January,1,1,0,0,0,0,17,1769.0,30074.0
2026-01-19,V019,Yaoundé,Marché Essos,Fresh Vegetables,Monday,January,1,0,0,0,0,0,11,2178.0,23960.0
2026-01-20,V019,Yaoundé,Marché Essos,Fresh Vegetables,Tuesday,January,1,0,0,0,0,0,15,1872.0,28084.0
2026-01-21,V019,Yaoundé,Marché Essos,Fresh Vegetables,Wednesday,January,1,0,0,0,0,0,16,1360.0,21766.0
2026-01-22,V019,Yaoundé,Marché Essos,Fresh Vegetables,Thursday,January,1,0,0,0,0,0,16,1875.0,30000.0
2026-01-23,V019,Yaoundé,Marché Essos,Fresh Vegetables,Friday,January,1,0,0,0,0,0,27,1608.0,43417.0
2026-01-24,V019,Yaoundé,Marché Essos,Fresh Vegetables,Saturday,January,1,1,0,0,0,0,23,1749.0,40236.0
2026-01-25,V019,Yaoundé,Marché Essos,Fresh Vegetables,Sunday,January,1,1,0,0,0,0,14,1921.0,26890.0
2026-01-26,V019,Yaoundé,Marché Essos,Fresh Vegetables,Monday,January,1,0,0,0,0,0,13,1771.0,23024.0
2026-01-27,V019,Yaoundé,Marché Essos,Fresh Vegetables,Tuesday,January,1,0,0,0,0,0,15,1776.0,26636.0
2026-01-28,V019,Yaoundé,Marché Essos,Fresh Vegetables,Wednesday,January,1,0,0,0,0,0,12,2262.0,27142.0
2026-01-29,V019,Yaoundé,Marché Essos,Fresh Vegetables,Thursday,January,1,0,0,0,0,1,13,2057.0,26743.0
2026-01-30,V019,Yaoundé,Marché Essos,Fresh Vegetables,Friday,January,1,0,0,0,0,1,22,1672.0,36785.0
2026-01-31,V019,Yaoundé,Marché Essos,Fresh Vegetables,Saturday,January,1,1,0,0,0,1,20,1926.0,38527.0
2026-02-01,V019,Yaoundé,Marché Essos,Fresh Vegetables,Sunday,February,2,1,0,0,0,0,20,1907.0,38135.0
2026-02-02,V019,Yaoundé,Marché Essos,Fresh Vegetables,Monday,February,2,0,0,0,0,0,14,1852.0,25925.0
2026-02-03,V019,Yaoundé,Marché Essos,Fresh Vegetables,Tuesday,February,2,0,0,0,0,0,14,1877.0,26274.0
2026-02-04,V019,Yaoundé,Marché Essos,Fresh Vegetables,Wednesday,February,2,0,0,0,0,0,13,2256.0,29323.0
2026-02-05,V019,Yaoundé,Marché Essos,Fresh Vegetables,Thursday,February,2,0,0,0,0,0,14,1842.0,25792.0
2026-02-06,V019,Yaoundé,Marché Essos,Fresh Vegetables,Friday,February,2,0,0,0,0,0,23,1611.0,37047.0
2026-02-07,V019,Yaoundé,Marché Essos,Fresh Vegetables,Saturday,February,2,1,0,0,1,0,28,1622.0,45424.0
2026-02-08,V019,Yaoundé,Marché Essos,Fresh Vegetables,Sunday,February,2,1,0,0,0,0,18,1585.0,28531.0
2026-02-09,V019,Yaoundé,Marché Essos,Fresh Vegetables,Monday,February,2,0,0,0,0,0,13,2127.0,27646.0
2026-02-10,V019,Yaoundé,Marché Essos,Fresh Vegetables,Tuesday,February,2,0,0,0,0,0,14,1894.0,26513.0
2026-02-11,V019,Yaoundé,Marché Essos,Fresh Vegetables,Wednesday,February,2,0,1,0,0,0,19,1915.0,36381.0
2026-02-12,V019,Yaoundé,Marché Essos,Fresh Vegetables,Thursday,February,2,0,0,0,0,0,17,1533.0,26053.0
2026-02-13,V019,Yaoundé,Marché Essos,Fresh Vegetables,Friday,February,2,0,0,0,0,0,20,1653.0,33061.0
2026-02-14,V019,Yaoundé,Marché Essos,Fresh Vegetables,Saturday,February,2,1,0,0,0,0,25,1586.0,39660.0
2026-02-15,V019,Yaoundé,Marché Essos,Fresh Vegetables,Sunday,February,2,1,0,0,0,0,14,2031.0,28432.0
2026-02-16,V019,Yaoundé,Marché Essos,Fresh Vegetables,Monday,February,2,0,0,0,0,0,16,1962.0,31399.0
2026-02-17,V019,Yaoundé,Marché Essos,Fresh Vegetables,Tuesday,February,2,0,0,0,0,0,20,1673.0,33467.0
2026-02-18,V019,Yaoundé,Marché Essos,Fresh Vegetables,Wednesday,February,2,0,0,0,0,0,10,2529.0,25291.0
2026-02-19,V019,Yaoundé,Marché Essos,Fresh Vegetables,Thursday,February,2,0,0,0,0,0,15,1829.0,27439.0
2026-02-20,V019,Yaoundé,Marché Essos,Fresh Vegetables,Friday,February,2,0,0,0,0,0,26,1597.0,41522.0
2026-02-21,V019,Yaoundé,Marché Essos,Fresh Vegetables,Saturday,February,2,1,0,0,1,0,25,1723.0,43083.0
2026-02-22,V019,Yaoundé,Marché Essos,Fresh Vegetables,Sunday,February,2,1,0,0,0,0,22,1676.0,36869.0
2026-02-23,V019,Yaoundé,Marché Essos,Fresh Vegetables,Monday,February,2,0,0,0,0,0,10,2610.0,26105.0
2026-02-24,V019,Yaoundé,Marché Essos,Fresh Vegetables,Tuesday,February,2,0,0,0,0,0,11,2218.0,24395.0
2026-02-25,V019,Yaoundé,Marché Essos,Fresh Vegetables,Wednesday,February,2,0,0,0,0,0,15,1672.0,25074.0
2026-02-26,V019,Yaoundé,Marché Essos,Fresh Vegetables,Thursday,February,2,0,0,0,0,1,20,1673.0,33453.0
2026-02-27,V019,Yaoundé,Marché Essos,Fresh Vegetables,Friday,February,2,0,0,0,0,1,20,2058.0,41157.0
2026-02-28,V019,Yaoundé,Marché Essos,Fresh Vegetables,Saturday,February,2,1,0,0,0,1,17,1775.0,30172.0
2026-03-01,V019,Yaoundé,Marché Essos,Fresh Vegetables,Sunday,March,3,1,0,0,0,0,15,2061.0,30910.0
2026-03-02,V019,Yaoundé,Marché Essos,Fresh Vegetables,Monday,March,3,0,0,0,0,0,8,2196.0,17571.0
2026-03-03,V019,Yaoundé,Marché Essos,Fresh Vegetables,Tuesday,March,3,0,0,0,0,0,14,1730.0,24224.0
2026-03-04,V019,Yaoundé,Marché Essos,Fresh Vegetables,Wednesday,March,3,0,0,0,0,0,18,1495.0,26903.0
2026-03-05,V019,Yaoundé,Marché Essos,Fresh Vegetables,Thursday,March,3,0,0,0,0,0,14,1632.0,22852.0
2026-03-06,V019,Yaoundé,Marché Essos,Fresh Vegetables,Friday,March,3,0,0,0,0,0,20,1697.0,33941.0
2026-03-07,V019,Yaoundé,Marché Essos,Fresh Vegetables,Saturday,March,3,1,0,0,1,0,27,1669.0,45054.0
2026-03-08,V019,Yaoundé,Marché Essos,Fresh Vegetables,Sunday,March,3,1,1,0,0,0,22,1925.0,42347.0
2026-03-09,V019,Yaoundé,Marché Essos,Fresh Vegetables,Monday,March,3,0,0,0,0,0,12,1984.0,23812.0
2026-03-10,V019,Yaoundé,Marché Essos,Fresh Vegetables,Tuesday,March,3,0,0,0,0,0,12,2283.0,27396.0
2026-03-11,V019,Yaoundé,Marché Essos,Fresh Vegetables,Wednesday,March,3,0,0,0,0,0,15,1725.0,25868.0
2026-03-12,V019,Yaoundé,Marché Essos,Fresh Vegetables,Thursday,March,3,0,0,0,0,0,18,1539.0,27699.0
2026-03-13,V019,Yaoundé,Marché Essos,Fresh Vegetables,Friday,March,3,0,0,0,0,0,21,1842.0,38685.0
2026-03-14,V019,Yaoundé,Marché Essos,Fresh Vegetables,Saturday,March,3,1,0,0,0,0,24,1789.0,42945.0
2026-03-15,V019,Yaoundé,Marché Essos,Fresh Vegetables,Sunday,March,3,1,0,0,0,0,15,2303.0,34543.0
2026-03-16,V019,Yaoundé,Marché Essos,Fresh Vegetables,Monday,March,3,0,0,0,0,0,9,2511.0,22603.0
2026-03-17,V019,Yaoundé,Marché Essos,Fresh Vegetables,Tuesday,March,3,0,0,0,0,0,17,1858.0,31578.0
2026-03-18,V019,Yaoundé,Marché Essos,Fresh Vegetables,Wednesday,March,3,0,0,0,0,0,15,1674.0,25116.0
2026-03-19,V019,Yaoundé,Marché Essos,Fresh Vegetables,Thursday,March,3,0,0,0,0,0,14,2122.0,29710.0
2026-03-20,V019,Yaoundé,Marché Essos,Fresh Vegetables,Friday,March,3,0,0,0,0,0,17,1955.0,33227.0
2026-03-21,V019,Yaoundé,Marché Essos,Fresh Vegetables,Saturday,March,3,1,0,0,1,0,18,1978.0,35602.0
2026-03-22,V019,Yaoundé,Marché Essos,Fresh Vegetables,Sunday,March,3,1,0,0,0,0,17,1828.0,31080.0
2026-03-23,V019,Yaoundé,Marché Essos,Fresh Vegetables,Monday,March,3,0,0,0,0,0,12,1523.0,18275.0
2026-03-24,V019,Yaoundé,Marché Essos,Fresh Vegetables,Tuesday,March,3,0,0,0,0,0,13,1895.0,24630.0
2026-03-25,V019,Yaoundé,Marché Essos,Fresh Vegetables,Wednesday,March,3,0,0,0,0,0,13,2150.0,27950.0
2026-03-26,V019,Yaoundé,Marché Essos,Fresh Vegetables,Thursday,March,3,0,0,0,0,0,15,1993.0,29892.0
2026-03-27,V019,Yaoundé,Marché Essos,Fresh Vegetables,Friday,March,3,0,0,0,0,0,17,1685.0,28638.0
2026-03-28,V019,Yaoundé,Marché Essos,Fresh Vegetables,Saturday,March,3,1,0,0,0,0,31,1743.0,54023.0
2026-03-29,V019,Yaoundé,Marché Essos,Fresh Vegetables,Sunday,March,3,1,0,0,0,1,23,1896.0,43619.0
2026-03-30,V019,Yaoundé,Marché Essos,Fresh Vegetables,Monday,March,3,0,0,0,0,1,14,1470.0,20585.0
2026-03-31,V019,Yaoundé,Marché Essos,Fresh Vegetables,Tuesday,March,3,0,0,0,0,1,26,1606.0,41760.0
2025-09-01,V020,Yaoundé,Marché Mokolo,Mobile Phone Accessories,Monday,September,9,0,0,1,0,0,10,2236.0,22359.0
2025-09-02,V020,Yaoundé,Marché Mokolo,Mobile Phone Accessories,Tuesday,September,9,0,0,1,0,0,22,1616.0,35561.0
2025-09-03,V020,Yaoundé,Marché Mokolo,Mobile Phone Accessories,Wednesday,September,9,0,0,1,0,0,15,2217.0,33252.0
2025-09-04,V020,Yaoundé,Marché Mokolo,Mobile Phone Accessories,Thursday,September,9,0,0,1,0,0,35,1640.0,57401.0
2025-09-05,V020,Yaoundé,Marché Mokolo,Mobile Phone Accessories,Friday,September,9,0,0,1,0,0,16,2035.0,32555.0
2025-09-06,V020,Yaoundé,Marché Mokolo,Mobile Phone Accessories,Saturday,September,9,1,0,1,1,0,43,1857.0,79849.0
2025-09-07,V020,Yaoundé,Marché Mokolo,Mobile Phone Accessories,Sunday,September,9,1,0,1,0,0,24,2138.0,51310.0
2025-09-08,V020,Yaoundé,Marché Mokolo,Mobile Phone Accessories,Monday,September,9,0,0,1,0,0,12,2290.0,27474.0
2025-09-09,V020,Yaoundé,Marché Mokolo,Mobile Phone Accessories,Tuesday,September,9,0,0,1,0,0,22,1757.0,38655.0
2025-09-10,V020,Yaoundé,Marché Mokolo,Mobile Phone Accessories,Wednesday,September,9,0,0,1,0,0,23,1641.0,37737.0
2025-09-11,V020,Yaoundé,Marché Mokolo,Mobile Phone Accessories,Thursday,September,9,0,0,1,0,0,19,1993.0,37858.0
2025-09-12,V020,Yaoundé,Marché Mokolo,Mobile Phone Accessories,Friday,September,9,0,0,1,0,0,36,1780.0,64082.0
2025-09-13,V020,Yaoundé,Marché Mokolo,Mobile Phone Accessories,Saturday,September,9,1,0,1,0,0,32,1701.0,54440.0
2025-09-14,V020,Yaoundé,Marché Mokolo,Mobile Phone Accessories,Sunday,September,9,1,0,1,0,0,30,1873.0,56205.0
2025-09-15,V020,Yaoundé,Marché Mokolo,Mobile Phone Accessories,Monday,September,9,0,0,1,0,0,30,1828.0,54841.0
2025-09-16,V020,Yaoundé,Marché Mokolo,Mobile Phone Accessories,Tuesday,September,9,0,0,1,0,0,22,1623.0,35716.0
2025-09-17,V020,Yaoundé,Marché Mokolo,Mobile Phone Accessories,Wednesday,September,9,0,0,1,0,0,16,2492.0,39875.0
2025-09-18,V020,Yaoundé,Marché Mokolo,Mobile Phone Accessories,Thursday,September,9,0,0,1,0,0,24,1849.0,44374.0
2025-09-19,V020,Yaoundé,Marché Mokolo,Mobile Phone Accessories,Friday,September,9,0,0,1,0,0,28,1776.0,49724.0
2025-09-20,V020,Yaoundé,Marché Mokolo,Mobile Phone Accessories,Saturday,September,9,1,0,1,1,0,52,1687.0,87737.0
2025-09-21,V020,Yaoundé,Marché Mokolo,Mobile Phone Accessories,Sunday,September,9,1,0,1,0,0,25,1812.0,45312.0
2025-09-22,V020,Yaoundé,Marché Mokolo,Mobile Phone Accessories,Monday,September,9,0,0,1,0,0,13,2017.0,26217.0
2025-09-23,V020,Yaoundé,Marché Mokolo,Mobile Phone Accessories,Tuesday,September,9,0,0,1,0,0,24,1917.0,46012.0
2025-09-24,V020,Yaoundé,Marché Mokolo,Mobile Phone Accessories,Wednesday,September,9,0,0,1,0,0,18,1837.0,33062.0
2025-09-25,V020,Yaoundé,Marché Mokolo,Mobile Phone Accessories,Thursday,September,9,0,0,1,0,0,18,1677.0,30189.0
2025-09-26,V020,Yaoundé,Marché Mokolo,Mobile Phone Accessories,Friday,September,9,0,0,1,0,0,24,1938.0,46512.0
2025-09-27,V020,Yaoundé,Marché Mokolo,Mobile Phone Accessories,Saturday,September,9,1,0,1,0,0,33,1948.0,64273.0
2025-09-28,V020,Yaoundé,Marché Mokolo,Mobile Phone Accessories,Sunday,September,9,1,0,1,0,1,36,1774.0,63864.0
2025-09-29,V020,Yaoundé,Marché Mokolo,Mobile Phone Accessories,Monday,September,9,0,0,1,0,1,20,1890.0,37804.0
2025-09-30,V020,Yaoundé,Marché Mokolo,Mobile Phone Accessories,Tuesday,September,9,0,0,1,0,1,32,1676.0,53621.0
2025-10-01,V020,Yaoundé,Marché Mokolo,Mobile Phone Accessories,Wednesday,October,10,0,0,1,0,0,23,1547.0,35583.0
2025-10-02,V020,Yaoundé,Marché Mokolo,Mobile Phone Accessories,Thursday,October,10,0,0,1,0,0,15,2117.0,31751.0
2025-10-03,V020,Yaoundé,Marché Mokolo,Mobile Phone Accessories,Friday,October,10,0,0,1,0,0,30,1642.0,49274.0
2025-10-04,V020,Yaoundé,Marché Mokolo,Mobile Phone Accessories,Saturday,October,10,1,0,1,1,0,36,1929.0,69438.0
2025-10-05,V020,Yaoundé,Marché Mokolo,Mobile Phone Accessories,Sunday,October,10,1,0,1,0,0,23,1629.0,37466.0
2025-10-06,V020,Yaoundé,Marché Mokolo,Mobile Phone Accessories,Monday,October,10,0,0,1,0,0,15,1911.0,28668.0
2025-10-07,V020,Yaoundé,Marché Mokolo,Mobile Phone Accessories,Tuesday,October,10,0,0,1,0,0,20,1844.0,36890.0
2025-10-08,V020,Yaoundé,Marché Mokolo,Mobile Phone Accessories,Wednesday,October,10,0,0,1,0,0,17,1886.0,32068.0
2025-10-09,V020,Yaoundé,Marché Mokolo,Mobile Phone Accessories,Thursday,October,10,0,0,1,0,0,20,2048.0,40956.0
2025-10-10,V020,Yaoundé,Marché Mokolo,Mobile Phone Accessories,Friday,October,10,0,0,1,0,0,26,1620.0,42117.0
2025-10-11,V020,Yaoundé,Marché Mokolo,Mobile Phone Accessories,Saturday,October,10,1,0,1,0,0,32,1870.0,59828.0
2025-10-12,V020,Yaoundé,Marché Mokolo,Mobile Phone Accessories,Sunday,October,10,1,0,1,0,0,29,1789.0,51887.0
2025-10-13,V020,Yaoundé,Marché Mokolo,Mobile Phone Accessories,Monday,October,10,0,0,1,0,0,18,2192.0,39452.0
2025-10-14,V020,Yaoundé,Marché Mokolo,Mobile Phone Accessories,Tuesday,October,10,0,0,1,0,0,11,2106.0,23169.0
2025-10-15,V020,Yaoundé,Marché Mokolo,Mobile Phone Accessories,Wednesday,October,10,0,0,1,0,0,22,1631.0,35876.0
2025-10-16,V020,Yaoundé,Marché Mokolo,Mobile Phone Accessories,Thursday,October,10,0,0,1,0,0,19,1917.0,36428.0
2025-10-17,V020,Yaoundé,Marché Mokolo,Mobile Phone Accessories,Friday,October,10,0,0,1,0,0,22,1866.0,41054.0
2025-10-18,V020,Yaoundé,Marché Mokolo,Mobile Phone Accessories,Saturday,October,10,1,0,1,1,0,43,1980.0,85123.0
2025-10-19,V020,Yaoundé,Marché Mokolo,Mobile Phone Accessories,Sunday,October,10,1,0,1,0,0,25,1800.0,45002.0
2025-10-20,V020,Yaoundé,Marché Mokolo,Mobile Phone Accessories,Monday,October,10,0,0,1,0,0,12,2213.0,26558.0
2025-10-21,V020,Yaoundé,Marché Mokolo,Mobile Phone Accessories,Tuesday,October,10,0,0,1,0,0,23,1763.0,40554.0
2025-10-22,V020,Yaoundé,Marché Mokolo,Mobile Phone Accessories,Wednesday,October,10,0,0,1,0,0,23,1787.0,41093.0
2025-10-23,V020,Yaoundé,Marché Mokolo,Mobile Phone Accessories,Thursday,October,10,0,0,1,0,0,19,1945.0,36951.0
2025-10-24,V020,Yaoundé,Marché Mokolo,Mobile Phone Accessories,Friday,October,10,0,0,1,0,0,28,2057.0,57590.0
2025-10-25,V020,Yaoundé,Marché Mokolo,Mobile Phone Accessories,Saturday,October,10,1,0,1,0,0,29,1862.0,54003.0
2025-10-26,V020,Yaoundé,Marché Mokolo,Mobile Phone Accessories,Sunday,October,10,1,0,1,0,0,16,1857.0,29717.0
2025-10-27,V020,Yaoundé,Marché Mokolo,Mobile Phone Accessories,Monday,October,10,0,0,1,0,0,16,1902.0,30428.0
2025-10-28,V020,Yaoundé,Marché Mokolo,Mobile Phone Accessories,Tuesday,October,10,0,0,1,0,0,22,2037.0,44810.0
2025-10-29,V020,Yaoundé,Marché Mokolo,Mobile Phone Accessories,Wednesday,October,10,0,0,1,0,1,28,1769.0,49539.0
2025-10-30,V020,Yaoundé,Marché Mokolo,Mobile Phone Accessories,Thursday,October,10,0,0,1,0,1,19,2071.0,39351.0
2025-10-31,V020,Yaoundé,Marché Mokolo,Mobile Phone Accessories,Friday,October,10,0,0,1,0,1,26,1804.0,46891.0
2025-11-01,V020,Yaoundé,Marché Mokolo,Mobile Phone Accessories,Saturday,November,11,1,0,0,1,0,32,1858.0,59461.0
2025-11-02,V020,Yaoundé,Marché Mokolo,Mobile Phone Accessories,Sunday,November,11,1,0,0,0,0,28,1807.0,50606.0
2025-11-03,V020,Yaoundé,Marché Mokolo,Mobile Phone Accessories,Monday,November,11,0,0,0,0,0,23,1814.0,41724.0
2025-11-04,V020,Yaoundé,Marché Mokolo,Mobile Phone Accessories,Tuesday,November,11,0,0,0,0,0,20,1932.0,38633.0
2025-11-05,V020,Yaoundé,Marché Mokolo,Mobile Phone Accessories,Wednesday,November,11,0,0,0,0,0,15,1972.0,29574.0
2025-11-06,V020,Yaoundé,Marché Mokolo,Mobile Phone Accessories,Thursday,November,11,0,0,0,0,0,19,1837.0,34910.0
2025-11-07,V020,Yaoundé,Marché Mokolo,Mobile Phone Accessories,Friday,November,11,0,0,0,0,0,23,1745.0,40143.0
2025-11-08,V020,Yaoundé,Marché Mokolo,Mobile Phone Accessories,Saturday,November,11,1,0,0,0,0,28,1869.0,52330.0
2025-11-09,V020,Yaoundé,Marché Mokolo,Mobile Phone Accessories,Sunday,November,11,1,0,0,0,0,27,1713.0,46255.0
2025-11-10,V020,Yaoundé,Marché Mokolo,Mobile Phone Accessories,Monday,November,11,0,0,0,0,0,29,1632.0,47329.0
2025-11-11,V020,Yaoundé,Marché Mokolo,Mobile Phone Accessories,Tuesday,November,11,0,0,0,0,0,15,1919.0,28785.0
2025-11-12,V020,Yaoundé,Marché Mokolo,Mobile Phone Accessories,Wednesday,November,11,0,0,0,0,0,19,1787.0,33957.0
2025-11-13,V020,Yaoundé,Marché Mokolo,Mobile Phone Accessories,Thursday,November,11,0,0,0,0,0,22,1912.0,42070.0
2025-11-14,V020,Yaoundé,Marché Mokolo,Mobile Phone Accessories,Friday,November,11,0,0,0,0,0,21,2056.0,43172.0
2025-11-15,V020,Yaoundé,Marché Mokolo,Mobile Phone Accessories,Saturday,November,11,1,0,0,1,0,21,2080.0,43680.0
2025-11-16,V020,Yaoundé,Marché Mokolo,Mobile Phone Accessories,Sunday,November,11,1,0,0,0,0,33,1644.0,54262.0
2025-11-17,V020,Yaoundé,Marché Mokolo,Mobile Phone Accessories,Monday,November,11,0,0,0,0,0,26,1691.0,43955.0
2025-11-18,V020,Yaoundé,Marché Mokolo,Mobile Phone Accessories,Tuesday,November,11,0,0,0,0,0,14,2158.0,30217.0
2025-11-19,V020,Yaoundé,Marché Mokolo,Mobile Phone Accessories,Wednesday,November,11,0,0,0,0,0,13,2087.0,27127.0
2025-11-20,V020,Yaoundé,Marché Mokolo,Mobile Phone Accessories,Thursday,November,11,0,0,0,0,0,20,2021.0,40421.0
2025-11-21,V020,Yaoundé,Marché Mokolo,Mobile Phone Accessories,Friday,November,11,0,0,0,0,0,30,1752.0,52559.0
2025-11-22,V020,Yaoundé,Marché Mokolo,Mobile Phone Accessories,Saturday,November,11,1,0,0,0,0,27,2030.0,54802.0
2025-11-23,V020,Yaoundé,Marché Mokolo,Mobile Phone Accessories,Sunday,November,11,1,0,0,0,0,33,1804.0,59524.0
2025-11-24,V020,Yaoundé,Marché Mokolo,Mobile Phone Accessories,Monday,November,11,0,0,0,0,0,27,1811.0,48910.0
2025-11-25,V020,Yaoundé,Marché Mokolo,Mobile Phone Accessories,Tuesday,November,11,0,0,0,0,0,18,2074.0,37329.0
2025-11-26,V020,Yaoundé,Marché Mokolo,Mobile Phone Accessories,Wednesday,November,11,0,0,0,0,0,16,2176.0,34823.0
2025-11-27,V020,Yaoundé,Marché Mokolo,Mobile Phone Accessories,Thursday,November,11,0,0,0,0,0,18,1736.0,31243.0
2025-11-28,V020,Yaoundé,Marché Mokolo,Mobile Phone Accessories,Friday,November,11,0,0,0,0,1,28,1898.0,53156.0
2025-11-29,V020,Yaoundé,Marché Mokolo,Mobile Phone Accessories,Saturday,November,11,1,0,0,0,1,32,1877.0,60076.0
2025-11-30,V020,Yaoundé,Marché Mokolo,Mobile Phone Accessories,Sunday,November,11,1,0,0,0,1,36,1818.0,65466.0
2025-12-01,V020,Yaoundé,Marché Mokolo,Mobile Phone Accessories,Monday,December,12,0,0,0,0,0,17,1640.0,27887.0
2025-12-02,V020,Yaoundé,Marché Mokolo,Mobile Phone Accessories,Tuesday,December,12,0,0,0,0,0,28,1766.0,49456.0
2025-12-03,V020,Yaoundé,Marché Mokolo,Mobile Phone Accessories,Wednesday,December,12,0,0,0,0,0,26,1697.0,44121.0
2025-12-04,V020,Yaoundé,Marché Mokolo,Mobile Phone Accessories,Thursday,December,12,0,0,0,0,0,20,1477.0,29532.0
2025-12-05,V020,Yaoundé,Marché Mokolo,Mobile Phone Accessories,Friday,December,12,0,0,0,0,0,33,1796.0,59271.0
2025-12-06,V020,Yaoundé,Marché Mokolo,Mobile Phone Accessories,Saturday,December,12,1,0,0,1,0,35,1967.0,68859.0
2025-12-07,V020,Yaoundé,Marché Mokolo,Mobile Phone Accessories,Sunday,December,12,1,0,0,0,0,25,1749.0,43735.0
2025-12-08,V020,Yaoundé,Marché Mokolo,Mobile Phone Accessories,Monday,December,12,0,0,0,0,0,15,1885.0,28269.0
2025-12-09,V020,Yaoundé,Marché Mokolo,Mobile Phone Accessories,Tuesday,December,12,0,0,0,0,0,15,1953.0,29298.0
2025-12-10,V020,Yaoundé,Marché Mokolo,Mobile Phone Accessories,Wednesday,December,12,0,0,0,0,0,13,2266.0,29460.0
2025-12-11,V020,Yaoundé,Marché Mokolo,Mobile Phone Accessories,Thursday,December,12,0,0,0,0,0,22,1923.0,42304.0
2025-12-12,V020,Yaoundé,Marché Mokolo,Mobile Phone Accessories,Friday,December,12,0,0,0,0,0,23,1937.0,44562.0
2025-12-13,V020,Yaoundé,Marché Mokolo,Mobile Phone Accessories,Saturday,December,12,1,0,0,0,0,55,1772.0,97445.0
2025-12-14,V020,Yaoundé,Marché Mokolo,Mobile Phone Accessories,Sunday,December,12,1,0,0,0,0,27,1955.0,52798.0
2025-12-15,V020,Yaoundé,Marché Mokolo,Mobile Phone Accessories,Monday,December,12,0,0,0,0,0,20,1888.0,37766.0
2025-12-16,V020,Yaoundé,Marché Mokolo,Mobile Phone Accessories,Tuesday,December,12,0,0,0,0,0,21,1499.0,31486.0
2025-12-17,V020,Yaoundé,Marché Mokolo,Mobile Phone Accessories,Wednesday,December,12,0,0,0,0,0,24,1736.0,41663.0
2025-12-18,V020,Yaoundé,Marché Mokolo,Mobile Phone Accessories,Thursday,December,12,0,0,0,0,0,16,2088.0,33406.0
2025-12-19,V020,Yaoundé,Marché Mokolo,Mobile Phone Accessories,Friday,December,12,0,0,0,0,0,25,1925.0,48133.0
2025-12-20,V020,Yaoundé,Marché Mokolo,Mobile Phone Accessories,Saturday,December,12,1,0,0,1,0,45,1748.0,78643.0
2025-12-21,V020,Yaoundé,Marché Mokolo,Mobile Phone Accessories,Sunday,December,12,1,0,0,0,0,27,1740.0,46974.0
2025-12-22,V020,Yaoundé,Marché Mokolo,Mobile Phone Accessories,Monday,December,12,0,0,0,0,0,18,1984.0,35707.0
2025-12-23,V020,Yaoundé,Marché Mokolo,Mobile Phone Accessories,Tuesday,December,12,0,0,0,0,0,19,1841.0,34984.0
2025-12-24,V020,Yaoundé,Marché Mokolo,Mobile Phone Accessories,Wednesday,December,12,0,0,0,0,0,25,1777.0,44421.0
2025-12-25,V020,Yaoundé,Marché Mokolo,Mobile Phone Accessories,Thursday,December,12,0,1,0,0,0,26,1726.0,44878.0
2025-12-26,V020,Yaoundé,Marché Mokolo,Mobile Phone Accessories,Friday,December,12,0,0,0,0,0,32,1628.0,52085.0
2025-12-27,V020,Yaoundé,Marché Mokolo,Mobile Phone Accessories,Saturday,December,12,1,0,0,0,0,31,1956.0,60633.0
2025-12-28,V020,Yaoundé,Marché Mokolo,Mobile Phone Accessories,Sunday,December,12,1,0,0,0,0,30,1913.0,57378.0
2025-12-29,V020,Yaoundé,Marché Mokolo,Mobile Phone Accessories,Monday,December,12,0,0,0,0,1,23,1818.0,41825.0
2025-12-30,V020,Yaoundé,Marché Mokolo,Mobile Phone Accessories,Tuesday,December,12,0,0,0,0,1,23,1828.0,42037.0
2025-12-31,V020,Yaoundé,Marché Mokolo,Mobile Phone Accessories,Wednesday,December,12,0,0,0,0,1,15,2140.0,32101.0
2026-01-01,V020,Yaoundé,Marché Mokolo,Mobile Phone Accessories,Thursday,January,1,0,1,0,0,0,34,1790.0,60873.0
2026-01-02,V020,Yaoundé,Marché Mokolo,Mobile Phone Accessories,Friday,January,1,0,0,0,0,0,36,1905.0,68580.0
2026-01-03,V020,Yaoundé,Marché Mokolo,Mobile Phone Accessories,Saturday,January,1,1,0,0,1,0,41,1708.0,70044.0
2026-01-04,V020,Yaoundé,Marché Mokolo,Mobile Phone Accessories,Sunday,January,1,1,0,0,0,0,22,1906.0,41928.0
2026-01-05,V020,Yaoundé,Marché Mokolo,Mobile Phone Accessories,Monday,January,1,0,0,0,0,0,17,1924.0,32713.0
2026-01-06,V020,Yaoundé,Marché Mokolo,Mobile Phone Accessories,Tuesday,January,1,0,0,0,0,0,18,2216.0,39897.0
2026-01-07,V020,Yaoundé,Marché Mokolo,Mobile Phone Accessories,Wednesday,January,1,0,0,0,0,0,26,1943.0,50511.0
2026-01-08,V020,Yaoundé,Marché Mokolo,Mobile Phone Accessories,Thursday,January,1,0,0,0,0,0,15,1812.0,27182.0
2026-01-09,V020,Yaoundé,Marché Mokolo,Mobile Phone Accessories,Friday,January,1,0,0,0,0,0,24,1893.0,45440.0
2026-01-10,V020,Yaoundé,Marché Mokolo,Mobile Phone Accessories,Saturday,January,1,1,0,0,0,0,36,1754.0,63142.0
2026-01-11,V020,Yaoundé,Marché Mokolo,Mobile Phone Accessories,Sunday,January,1,1,0,0,0,0,33,1906.0,62891.0
2026-01-12,V020,Yaoundé,Marché Mokolo,Mobile Phone Accessories,Monday,January,1,0,0,0,0,0,23,1724.0,39644.0
2026-01-13,V020,Yaoundé,Marché Mokolo,Mobile Phone Accessories,Tuesday,January,1,0,0,0,0,0,10,2254.0,22539.0
2026-01-14,V020,Yaoundé,Marché Mokolo,Mobile Phone Accessories,Wednesday,January,1,0,0,0,0,0,17,1754.0,29810.0
2026-01-15,V020,Yaoundé,Marché Mokolo,Mobile Phone Accessories,Thursday,January,1,0,0,0,0,0,24,1762.0,42287.0
2026-01-16,V020,Yaoundé,Marché Mokolo,Mobile Phone Accessories,Friday,January,1,0,0,0,0,0,25,1841.0,46031.0
2026-01-17,V020,Yaoundé,Marché Mokolo,Mobile Phone Accessories,Saturday,January,1,1,0,0,1,0,38,1844.0,70070.0
2026-01-18,V020,Yaoundé,Marché Mokolo,Mobile Phone Accessories,Sunday,January,1,1,0,0,0,0,27,1978.0,53394.0
2026-01-19,V020,Yaoundé,Marché Mokolo,Mobile Phone Accessories,Monday,January,1,0,0,0,0,0,16,1872.0,29959.0
2026-01-20,V020,Yaoundé,Marché Mokolo,Mobile Phone Accessories,Tuesday,January,1,0,0,0,0,0,16,2121.0,33931.0
2026-01-21,V020,Yaoundé,Marché Mokolo,Mobile Phone Accessories,Wednesday,January,1,0,0,0,0,0,21,1969.0,41357.0
2026-01-22,V020,Yaoundé,Marché Mokolo,Mobile Phone Accessories,Thursday,January,1,0,0,0,0,0,18,1899.0,34179.0
2026-01-23,V020,Yaoundé,Marché Mokolo,Mobile Phone Accessories,Friday,January,1,0,0,0,0,0,22,1882.0,41411.0
2026-01-24,V020,Yaoundé,Marché Mokolo,Mobile Phone Accessories,Saturday,January,1,1,0,0,0,0,30,1865.0,55946.0
2026-01-25,V020,Yaoundé,Marché Mokolo,Mobile Phone Accessories,Sunday,January,1,1,0,0,0,0,25,1695.0,42380.0
2026-01-26,V020,Yaoundé,Marché Mokolo,Mobile Phone Accessories,Monday,January,1,0,0,0,0,0,17,2168.0,36856.0
2026-01-27,V020,Yaoundé,Marché Mokolo,Mobile Phone Accessories,Tuesday,January,1,0,0,0,0,0,24,1771.0,42500.0
2026-01-28,V020,Yaoundé,Marché Mokolo,Mobile Phone Accessories,Wednesday,January,1,0,0,0,0,0,24,1700.0,40807.0
2026-01-29,V020,Yaoundé,Marché Mokolo,Mobile Phone Accessories,Thursday,January,1,0,0,0,0,1,26,1765.0,45885.0
2026-01-30,V020,Yaoundé,Marché Mokolo,Mobile Phone Accessories,Friday,January,1,0,0,0,0,1,30,1715.0,51444.0
2026-01-31,V020,Yaoundé,Marché Mokolo,Mobile Phone Accessories,Saturday,January,1,1,0,0,0,1,36,1983.0,71389.0
2026-02-01,V020,Yaoundé,Marché Mokolo,Mobile Phone Accessories,Sunday,February,2,1,0,0,0,0,30,1865.0,55945.0
2026-02-02,V020,Yaoundé,Marché Mokolo,Mobile Phone Accessories,Monday,February,2,0,0,0,0,0,17,1933.0,32861.0
2026-02-03,V020,Yaoundé,Marché Mokolo,Mobile Phone Accessories,Tuesday,February,2,0,0,0,0,0,19,1785.0,33923.0
2026-02-04,V020,Yaoundé,Marché Mokolo,Mobile Phone Accessories,Wednesday,February,2,0,0,0,0,0,14,2247.0,31461.0
2026-02-05,V020,Yaoundé,Marché Mokolo,Mobile Phone Accessories,Thursday,February,2,0,0,0,0,0,19,1729.0,32853.0
2026-02-06,V020,Yaoundé,Marché Mokolo,Mobile Phone Accessories,Friday,February,2,0,0,0,0,0,28,1687.0,47237.0
2026-02-07,V020,Yaoundé,Marché Mokolo,Mobile Phone Accessories,Saturday,February,2,1,0,0,1,0,40,1740.0,69613.0
2026-02-08,V020,Yaoundé,Marché Mokolo,Mobile Phone Accessories,Sunday,February,2,1,0,0,0,0,21,1951.0,40981.0
2026-02-09,V020,Yaoundé,Marché Mokolo,Mobile Phone Accessories,Monday,February,2,0,0,0,0,0,18,1919.0,34545.0
2026-02-10,V020,Yaoundé,Marché Mokolo,Mobile Phone Accessories,Tuesday,February,2,0,0,0,0,0,17,2042.0,34720.0
2026-02-11,V020,Yaoundé,Marché Mokolo,Mobile Phone Accessories,Wednesday,February,2,0,1,0,0,0,20,1766.0,35313.0
2026-02-12,V020,Yaoundé,Marché Mokolo,Mobile Phone Accessories,Thursday,February,2,0,0,0,0,0,23,1900.0,43690.0
2026-02-13,V020,Yaoundé,Marché Mokolo,Mobile Phone Accessories,Friday,February,2,0,0,0,0,0,28,1860.0,52067.0
2026-02-14,V020,Yaoundé,Marché Mokolo,Mobile Phone Accessories,Saturday,February,2,1,0,0,0,0,37,1969.0,72838.0
2026-02-15,V020,Yaoundé,Marché Mokolo,Mobile Phone Accessories,Sunday,February,2,1,0,0,0,0,24,1891.0,45377.0
2026-02-16,V020,Yaoundé,Marché Mokolo,Mobile Phone Accessories,Monday,February,2,0,0,0,0,0,22,1614.0,35501.0
2026-02-17,V020,Yaoundé,Marché Mokolo,Mobile Phone Accessories,Tuesday,February,2,0,0,0,0,0,21,1688.0,35456.0
2026-02-18,V020,Yaoundé,Marché Mokolo,Mobile Phone Accessories,Wednesday,February,2,0,0,0,0,0,22,1663.0,36594.0
2026-02-19,V020,Yaoundé,Marché Mokolo,Mobile Phone Accessories,Thursday,February,2,0,0,0,0,0,24,1899.0,45567.0
2026-02-20,V020,Yaoundé,Marché Mokolo,Mobile Phone Accessories,Friday,February,2,0,0,0,0,0,26,1739.0,45213.0
2026-02-21,V020,Yaoundé,Marché Mokolo,Mobile Phone Accessories,Saturday,February,2,1,0,0,1,0,35,1788.0,62594.0
2026-02-22,V020,Yaoundé,Marché Mokolo,Mobile Phone Accessories,Sunday,February,2,1,0,0,0,0,24,1814.0,43544.0
2026-02-23,V020,Yaoundé,Marché Mokolo,Mobile Phone Accessories,Monday,February,2,0,0,0,0,0,17,1971.0,33501.0
2026-02-24,V020,Yaoundé,Marché Mokolo,Mobile Phone Accessories,Tuesday,February,2,0,0,0,0,0,25,1769.0,44235.0
2026-02-25,V020,Yaoundé,Marché Mokolo,Mobile Phone Accessories,Wednesday,February,2,0,0,0,0,0,21,1772.0,37220.0
2026-02-26,V020,Yaoundé,Marché Mokolo,Mobile Phone Accessories,Thursday,February,2,0,0,0,0,1,22,1540.0,33873.0
2026-02-27,V020,Yaoundé,Marché Mokolo,Mobile Phone Accessories,Friday,February,2,0,0,0,0,1,27,2081.0,56179.0
2026-02-28,V020,Yaoundé,Marché Mokolo,Mobile Phone Accessories,Saturday,February,2,1,0,0,0,1,45,1892.0,85146.0
2026-03-01,V020,Yaoundé,Marché Mokolo,Mobile Phone Accessories,Sunday,March,3,1,0,0,0,0,31,1807.0,56018.0
2026-03-02,V020,Yaoundé,Marché Mokolo,Mobile Phone Accessories,Monday,March,3,0,0,0,0,0,14,1857.0,25995.0
2026-03-03,V020,Yaoundé,Marché Mokolo,Mobile Phone Accessories,Tuesday,March,3,0,0,0,0,0,23,1630.0,37501.0
2026-03-04,V020,Yaoundé,Marché Mokolo,Mobile Phone Accessories,Wednesday,March,3,0,0,0,0,0,20,2064.0,41285.0
2026-03-05,V020,Yaoundé,Marché Mokolo,Mobile Phone Accessories,Thursday,March,3,0,0,0,0,0,25,1906.0,47659.0
2026-03-06,V020,Yaoundé,Marché Mokolo,Mobile Phone Accessories,Friday,March,3,0,0,0,0,0,36,1841.0,66286.0
2026-03-07,V020,Yaoundé,Marché Mokolo,Mobile Phone Accessories,Saturday,March,3,1,0,0,1,0,36,1883.0,67803.0
2026-03-08,V020,Yaoundé,Marché Mokolo,Mobile Phone Accessories,Sunday,March,3,1,1,0,0,0,27,1965.0,53049.0
2026-03-09,V020,Yaoundé,Marché Mokolo,Mobile Phone Accessories,Monday,March,3,0,0,0,0,0,21,2030.0,42620.0
2026-03-10,V020,Yaoundé,Marché Mokolo,Mobile Phone Accessories,Tuesday,March,3,0,0,0,0,0,24,1746.0,41905.0
2026-03-11,V020,Yaoundé,Marché Mokolo,Mobile Phone Accessories,Wednesday,March,3,0,0,0,0,0,26,1852.0,48157.0
2026-03-12,V020,Yaoundé,Marché Mokolo,Mobile Phone Accessories,Thursday,March,3,0,0,0,0,0,18,1838.0,33078.0
2026-03-13,V020,Yaoundé,Marché Mokolo,Mobile Phone Accessories,Friday,March,3,0,0,0,0,0,30,1804.0,54129.0
2026-03-14,V020,Yaoundé,Marché Mokolo,Mobile Phone Accessories,Saturday,March,3,1,0,0,0,0,38,1678.0,63761.0
2026-03-15,V020,Yaoundé,Marché Mokolo,Mobile Phone Accessories,Sunday,March,3,1,0,0,0,0,29,1778.0,51551.0
2026-03-16,V020,Yaoundé,Marché Mokolo,Mobile Phone Accessories,Monday,March,3,0,0,0,0,0,12,2062.0,24744.0
2026-03-17,V020,Yaoundé,Marché Mokolo,Mobile Phone Accessories,Tuesday,March,3,0,0,0,0,0,14,2408.0,33708.0
2026-03-18,V020,Yaoundé,Marché Mokolo,Mobile Phone Accessories,Wednesday,March,3,0,0,0,0,0,16,1924.0,30779.0
2026-03-19,V020,Yaoundé,Marché Mokolo,Mobile Phone Accessories,Thursday,March,3,0,0,0,0,0,22,1775.0,39042.0
2026-03-20,V020,Yaoundé,Marché Mokolo,Mobile Phone Accessories,Friday,March,3,0,0,0,0,0,26,1803.0,46870.0
2026-03-21,V020,Yaoundé,Marché Mokolo,Mobile Phone Accessories,Saturday,March,3,1,0,0,1,0,36,1815.0,65329.0
2026-03-22,V020,Yaoundé,Marché Mokolo,Mobile Phone Accessories,Sunday,March,3,1,0,0,0,0,30,1678.0,50349.0
2026-03-23,V020,Yaoundé,Marché Mokolo,Mobile Phone Accessories,Monday,March,3,0,0,0,0,0,17,1849.0,31435.0
2026-03-24,V020,Yaoundé,Marché Mokolo,Mobile Phone Accessories,Tuesday,March,3,0,0,0,0,0,20,2120.0,42394.0
2026-03-25,V020,Yaoundé,Marché Mokolo,Mobile Phone Accessories,Wednesday,March,3,0,0,0,0,0,32,1683.0,53845.0
2026-03-26,V020,Yaoundé,Marché Mokolo,Mobile Phone Accessories,Thursday,March,3,0,0,0,0,0,16,1828.0,29242.0
2026-03-27,V020,Yaoundé,Marché Mokolo,Mobile Phone Accessories,Friday,March,3,0,0,0,0,0,23,1910.0,43936.0
2026-03-28,V020,Yaoundé,Marché Mokolo,Mobile Phone Accessories,Saturday,March,3,1,0,0,0,0,37,1718.0,63575.0
2026-03-29,V020,Yaoundé,Marché Mokolo,Mobile Phone Accessories,Sunday,March,3,1,0,0,0,1,26,1888.0,49093.0
2026-03-30,V020,Yaoundé,Marché Mokolo,Mobile Phone Accessories,Monday,March,3,0,0,0,0,1,24,1767.0,42407.0
2026-03-31,V020,Yaoundé,Marché Mokolo,Mobile Phone Accessories,Tuesday,March,3,0,0,0,0,1,22,1581.0,34780.0
2025-09-01,V021,Yaoundé,Marché Mokolo,Second-Hand Clothing (Friperie),Monday,September,9,0,0,1,0,0,19,1936.0,36793.0
2025-09-02,V021,Yaoundé,Marché Mokolo,Second-Hand Clothing (Friperie),Tuesday,September,9,0,0,1,0,0,15,2260.0,33893.0
2025-09-03,V021,Yaoundé,Marché Mokolo,Second-Hand Clothing (Friperie),Wednesday,September,9,0,0,1,0,0,19,1932.0,36700.0
2025-09-04,V021,Yaoundé,Marché Mokolo,Second-Hand Clothing (Friperie),Thursday,September,9,0,0,1,0,0,18,2016.0,36288.0
2025-09-05,V021,Yaoundé,Marché Mokolo,Second-Hand Clothing (Friperie),Friday,September,9,0,0,1,0,0,33,1739.0,57403.0
2025-09-06,V021,Yaoundé,Marché Mokolo,Second-Hand Clothing (Friperie),Saturday,September,9,1,0,1,1,0,51,1904.0,97080.0
2025-09-07,V021,Yaoundé,Marché Mokolo,Second-Hand Clothing (Friperie),Sunday,September,9,1,0,1,0,0,29,1851.0,53667.0
2025-09-08,V021,Yaoundé,Marché Mokolo,Second-Hand Clothing (Friperie),Monday,September,9,0,0,1,0,0,25,1914.0,47852.0
2025-09-09,V021,Yaoundé,Marché Mokolo,Second-Hand Clothing (Friperie),Tuesday,September,9,0,0,1,0,0,16,1881.0,30092.0
2025-09-10,V021,Yaoundé,Marché Mokolo,Second-Hand Clothing (Friperie),Wednesday,September,9,0,0,1,0,0,22,1959.0,43098.0
2025-09-11,V021,Yaoundé,Marché Mokolo,Second-Hand Clothing (Friperie),Thursday,September,9,0,0,1,0,0,25,1812.0,45296.0
2025-09-12,V021,Yaoundé,Marché Mokolo,Second-Hand Clothing (Friperie),Friday,September,9,0,0,1,0,0,25,1997.0,49915.0
2025-09-13,V021,Yaoundé,Marché Mokolo,Second-Hand Clothing (Friperie),Saturday,September,9,1,0,1,0,0,31,1882.0,58346.0
2025-09-14,V021,Yaoundé,Marché Mokolo,Second-Hand Clothing (Friperie),Sunday,September,9,1,0,1,0,0,21,1885.0,39585.0
2025-09-15,V021,Yaoundé,Marché Mokolo,Second-Hand Clothing (Friperie),Monday,September,9,0,0,1,0,0,16,1687.0,26995.0
2025-09-16,V021,Yaoundé,Marché Mokolo,Second-Hand Clothing (Friperie),Tuesday,September,9,0,0,1,0,0,16,2018.0,32285.0
2025-09-17,V021,Yaoundé,Marché Mokolo,Second-Hand Clothing (Friperie),Wednesday,September,9,0,0,1,0,0,22,2047.0,45041.0
2025-09-18,V021,Yaoundé,Marché Mokolo,Second-Hand Clothing (Friperie),Thursday,September,9,0,0,1,0,0,18,2041.0,36743.0
2025-09-19,V021,Yaoundé,Marché Mokolo,Second-Hand Clothing (Friperie),Friday,September,9,0,0,1,0,0,31,1766.0,54744.0
2025-09-20,V021,Yaoundé,Marché Mokolo,Second-Hand Clothing (Friperie),Saturday,September,9,1,0,1,1,0,29,1986.0,57605.0
2025-09-21,V021,Yaoundé,Marché Mokolo,Second-Hand Clothing (Friperie),Sunday,September,9,1,0,1,0,0,36,1690.0,60836.0
2025-09-22,V021,Yaoundé,Marché Mokolo,Second-Hand Clothing (Friperie),Monday,September,9,0,0,1,0,0,21,1418.0,29778.0
2025-09-23,V021,Yaoundé,Marché Mokolo,Second-Hand Clothing (Friperie),Tuesday,September,9,0,0,1,0,0,19,1946.0,36975.0
2025-09-24,V021,Yaoundé,Marché Mokolo,Second-Hand Clothing (Friperie),Wednesday,September,9,0,0,1,0,0,18,1916.0,34497.0
2025-09-25,V021,Yaoundé,Marché Mokolo,Second-Hand Clothing (Friperie),Thursday,September,9,0,0,1,0,0,30,1619.0,48565.0
2025-09-26,V021,Yaoundé,Marché Mokolo,Second-Hand Clothing (Friperie),Friday,September,9,0,0,1,0,0,37,1964.0,72660.0
2025-09-27,V021,Yaoundé,Marché Mokolo,Second-Hand Clothing (Friperie),Saturday,September,9,1,0,1,0,0,32,1757.0,56220.0
2025-09-28,V021,Yaoundé,Marché Mokolo,Second-Hand Clothing (Friperie),Sunday,September,9,1,0,1,0,1,34,1848.0,62831.0
2025-09-29,V021,Yaoundé,Marché Mokolo,Second-Hand Clothing (Friperie),Monday,September,9,0,0,1,0,1,22,1992.0,43825.0
2025-09-30,V021,Yaoundé,Marché Mokolo,Second-Hand Clothing (Friperie),Tuesday,September,9,0,0,1,0,1,20,1792.0,35831.0
2025-10-01,V021,Yaoundé,Marché Mokolo,Second-Hand Clothing (Friperie),Wednesday,October,10,0,0,1,0,0,24,1692.0,40619.0
2025-10-02,V021,Yaoundé,Marché Mokolo,Second-Hand Clothing (Friperie),Thursday,October,10,0,0,1,0,0,19,2143.0,40714.0
2025-10-03,V021,Yaoundé,Marché Mokolo,Second-Hand Clothing (Friperie),Friday,October,10,0,0,1,0,0,28,1555.0,43550.0
2025-10-04,V021,Yaoundé,Marché Mokolo,Second-Hand Clothing (Friperie),Saturday,October,10,1,0,1,1,0,36,1817.0,65413.0
2025-10-05,V021,Yaoundé,Marché Mokolo,Second-Hand Clothing (Friperie),Sunday,October,10,1,0,1,0,0,20,2110.0,42210.0
2025-10-06,V021,Yaoundé,Marché Mokolo,Second-Hand Clothing (Friperie),Monday,October,10,0,0,1,0,0,13,1902.0,24732.0
2025-10-07,V021,Yaoundé,Marché Mokolo,Second-Hand Clothing (Friperie),Tuesday,October,10,0,0,1,0,0,14,1755.0,24569.0
2025-10-08,V021,Yaoundé,Marché Mokolo,Second-Hand Clothing (Friperie),Wednesday,October,10,0,0,1,0,0,18,2130.0,38346.0
2025-10-09,V021,Yaoundé,Marché Mokolo,Second-Hand Clothing (Friperie),Thursday,October,10,0,0,1,0,0,24,1835.0,44049.0
2025-10-10,V021,Yaoundé,Marché Mokolo,Second-Hand Clothing (Friperie),Friday,October,10,0,0,1,0,0,23,1891.0,43482.0
2025-10-11,V021,Yaoundé,Marché Mokolo,Second-Hand Clothing (Friperie),Saturday,October,10,1,0,1,0,0,43,1777.0,76423.0
2025-10-12,V021,Yaoundé,Marché Mokolo,Second-Hand Clothing (Friperie),Sunday,October,10,1,0,1,0,0,35,1792.0,62719.0
2025-10-13,V021,Yaoundé,Marché Mokolo,Second-Hand Clothing (Friperie),Monday,October,10,0,0,1,0,0,18,2235.0,40236.0
2025-10-14,V021,Yaoundé,Marché Mokolo,Second-Hand Clothing (Friperie),Tuesday,October,10,0,0,1,0,0,26,1894.0,49246.0
2025-10-15,V021,Yaoundé,Marché Mokolo,Second-Hand Clothing (Friperie),Wednesday,October,10,0,0,1,0,0,19,1637.0,31096.0
2025-10-16,V021,Yaoundé,Marché Mokolo,Second-Hand Clothing (Friperie),Thursday,October,10,0,0,1,0,0,22,2098.0,46164.0
2025-10-17,V021,Yaoundé,Marché Mokolo,Second-Hand Clothing (Friperie),Friday,October,10,0,0,1,0,0,26,1781.0,46299.0
2025-10-18,V021,Yaoundé,Marché Mokolo,Second-Hand Clothing (Friperie),Saturday,October,10,1,0,1,1,0,45,1872.0,84218.0
2025-10-19,V021,Yaoundé,Marché Mokolo,Second-Hand Clothing (Friperie),Sunday,October,10,1,0,1,0,0,25,1615.0,40367.0
2025-10-20,V021,Yaoundé,Marché Mokolo,Second-Hand Clothing (Friperie),Monday,October,10,0,0,1,0,0,13,2055.0,26716.0
2025-10-21,V021,Yaoundé,Marché Mokolo,Second-Hand Clothing (Friperie),Tuesday,October,10,0,0,1,0,0,20,1648.0,32955.0
2025-10-22,V021,Yaoundé,Marché Mokolo,Second-Hand Clothing (Friperie),Wednesday,October,10,0,0,1,0,0,18,1911.0,34390.0
2025-10-23,V021,Yaoundé,Marché Mokolo,Second-Hand Clothing (Friperie),Thursday,October,10,0,0,1,0,0,23,1804.0,41485.0
2025-10-24,V021,Yaoundé,Marché Mokolo,Second-Hand Clothing (Friperie),Friday,October,10,0,0,1,0,0,26,1715.0,44584.0
2025-10-25,V021,Yaoundé,Marché Mokolo,Second-Hand Clothing (Friperie),Saturday,October,10,1,0,1,0,0,31,1932.0,59891.0
2025-10-26,V021,Yaoundé,Marché Mokolo,Second-Hand Clothing (Friperie),Sunday,October,10,1,0,1,0,0,21,1686.0,35406.0
2025-10-27,V021,Yaoundé,Marché Mokolo,Second-Hand Clothing (Friperie),Monday,October,10,0,0,1,0,0,20,1725.0,34509.0
2025-10-28,V021,Yaoundé,Marché Mokolo,Second-Hand Clothing (Friperie),Tuesday,October,10,0,0,1,0,0,27,1615.0,43595.0
2025-10-29,V021,Yaoundé,Marché Mokolo,Second-Hand Clothing (Friperie),Wednesday,October,10,0,0,1,0,1,17,2087.0,35485.0
2025-10-30,V021,Yaoundé,Marché Mokolo,Second-Hand Clothing (Friperie),Thursday,October,10,0,0,1,0,1,21,2123.0,44586.0
2025-10-31,V021,Yaoundé,Marché Mokolo,Second-Hand Clothing (Friperie),Friday,October,10,0,0,1,0,1,30,1862.0,55871.0
2025-11-01,V021,Yaoundé,Marché Mokolo,Second-Hand Clothing (Friperie),Saturday,November,11,1,0,0,1,0,40,1930.0,77183.0
2025-11-02,V021,Yaoundé,Marché Mokolo,Second-Hand Clothing (Friperie),Sunday,November,11,1,0,0,0,0,28,1930.0,54046.0
2025-11-03,V021,Yaoundé,Marché Mokolo,Second-Hand Clothing (Friperie),Monday,November,11,0,0,0,0,0,19,1791.0,34024.0
2025-11-04,V021,Yaoundé,Marché Mokolo,Second-Hand Clothing (Friperie),Tuesday,November,11,0,0,0,0,0,21,1840.0,38632.0
2025-11-05,V021,Yaoundé,Marché Mokolo,Second-Hand Clothing (Friperie),Wednesday,November,11,0,0,0,0,0,18,1908.0,34341.0
2025-11-06,V021,Yaoundé,Marché Mokolo,Second-Hand Clothing (Friperie),Thursday,November,11,0,0,0,0,0,20,2082.0,41637.0
2025-11-07,V021,Yaoundé,Marché Mokolo,Second-Hand Clothing (Friperie),Friday,November,11,0,0,0,0,0,26,1800.0,46806.0
2025-11-08,V021,Yaoundé,Marché Mokolo,Second-Hand Clothing (Friperie),Saturday,November,11,1,0,0,0,0,29,1711.0,49607.0
2025-11-09,V021,Yaoundé,Marché Mokolo,Second-Hand Clothing (Friperie),Sunday,November,11,1,0,0,0,0,31,1969.0,61025.0
2025-11-10,V021,Yaoundé,Marché Mokolo,Second-Hand Clothing (Friperie),Monday,November,11,0,0,0,0,0,25,1842.0,46057.0
2025-11-11,V021,Yaoundé,Marché Mokolo,Second-Hand Clothing (Friperie),Tuesday,November,11,0,0,0,0,0,21,1947.0,40888.0
2025-11-12,V021,Yaoundé,Marché Mokolo,Second-Hand Clothing (Friperie),Wednesday,November,11,0,0,0,0,0,26,1785.0,46414.0
2025-11-13,V021,Yaoundé,Marché Mokolo,Second-Hand Clothing (Friperie),Thursday,November,11,0,0,0,0,0,17,2115.0,35947.0
2025-11-14,V021,Yaoundé,Marché Mokolo,Second-Hand Clothing (Friperie),Friday,November,11,0,0,0,0,0,22,1778.0,39112.0
2025-11-15,V021,Yaoundé,Marché Mokolo,Second-Hand Clothing (Friperie),Saturday,November,11,1,0,0,1,0,46,1775.0,81665.0
2025-11-16,V021,Yaoundé,Marché Mokolo,Second-Hand Clothing (Friperie),Sunday,November,11,1,0,0,0,0,24,1981.0,47538.0
2025-11-17,V021,Yaoundé,Marché Mokolo,Second-Hand Clothing (Friperie),Monday,November,11,0,0,0,0,0,20,1595.0,31904.0
2025-11-18,V021,Yaoundé,Marché Mokolo,Second-Hand Clothing (Friperie),Tuesday,November,11,0,0,0,0,0,19,1829.0,34754.0
2025-11-19,V021,Yaoundé,Marché Mokolo,Second-Hand Clothing (Friperie),Wednesday,November,11,0,0,0,0,0,18,1799.0,32389.0
2025-11-20,V021,Yaoundé,Marché Mokolo,Second-Hand Clothing (Friperie),Thursday,November,11,0,0,0,0,0,23,1667.0,38330.0
2025-11-21,V021,Yaoundé,Marché Mokolo,Second-Hand Clothing (Friperie),Friday,November,11,0,0,0,0,0,31,1886.0,58470.0
2025-11-22,V021,Yaoundé,Marché Mokolo,Second-Hand Clothing (Friperie),Saturday,November,11,1,0,0,0,0,32,1907.0,61024.0
2025-11-23,V021,Yaoundé,Marché Mokolo,Second-Hand Clothing (Friperie),Sunday,November,11,1,0,0,0,0,19,1979.0,37610.0
2025-11-24,V021,Yaoundé,Marché Mokolo,Second-Hand Clothing (Friperie),Monday,November,11,0,0,0,0,0,21,1780.0,37382.0
2025-11-25,V021,Yaoundé,Marché Mokolo,Second-Hand Clothing (Friperie),Tuesday,November,11,0,0,0,0,0,21,1855.0,38949.0
2025-11-26,V021,Yaoundé,Marché Mokolo,Second-Hand Clothing (Friperie),Wednesday,November,11,0,0,0,0,0,25,1860.0,46498.0
2025-11-27,V021,Yaoundé,Marché Mokolo,Second-Hand Clothing (Friperie),Thursday,November,11,0,0,0,0,0,22,2147.0,47238.0
2025-11-28,V021,Yaoundé,Marché Mokolo,Second-Hand Clothing (Friperie),Friday,November,11,0,0,0,0,1,16,1805.0,28876.0
2025-11-29,V021,Yaoundé,Marché Mokolo,Second-Hand Clothing (Friperie),Saturday,November,11,1,0,0,0,1,30,1852.0,55555.0
2025-11-30,V021,Yaoundé,Marché Mokolo,Second-Hand Clothing (Friperie),Sunday,November,11,1,0,0,0,1,32,1653.0,52886.0
2025-12-01,V021,Yaoundé,Marché Mokolo,Second-Hand Clothing (Friperie),Monday,December,12,0,0,0,0,0,21,1846.0,38764.0
2025-12-02,V021,Yaoundé,Marché Mokolo,Second-Hand Clothing (Friperie),Tuesday,December,12,0,0,0,0,0,25,1763.0,44087.0
2025-12-03,V021,Yaoundé,Marché Mokolo,Second-Hand Clothing (Friperie),Wednesday,December,12,0,0,0,0,0,22,1645.0,36200.0
2025-12-04,V021,Yaoundé,Marché Mokolo,Second-Hand Clothing (Friperie),Thursday,December,12,0,0,0,0,0,19,1794.0,34085.0
2025-12-05,V021,Yaoundé,Marché Mokolo,Second-Hand Clothing (Friperie),Friday,December,12,0,0,0,0,0,21,1833.0,38502.0
2025-12-06,V021,Yaoundé,Marché Mokolo,Second-Hand Clothing (Friperie),Saturday,December,12,1,0,0,1,0,45,1695.0,76273.0
2025-12-07,V021,Yaoundé,Marché Mokolo,Second-Hand Clothing (Friperie),Sunday,December,12,1,0,0,0,0,19,1928.0,36637.0
2025-12-08,V021,Yaoundé,Marché Mokolo,Second-Hand Clothing (Friperie),Monday,December,12,0,0,0,0,0,23,1819.0,41829.0
2025-12-09,V021,Yaoundé,Marché Mokolo,Second-Hand Clothing (Friperie),Tuesday,December,12,0,0,0,0,0,19,2062.0,39172.0
2025-12-10,V021,Yaoundé,Marché Mokolo,Second-Hand Clothing (Friperie),Wednesday,December,12,0,0,0,0,0,22,1606.0,35343.0
2025-12-11,V021,Yaoundé,Marché Mokolo,Second-Hand Clothing (Friperie),Thursday,December,12,0,0,0,0,0,23,1793.0,41237.0
2025-12-12,V021,Yaoundé,Marché Mokolo,Second-Hand Clothing (Friperie),Friday,December,12,0,0,0,0,0,25,1993.0,49826.0
2025-12-13,V021,Yaoundé,Marché Mokolo,Second-Hand Clothing (Friperie),Saturday,December,12,1,0,0,0,0,42,1759.0,73859.0
2025-12-14,V021,Yaoundé,Marché Mokolo,Second-Hand Clothing (Friperie),Sunday,December,12,1,0,0,0,0,38,1935.0,73536.0
2025-12-15,V021,Yaoundé,Marché Mokolo,Second-Hand Clothing (Friperie),Monday,December,12,0,0,0,0,0,20,2091.0,41828.0
2025-12-16,V021,Yaoundé,Marché Mokolo,Second-Hand Clothing (Friperie),Tuesday,December,12,0,0,0,0,0,23,1696.0,39011.0
2025-12-17,V021,Yaoundé,Marché Mokolo,Second-Hand Clothing (Friperie),Wednesday,December,12,0,0,0,0,0,14,1934.0,27071.0
2025-12-18,V021,Yaoundé,Marché Mokolo,Second-Hand Clothing (Friperie),Thursday,December,12,0,0,0,0,0,19,1979.0,37608.0
2025-12-19,V021,Yaoundé,Marché Mokolo,Second-Hand Clothing (Friperie),Friday,December,12,0,0,0,0,0,32,1704.0,54523.0
2025-12-20,V021,Yaoundé,Marché Mokolo,Second-Hand Clothing (Friperie),Saturday,December,12,1,0,0,1,0,40,1798.0,71923.0
2025-12-21,V021,Yaoundé,Marché Mokolo,Second-Hand Clothing (Friperie),Sunday,December,12,1,0,0,0,0,27,1836.0,49567.0
2025-12-22,V021,Yaoundé,Marché Mokolo,Second-Hand Clothing (Friperie),Monday,December,12,0,0,0,0,0,18,1647.0,29649.0
2025-12-23,V021,Yaoundé,Marché Mokolo,Second-Hand Clothing (Friperie),Tuesday,December,12,0,0,0,0,0,23,1739.0,39991.0
2025-12-24,V021,Yaoundé,Marché Mokolo,Second-Hand Clothing (Friperie),Wednesday,December,12,0,0,0,0,0,17,2000.0,33997.0
2025-12-25,V021,Yaoundé,Marché Mokolo,Second-Hand Clothing (Friperie),Thursday,December,12,0,1,0,0,0,24,2100.0,50403.0
2025-12-26,V021,Yaoundé,Marché Mokolo,Second-Hand Clothing (Friperie),Friday,December,12,0,0,0,0,0,19,1976.0,37541.0
2025-12-27,V021,Yaoundé,Marché Mokolo,Second-Hand Clothing (Friperie),Saturday,December,12,1,0,0,0,0,36,1905.0,68588.0
2025-12-28,V021,Yaoundé,Marché Mokolo,Second-Hand Clothing (Friperie),Sunday,December,12,1,0,0,0,0,20,2021.0,40422.0
2025-12-29,V021,Yaoundé,Marché Mokolo,Second-Hand Clothing (Friperie),Monday,December,12,0,0,0,0,1,20,1911.0,38218.0
2025-12-30,V021,Yaoundé,Marché Mokolo,Second-Hand Clothing (Friperie),Tuesday,December,12,0,0,0,0,1,37,1740.0,64397.0
2025-12-31,V021,Yaoundé,Marché Mokolo,Second-Hand Clothing (Friperie),Wednesday,December,12,0,0,0,0,1,32,1699.0,54362.0
2026-01-01,V021,Yaoundé,Marché Mokolo,Second-Hand Clothing (Friperie),Thursday,January,1,0,1,0,0,0,21,2070.0,43465.0
2026-01-02,V021,Yaoundé,Marché Mokolo,Second-Hand Clothing (Friperie),Friday,January,1,0,0,0,0,0,25,1667.0,41681.0
2026-01-03,V021,Yaoundé,Marché Mokolo,Second-Hand Clothing (Friperie),Saturday,January,1,1,0,0,1,0,34,1964.0,66759.0
2026-01-04,V021,Yaoundé,Marché Mokolo,Second-Hand Clothing (Friperie),Sunday,January,1,1,0,0,0,0,24,1872.0,44933.0
2026-01-05,V021,Yaoundé,Marché Mokolo,Second-Hand Clothing (Friperie),Monday,January,1,0,0,0,0,0,21,1803.0,37857.0
2026-01-06,V021,Yaoundé,Marché Mokolo,Second-Hand Clothing (Friperie),Tuesday,January,1,0,0,0,0,0,19,1719.0,32670.0
2026-01-07,V021,Yaoundé,Marché Mokolo,Second-Hand Clothing (Friperie),Wednesday,January,1,0,0,0,0,0,19,1844.0,35037.0
2026-01-08,V021,Yaoundé,Marché Mokolo,Second-Hand Clothing (Friperie),Thursday,January,1,0,0,0,0,0,24,1962.0,47098.0
2026-01-09,V021,Yaoundé,Marché Mokolo,Second-Hand Clothing (Friperie),Friday,January,1,0,0,0,0,0,26,1766.0,45915.0
2026-01-10,V021,Yaoundé,Marché Mokolo,Second-Hand Clothing (Friperie),Saturday,January,1,1,0,0,0,0,28,1911.0,53500.0
2026-01-11,V021,Yaoundé,Marché Mokolo,Second-Hand Clothing (Friperie),Sunday,January,1,1,0,0,0,0,33,1626.0,53667.0
2026-01-12,V021,Yaoundé,Marché Mokolo,Second-Hand Clothing (Friperie),Monday,January,1,0,0,0,0,0,23,1749.0,40225.0
2026-01-13,V021,Yaoundé,Marché Mokolo,Second-Hand Clothing (Friperie),Tuesday,January,1,0,0,0,0,0,21,1987.0,41723.0
2026-01-14,V021,Yaoundé,Marché Mokolo,Second-Hand Clothing (Friperie),Wednesday,January,1,0,0,0,0,0,22,1824.0,40135.0
2026-01-15,V021,Yaoundé,Marché Mokolo,Second-Hand Clothing (Friperie),Thursday,January,1,0,0,0,0,0,24,1838.0,44101.0
2026-01-16,V021,Yaoundé,Marché Mokolo,Second-Hand Clothing (Friperie),Friday,January,1,0,0,0,0,0,29,1878.0,54468.0
2026-01-17,V021,Yaoundé,Marché Mokolo,Second-Hand Clothing (Friperie),Saturday,January,1,1,0,0,1,0,38,1959.0,74451.0
2026-01-18,V021,Yaoundé,Marché Mokolo,Second-Hand Clothing (Friperie),Sunday,January,1,1,0,0,0,0,28,1637.0,45841.0
2026-01-19,V021,Yaoundé,Marché Mokolo,Second-Hand Clothing (Friperie),Monday,January,1,0,0,0,0,0,21,1819.0,38202.0
2026-01-20,V021,Yaoundé,Marché Mokolo,Second-Hand Clothing (Friperie),Tuesday,January,1,0,0,0,0,0,26,2052.0,53347.0
2026-01-21,V021,Yaoundé,Marché Mokolo,Second-Hand Clothing (Friperie),Wednesday,January,1,0,0,0,0,0,21,1533.0,32193.0
2026-01-22,V021,Yaoundé,Marché Mokolo,Second-Hand Clothing (Friperie),Thursday,January,1,0,0,0,0,0,22,1908.0,41967.0
2026-01-23,V021,Yaoundé,Marché Mokolo,Second-Hand Clothing (Friperie),Friday,January,1,0,0,0,0,0,23,1782.0,40994.0
2026-01-24,V021,Yaoundé,Marché Mokolo,Second-Hand Clothing (Friperie),Saturday,January,1,1,0,0,0,0,36,1913.0,68860.0
2026-01-25,V021,Yaoundé,Marché Mokolo,Second-Hand Clothing (Friperie),Sunday,January,1,1,0,0,0,0,25,1894.0,47347.0
2026-01-26,V021,Yaoundé,Marché Mokolo,Second-Hand Clothing (Friperie),Monday,January,1,0,0,0,0,0,18,2098.0,37772.0
2026-01-27,V021,Yaoundé,Marché Mokolo,Second-Hand Clothing (Friperie),Tuesday,January,1,0,0,0,0,0,28,1697.0,47506.0
2026-01-28,V021,Yaoundé,Marché Mokolo,Second-Hand Clothing (Friperie),Wednesday,January,1,0,0,0,0,0,20,1841.0,36821.0
2026-01-29,V021,Yaoundé,Marché Mokolo,Second-Hand Clothing (Friperie),Thursday,January,1,0,0,0,0,1,24,1946.0,46703.0
2026-01-30,V021,Yaoundé,Marché Mokolo,Second-Hand Clothing (Friperie),Friday,January,1,0,0,0,0,1,29,1863.0,54013.0
2026-01-31,V021,Yaoundé,Marché Mokolo,Second-Hand Clothing (Friperie),Saturday,January,1,1,0,0,0,1,55,1745.0,95981.0
2026-02-01,V021,Yaoundé,Marché Mokolo,Second-Hand Clothing (Friperie),Sunday,February,2,1,0,0,0,0,32,1795.0,57455.0
2026-02-02,V021,Yaoundé,Marché Mokolo,Second-Hand Clothing (Friperie),Monday,February,2,0,0,0,0,0,16,1844.0,29500.0
2026-02-03,V021,Yaoundé,Marché Mokolo,Second-Hand Clothing (Friperie),Tuesday,February,2,0,0,0,0,0,22,2053.0,45160.0
2026-02-04,V021,Yaoundé,Marché Mokolo,Second-Hand Clothing (Friperie),Wednesday,February,2,0,0,0,0,0,29,1520.0,44081.0
2026-02-05,V021,Yaoundé,Marché Mokolo,Second-Hand Clothing (Friperie),Thursday,February,2,0,0,0,0,0,30,1680.0,50387.0
2026-02-06,V021,Yaoundé,Marché Mokolo,Second-Hand Clothing (Friperie),Friday,February,2,0,0,0,0,0,31,1707.0,52909.0
2026-02-07,V021,Yaoundé,Marché Mokolo,Second-Hand Clothing (Friperie),Saturday,February,2,1,0,0,1,0,37,1750.0,64740.0
2026-02-08,V021,Yaoundé,Marché Mokolo,Second-Hand Clothing (Friperie),Sunday,February,2,1,0,0,0,0,30,1821.0,54628.0
2026-02-09,V021,Yaoundé,Marché Mokolo,Second-Hand Clothing (Friperie),Monday,February,2,0,0,0,0,0,24,1905.0,45713.0
2026-02-10,V021,Yaoundé,Marché Mokolo,Second-Hand Clothing (Friperie),Tuesday,February,2,0,0,0,0,0,20,1833.0,36666.0
2026-02-11,V021,Yaoundé,Marché Mokolo,Second-Hand Clothing (Friperie),Wednesday,February,2,0,1,0,0,0,23,1775.0,40824.0
2026-02-12,V021,Yaoundé,Marché Mokolo,Second-Hand Clothing (Friperie),Thursday,February,2,0,0,0,0,0,19,1608.0,30545.0
2026-02-13,V021,Yaoundé,Marché Mokolo,Second-Hand Clothing (Friperie),Friday,February,2,0,0,0,0,0,27,1900.0,51299.0
2026-02-14,V021,Yaoundé,Marché Mokolo,Second-Hand Clothing (Friperie),Saturday,February,2,1,0,0,0,0,29,1853.0,53725.0
2026-02-15,V021,Yaoundé,Marché Mokolo,Second-Hand Clothing (Friperie),Sunday,February,2,1,0,0,0,0,31,1773.0,54962.0
2026-02-16,V021,Yaoundé,Marché Mokolo,Second-Hand Clothing (Friperie),Monday,February,2,0,0,0,0,0,15,2118.0,31770.0
2026-02-17,V021,Yaoundé,Marché Mokolo,Second-Hand Clothing (Friperie),Tuesday,February,2,0,0,0,0,0,22,1940.0,42681.0
2026-02-18,V021,Yaoundé,Marché Mokolo,Second-Hand Clothing (Friperie),Wednesday,February,2,0,0,0,0,0,22,1806.0,39735.0
2026-02-19,V021,Yaoundé,Marché Mokolo,Second-Hand Clothing (Friperie),Thursday,February,2,0,0,0,0,0,26,1693.0,44026.0
2026-02-20,V021,Yaoundé,Marché Mokolo,Second-Hand Clothing (Friperie),Friday,February,2,0,0,0,0,0,18,2251.0,40526.0
2026-02-21,V021,Yaoundé,Marché Mokolo,Second-Hand Clothing (Friperie),Saturday,February,2,1,0,0,1,0,40,1663.0,66516.0
2026-02-22,V021,Yaoundé,Marché Mokolo,Second-Hand Clothing (Friperie),Sunday,February,2,1,0,0,0,0,42,1664.0,69878.0
2026-02-23,V021,Yaoundé,Marché Mokolo,Second-Hand Clothing (Friperie),Monday,February,2,0,0,0,0,0,15,2323.0,34840.0
2026-02-24,V021,Yaoundé,Marché Mokolo,Second-Hand Clothing (Friperie),Tuesday,February,2,0,0,0,0,0,12,2073.0,24873.0
2026-02-25,V021,Yaoundé,Marché Mokolo,Second-Hand Clothing (Friperie),Wednesday,February,2,0,0,0,0,0,23,1649.0,37932.0
2026-02-26,V021,Yaoundé,Marché Mokolo,Second-Hand Clothing (Friperie),Thursday,February,2,0,0,0,0,1,31,1805.0,55956.0
2026-02-27,V021,Yaoundé,Marché Mokolo,Second-Hand Clothing (Friperie),Friday,February,2,0,0,0,0,1,25,1994.0,49842.0
2026-02-28,V021,Yaoundé,Marché Mokolo,Second-Hand Clothing (Friperie),Saturday,February,2,1,0,0,0,1,43,1748.0,75157.0
2026-03-01,V021,Yaoundé,Marché Mokolo,Second-Hand Clothing (Friperie),Sunday,March,3,1,0,0,0,0,26,2004.0,52107.0
2026-03-02,V021,Yaoundé,Marché Mokolo,Second-Hand Clothing (Friperie),Monday,March,3,0,0,0,0,0,23,1763.0,40554.0
2026-03-03,V021,Yaoundé,Marché Mokolo,Second-Hand Clothing (Friperie),Tuesday,March,3,0,0,0,0,0,15,2085.0,31274.0
2026-03-04,V021,Yaoundé,Marché Mokolo,Second-Hand Clothing (Friperie),Wednesday,March,3,0,0,0,0,0,24,1854.0,44495.0
2026-03-05,V021,Yaoundé,Marché Mokolo,Second-Hand Clothing (Friperie),Thursday,March,3,0,0,0,0,0,31,1787.0,55404.0
2026-03-06,V021,Yaoundé,Marché Mokolo,Second-Hand Clothing (Friperie),Friday,March,3,0,0,0,0,0,25,1864.0,46604.0
2026-03-07,V021,Yaoundé,Marché Mokolo,Second-Hand Clothing (Friperie),Saturday,March,3,1,0,0,1,0,39,1911.0,74515.0
2026-03-08,V021,Yaoundé,Marché Mokolo,Second-Hand Clothing (Friperie),Sunday,March,3,1,1,0,0,0,30,1717.0,51503.0
2026-03-09,V021,Yaoundé,Marché Mokolo,Second-Hand Clothing (Friperie),Monday,March,3,0,0,0,0,0,24,1750.0,41999.0
2026-03-10,V021,Yaoundé,Marché Mokolo,Second-Hand Clothing (Friperie),Tuesday,March,3,0,0,0,0,0,26,1916.0,49813.0
2026-03-11,V021,Yaoundé,Marché Mokolo,Second-Hand Clothing (Friperie),Wednesday,March,3,0,0,0,0,0,27,1968.0,53134.0
2026-03-12,V021,Yaoundé,Marché Mokolo,Second-Hand Clothing (Friperie),Thursday,March,3,0,0,0,0,0,15,2312.0,34686.0
2026-03-13,V021,Yaoundé,Marché Mokolo,Second-Hand Clothing (Friperie),Friday,March,3,0,0,0,0,0,25,1878.0,46948.0
2026-03-14,V021,Yaoundé,Marché Mokolo,Second-Hand Clothing (Friperie),Saturday,March,3,1,0,0,0,0,38,1806.0,68631.0
2026-03-15,V021,Yaoundé,Marché Mokolo,Second-Hand Clothing (Friperie),Sunday,March,3,1,0,0,0,0,20,1959.0,39174.0
2026-03-16,V021,Yaoundé,Marché Mokolo,Second-Hand Clothing (Friperie),Monday,March,3,0,0,0,0,0,15,2249.0,33739.0
2026-03-17,V021,Yaoundé,Marché Mokolo,Second-Hand Clothing (Friperie),Tuesday,March,3,0,0,0,0,0,16,1986.0,31783.0
2026-03-18,V021,Yaoundé,Marché Mokolo,Second-Hand Clothing (Friperie),Wednesday,March,3,0,0,0,0,0,28,1817.0,50882.0
2026-03-19,V021,Yaoundé,Marché Mokolo,Second-Hand Clothing (Friperie),Thursday,March,3,0,0,0,0,0,23,2039.0,46890.0
2026-03-20,V021,Yaoundé,Marché Mokolo,Second-Hand Clothing (Friperie),Friday,March,3,0,0,0,0,0,37,1705.0,63069.0
2026-03-21,V021,Yaoundé,Marché Mokolo,Second-Hand Clothing (Friperie),Saturday,March,3,1,0,0,1,0,27,1904.0,51413.0
2026-03-22,V021,Yaoundé,Marché Mokolo,Second-Hand Clothing (Friperie),Sunday,March,3,1,0,0,0,0,30,1770.0,53090.0
2026-03-23,V021,Yaoundé,Marché Mokolo,Second-Hand Clothing (Friperie),Monday,March,3,0,0,0,0,0,17,1878.0,31925.0
2026-03-24,V021,Yaoundé,Marché Mokolo,Second-Hand Clothing (Friperie),Tuesday,March,3,0,0,0,0,0,19,1792.0,34055.0
2026-03-25,V021,Yaoundé,Marché Mokolo,Second-Hand Clothing (Friperie),Wednesday,March,3,0,0,0,0,0,25,1950.0,48761.0
2026-03-26,V021,Yaoundé,Marché Mokolo,Second-Hand Clothing (Friperie),Thursday,March,3,0,0,0,0,0,26,1917.0,49837.0
2026-03-27,V021,Yaoundé,Marché Mokolo,Second-Hand Clothing (Friperie),Friday,March,3,0,0,0,0,0,25,1747.0,43672.0
2026-03-28,V021,Yaoundé,Marché Mokolo,Second-Hand Clothing (Friperie),Saturday,March,3,1,0,0,0,0,42,1755.0,73701.0
2026-03-29,V021,Yaoundé,Marché Mokolo,Second-Hand Clothing (Friperie),Sunday,March,3,1,0,0,0,1,23,1916.0,44065.0
2026-03-30,V021,Yaoundé,Marché Mokolo,Second-Hand Clothing (Friperie),Monday,March,3,0,0,0,0,1,26,1850.0,48106.0
2026-03-31,V021,Yaoundé,Marché Mokolo,Second-Hand Clothing (Friperie),Tuesday,March,3,0,0,0,0,1,20,1797.0,35946.0
2025-09-01,V022,Yaoundé,Marché Essos,Charcoal & Firewood,Monday,September,9,0,0,1,0,0,9,2586.0,23276.0
2025-09-02,V022,Yaoundé,Marché Essos,Charcoal & Firewood,Tuesday,September,9,0,0,1,0,0,12,1855.0,22260.0
2025-09-03,V022,Yaoundé,Marché Essos,Charcoal & Firewood,Wednesday,September,9,0,0,1,0,0,8,1868.0,14942.0
2025-09-04,V022,Yaoundé,Marché Essos,Charcoal & Firewood,Thursday,September,9,0,0,1,0,0,7,2010.0,14070.0
2025-09-05,V022,Yaoundé,Marché Essos,Charcoal & Firewood,Friday,September,9,0,0,1,0,0,12,1717.0,20602.0
2025-09-06,V022,Yaoundé,Marché Essos,Charcoal & Firewood,Saturday,September,9,1,0,1,1,0,19,1951.0,37065.0
2025-09-07,V022,Yaoundé,Marché Essos,Charcoal & Firewood,Sunday,September,9,1,0,1,0,0,9,2099.0,18888.0
2025-09-08,V022,Yaoundé,Marché Essos,Charcoal & Firewood,Monday,September,9,0,0,1,0,0,13,1254.0,16302.0
2025-09-09,V022,Yaoundé,Marché Essos,Charcoal & Firewood,Tuesday,September,9,0,0,1,0,0,11,1629.0,17923.0
2025-09-10,V022,Yaoundé,Marché Essos,Charcoal & Firewood,Wednesday,September,9,0,0,1,0,0,7,1956.0,13692.0
2025-09-11,V022,Yaoundé,Marché Essos,Charcoal & Firewood,Thursday,September,9,0,0,1,0,0,12,1675.0,20096.0
2025-09-12,V022,Yaoundé,Marché Essos,Charcoal & Firewood,Friday,September,9,0,0,1,0,0,14,1813.0,25379.0
2025-09-13,V022,Yaoundé,Marché Essos,Charcoal & Firewood,Saturday,September,9,1,0,1,0,0,11,2173.0,23899.0
2025-09-14,V022,Yaoundé,Marché Essos,Charcoal & Firewood,Sunday,September,9,1,0,1,0,0,9,1788.0,16094.0
2025-09-15,V022,Yaoundé,Marché Essos,Charcoal & Firewood,Monday,September,9,0,0,1,0,0,5,2201.0,11006.0
2025-09-16,V022,Yaoundé,Marché Essos,Charcoal & Firewood,Tuesday,September,9,0,0,1,0,0,10,1787.0,17867.0
2025-09-17,V022,Yaoundé,Marché Essos,Charcoal & Firewood,Wednesday,September,9,0,0,1,0,0,14,1204.0,16850.0
2025-09-18,V022,Yaoundé,Marché Essos,Charcoal & Firewood,Thursday,September,9,0,0,1,0,0,9,1779.0,16012.0
2025-09-19,V022,Yaoundé,Marché Essos,Charcoal & Firewood,Friday,September,9,0,0,1,0,0,11,1646.0,18108.0
2025-09-20,V022,Yaoundé,Marché Essos,Charcoal & Firewood,Saturday,September,9,1,0,1,1,0,20,1779.0,35583.0
2025-09-21,V022,Yaoundé,Marché Essos,Charcoal & Firewood,Sunday,September,9,1,0,1,0,0,11,1693.0,18623.0
2025-09-22,V022,Yaoundé,Marché Essos,Charcoal & Firewood,Monday,September,9,0,0,1,0,0,6,2593.0,15558.0
2025-09-23,V022,Yaoundé,Marché Essos,Charcoal & Firewood,Tuesday,September,9,0,0,1,0,0,13,1717.0,22318.0
2025-09-24,V022,Yaoundé,Marché Essos,Charcoal & Firewood,Wednesday,September,9,0,0,1,0,0,11,1829.0,20117.0
2025-09-25,V022,Yaoundé,Marché Essos,Charcoal & Firewood,Thursday,September,9,0,0,1,0,0,10,2150.0,21499.0
2025-09-26,V022,Yaoundé,Marché Essos,Charcoal & Firewood,Friday,September,9,0,0,1,0,0,9,2400.0,21598.0
2025-09-27,V022,Yaoundé,Marché Essos,Charcoal & Firewood,Saturday,September,9,1,0,1,0,0,12,1911.0,22934.0
2025-09-28,V022,Yaoundé,Marché Essos,Charcoal & Firewood,Sunday,September,9,1,0,1,0,1,17,1479.0,25137.0
2025-09-29,V022,Yaoundé,Marché Essos,Charcoal & Firewood,Monday,September,9,0,0,1,0,1,7,2863.0,20038.0
2025-09-30,V022,Yaoundé,Marché Essos,Charcoal & Firewood,Tuesday,September,9,0,0,1,0,1,6,2287.0,13723.0
2025-10-01,V022,Yaoundé,Marché Essos,Charcoal & Firewood,Wednesday,October,10,0,0,1,0,0,8,2170.0,17356.0
2025-10-02,V022,Yaoundé,Marché Essos,Charcoal & Firewood,Thursday,October,10,0,0,1,0,0,11,1924.0,21162.0
2025-10-03,V022,Yaoundé,Marché Essos,Charcoal & Firewood,Friday,October,10,0,0,1,0,0,18,1874.0,33724.0
2025-10-04,V022,Yaoundé,Marché Essos,Charcoal & Firewood,Saturday,October,10,1,0,1,1,0,16,1875.0,29995.0
2025-10-05,V022,Yaoundé,Marché Essos,Charcoal & Firewood,Sunday,October,10,1,0,1,0,0,12,1689.0,20271.0
2025-10-06,V022,Yaoundé,Marché Essos,Charcoal & Firewood,Monday,October,10,0,0,1,0,0,11,2081.0,22886.0
2025-10-07,V022,Yaoundé,Marché Essos,Charcoal & Firewood,Tuesday,October,10,0,0,1,0,0,7,1631.0,11419.0
2025-10-08,V022,Yaoundé,Marché Essos,Charcoal & Firewood,Wednesday,October,10,0,0,1,0,0,4,4326.0,17305.0
2025-10-09,V022,Yaoundé,Marché Essos,Charcoal & Firewood,Thursday,October,10,0,0,1,0,0,7,1958.0,13708.0
2025-10-10,V022,Yaoundé,Marché Essos,Charcoal & Firewood,Friday,October,10,0,0,1,0,0,10,2004.0,20037.0
2025-10-11,V022,Yaoundé,Marché Essos,Charcoal & Firewood,Saturday,October,10,1,0,1,0,0,10,2335.0,23355.0
2025-10-12,V022,Yaoundé,Marché Essos,Charcoal & Firewood,Sunday,October,10,1,0,1,0,0,12,2233.0,26797.0
2025-10-13,V022,Yaoundé,Marché Essos,Charcoal & Firewood,Monday,October,10,0,0,1,0,0,6,2203.0,13218.0
2025-10-14,V022,Yaoundé,Marché Essos,Charcoal & Firewood,Tuesday,October,10,0,0,1,0,0,11,1452.0,15970.0
2025-10-15,V022,Yaoundé,Marché Essos,Charcoal & Firewood,Wednesday,October,10,0,0,1,0,0,7,2504.0,17526.0
2025-10-16,V022,Yaoundé,Marché Essos,Charcoal & Firewood,Thursday,October,10,0,0,1,0,0,7,2419.0,16932.0
2025-10-17,V022,Yaoundé,Marché Essos,Charcoal & Firewood,Friday,October,10,0,0,1,0,0,13,1889.0,24552.0
2025-10-18,V022,Yaoundé,Marché Essos,Charcoal & Firewood,Saturday,October,10,1,0,1,1,0,14,1984.0,27782.0
2025-10-19,V022,Yaoundé,Marché Essos,Charcoal & Firewood,Sunday,October,10,1,0,1,0,0,15,1340.0,20102.0
2025-10-20,V022,Yaoundé,Marché Essos,Charcoal & Firewood,Monday,October,10,0,0,1,0,0,8,1918.0,15347.0
2025-10-21,V022,Yaoundé,Marché Essos,Charcoal & Firewood,Tuesday,October,10,0,0,1,0,0,5,3835.0,19176.0
2025-10-22,V022,Yaoundé,Marché Essos,Charcoal & Firewood,Wednesday,October,10,0,0,1,0,0,7,2143.0,15001.0
2025-10-23,V022,Yaoundé,Marché Essos,Charcoal & Firewood,Thursday,October,10,0,0,1,0,0,15,1594.0,23916.0
2025-10-24,V022,Yaoundé,Marché Essos,Charcoal & Firewood,Friday,October,10,0,0,1,0,0,11,1886.0,20750.0
2025-10-25,V022,Yaoundé,Marché Essos,Charcoal & Firewood,Saturday,October,10,1,0,1,0,0,20,2056.0,41113.0
2025-10-26,V022,Yaoundé,Marché Essos,Charcoal & Firewood,Sunday,October,10,1,0,1,0,0,10,1728.0,17280.0
2025-10-27,V022,Yaoundé,Marché Essos,Charcoal & Firewood,Monday,October,10,0,0,1,0,0,12,1442.0,17302.0
2025-10-28,V022,Yaoundé,Marché Essos,Charcoal & Firewood,Tuesday,October,10,0,0,1,0,0,5,2769.0,13845.0
2025-10-29,V022,Yaoundé,Marché Essos,Charcoal & Firewood,Wednesday,October,10,0,0,1,0,1,15,1555.0,23320.0
2025-10-30,V022,Yaoundé,Marché Essos,Charcoal & Firewood,Thursday,October,10,0,0,1,0,1,9,2102.0,18919.0
2025-10-31,V022,Yaoundé,Marché Essos,Charcoal & Firewood,Friday,October,10,0,0,1,0,1,23,1518.0,34925.0
2025-11-01,V022,Yaoundé,Marché Essos,Charcoal & Firewood,Saturday,November,11,1,0,0,1,0,21,1779.0,37350.0
2025-11-02,V022,Yaoundé,Marché Essos,Charcoal & Firewood,Sunday,November,11,1,0,0,0,0,14,1632.0,22843.0
2025-11-03,V022,Yaoundé,Marché Essos,Charcoal & Firewood,Monday,November,11,0,0,0,0,0,5,2135.0,10676.0
2025-11-04,V022,Yaoundé,Marché Essos,Charcoal & Firewood,Tuesday,November,11,0,0,0,0,0,9,1746.0,15717.0
2025-11-05,V022,Yaoundé,Marché Essos,Charcoal & Firewood,Wednesday,November,11,0,0,0,0,0,12,1832.0,21986.0
2025-11-06,V022,Yaoundé,Marché Essos,Charcoal & Firewood,Thursday,November,11,0,0,0,0,0,7,2560.0,17922.0
2025-11-07,V022,Yaoundé,Marché Essos,Charcoal & Firewood,Friday,November,11,0,0,0,0,0,14,1637.0,22918.0
2025-11-08,V022,Yaoundé,Marché Essos,Charcoal & Firewood,Saturday,November,11,1,0,0,0,0,9,2739.0,24655.0
2025-11-09,V022,Yaoundé,Marché Essos,Charcoal & Firewood,Sunday,November,11,1,0,0,0,0,19,1768.0,33596.0
2025-11-10,V022,Yaoundé,Marché Essos,Charcoal & Firewood,Monday,November,11,0,0,0,0,0,11,1448.0,15925.0
2025-11-11,V022,Yaoundé,Marché Essos,Charcoal & Firewood,Tuesday,November,11,0,0,0,0,0,12,1489.0,17873.0
2025-11-12,V022,Yaoundé,Marché Essos,Charcoal & Firewood,Wednesday,November,11,0,0,0,0,0,10,2260.0,22603.0
2025-11-13,V022,Yaoundé,Marché Essos,Charcoal & Firewood,Thursday,November,11,0,0,0,0,0,14,1484.0,20774.0
2025-11-14,V022,Yaoundé,Marché Essos,Charcoal & Firewood,Friday,November,11,0,0,0,0,0,8,2441.0,19527.0
2025-11-15,V022,Yaoundé,Marché Essos,Charcoal & Firewood,Saturday,November,11,1,0,0,1,0,18,1623.0,29218.0
2025-11-16,V022,Yaoundé,Marché Essos,Charcoal & Firewood,Sunday,November,11,1,0,0,0,0,9,2609.0,23482.0
2025-11-17,V022,Yaoundé,Marché Essos,Charcoal & Firewood,Monday,November,11,0,0,0,0,0,9,1958.0,17622.0
2025-11-18,V022,Yaoundé,Marché Essos,Charcoal & Firewood,Tuesday,November,11,0,0,0,0,0,7,2439.0,17075.0
2025-11-19,V022,Yaoundé,Marché Essos,Charcoal & Firewood,Wednesday,November,11,0,0,0,0,0,12,1602.0,19229.0
2025-11-20,V022,Yaoundé,Marché Essos,Charcoal & Firewood,Thursday,November,11,0,0,0,0,0,6,2839.0,17036.0
2025-11-21,V022,Yaoundé,Marché Essos,Charcoal & Firewood,Friday,November,11,0,0,0,0,0,13,1702.0,22132.0
2025-11-22,V022,Yaoundé,Marché Essos,Charcoal & Firewood,Saturday,November,11,1,0,0,0,0,11,2417.0,26591.0
2025-11-23,V022,Yaoundé,Marché Essos,Charcoal & Firewood,Sunday,November,11,1,0,0,0,0,17,1506.0,25596.0
2025-11-24,V022,Yaoundé,Marché Essos,Charcoal & Firewood,Monday,November,11,0,0,0,0,0,6,2772.0,16633.0
2025-11-25,V022,Yaoundé,Marché Essos,Charcoal & Firewood,Tuesday,November,11,0,0,0,0,0,9,1828.0,16455.0
2025-11-26,V022,Yaoundé,Marché Essos,Charcoal & Firewood,Wednesday,November,11,0,0,0,0,0,9,1735.0,15611.0
2025-11-27,V022,Yaoundé,Marché Essos,Charcoal & Firewood,Thursday,November,11,0,0,0,0,0,9,1805.0,16241.0
2025-11-28,V022,Yaoundé,Marché Essos,Charcoal & Firewood,Friday,November,11,0,0,0,0,1,15,1720.0,25796.0
2025-11-29,V022,Yaoundé,Marché Essos,Charcoal & Firewood,Saturday,November,11,1,0,0,0,1,17,1935.0,32903.0
2025-11-30,V022,Yaoundé,Marché Essos,Charcoal & Firewood,Sunday,November,11,1,0,0,0,1,12,1850.0,22205.0
2025-12-01,V022,Yaoundé,Marché Essos,Charcoal & Firewood,Monday,December,12,0,0,0,0,0,7,2259.0,15815.0
2025-12-02,V022,Yaoundé,Marché Essos,Charcoal & Firewood,Tuesday,December,12,0,0,0,0,0,10,1793.0,17931.0
2025-12-03,V022,Yaoundé,Marché Essos,Charcoal & Firewood,Wednesday,December,12,0,0,0,0,0,11,1545.0,16993.0
2025-12-04,V022,Yaoundé,Marché Essos,Charcoal & Firewood,Thursday,December,12,0,0,0,0,0,8,2507.0,20054.0
2025-12-05,V022,Yaoundé,Marché Essos,Charcoal & Firewood,Friday,December,12,0,0,0,0,0,18,1652.0,29734.0
2025-12-06,V022,Yaoundé,Marché Essos,Charcoal & Firewood,Saturday,December,12,1,0,0,1,0,23,1762.0,40537.0
2025-12-07,V022,Yaoundé,Marché Essos,Charcoal & Firewood,Sunday,December,12,1,0,0,0,0,10,1465.0,14647.0
2025-12-08,V022,Yaoundé,Marché Essos,Charcoal & Firewood,Monday,December,12,0,0,0,0,0,10,1676.0,16756.0
2025-12-09,V022,Yaoundé,Marché Essos,Charcoal & Firewood,Tuesday,December,12,0,0,0,0,0,14,1372.0,19203.0
2025-12-10,V022,Yaoundé,Marché Essos,Charcoal & Firewood,Wednesday,December,12,0,0,0,0,0,8,2046.0,16370.0
2025-12-11,V022,Yaoundé,Marché Essos,Charcoal & Firewood,Thursday,December,12,0,0,0,0,0,6,2735.0,16407.0
2025-12-12,V022,Yaoundé,Marché Essos,Charcoal & Firewood,Friday,December,12,0,0,0,0,0,7,2763.0,19342.0
2025-12-13,V022,Yaoundé,Marché Essos,Charcoal & Firewood,Saturday,December,12,1,0,0,0,0,21,1475.0,30975.0
2025-12-14,V022,Yaoundé,Marché Essos,Charcoal & Firewood,Sunday,December,12,1,0,0,0,0,16,2017.0,32276.0
2025-12-15,V022,Yaoundé,Marché Essos,Charcoal & Firewood,Monday,December,12,0,0,0,0,0,11,1435.0,15781.0
2025-12-16,V022,Yaoundé,Marché Essos,Charcoal & Firewood,Tuesday,December,12,0,0,0,0,0,10,1883.0,18833.0
2025-12-17,V022,Yaoundé,Marché Essos,Charcoal & Firewood,Wednesday,December,12,0,0,0,0,0,11,1568.0,17245.0
2025-12-18,V022,Yaoundé,Marché Essos,Charcoal & Firewood,Thursday,December,12,0,0,0,0,0,9,1752.0,15764.0
2025-12-19,V022,Yaoundé,Marché Essos,Charcoal & Firewood,Friday,December,12,0,0,0,0,0,13,1913.0,24870.0
2025-12-20,V022,Yaoundé,Marché Essos,Charcoal & Firewood,Saturday,December,12,1,0,0,1,0,21,1857.0,39004.0
2025-12-21,V022,Yaoundé,Marché Essos,Charcoal & Firewood,Sunday,December,12,1,0,0,0,0,11,1842.0,20264.0
2025-12-22,V022,Yaoundé,Marché Essos,Charcoal & Firewood,Monday,December,12,0,0,0,0,0,8,1555.0,12444.0
2025-12-23,V022,Yaoundé,Marché Essos,Charcoal & Firewood,Tuesday,December,12,0,0,0,0,0,10,2037.0,20371.0
2025-12-24,V022,Yaoundé,Marché Essos,Charcoal & Firewood,Wednesday,December,12,0,0,0,0,0,7,2196.0,15375.0
2025-12-25,V022,Yaoundé,Marché Essos,Charcoal & Firewood,Thursday,December,12,0,1,0,0,0,13,1818.0,23634.0
2025-12-26,V022,Yaoundé,Marché Essos,Charcoal & Firewood,Friday,December,12,0,0,0,0,0,20,1563.0,31261.0
2025-12-27,V022,Yaoundé,Marché Essos,Charcoal & Firewood,Saturday,December,12,1,0,0,0,0,18,1851.0,33316.0
2025-12-28,V022,Yaoundé,Marché Essos,Charcoal & Firewood,Sunday,December,12,1,0,0,0,0,13,1452.0,18882.0
2025-12-29,V022,Yaoundé,Marché Essos,Charcoal & Firewood,Monday,December,12,0,0,0,0,1,10,1823.0,18229.0
2025-12-30,V022,Yaoundé,Marché Essos,Charcoal & Firewood,Tuesday,December,12,0,0,0,0,1,12,1869.0,22432.0
2025-12-31,V022,Yaoundé,Marché Essos,Charcoal & Firewood,Wednesday,December,12,0,0,0,0,1,15,1703.0,25552.0
2026-01-01,V022,Yaoundé,Marché Essos,Charcoal & Firewood,Thursday,January,1,0,1,0,0,0,16,1785.0,28560.0
2026-01-02,V022,Yaoundé,Marché Essos,Charcoal & Firewood,Friday,January,1,0,0,0,0,0,13,1786.0,23214.0
2026-01-03,V022,Yaoundé,Marché Essos,Charcoal & Firewood,Saturday,January,1,1,0,0,1,0,16,2092.0,33471.0
2026-01-04,V022,Yaoundé,Marché Essos,Charcoal & Firewood,Sunday,January,1,1,0,0,0,0,11,1694.0,18632.0
2026-01-05,V022,Yaoundé,Marché Essos,Charcoal & Firewood,Monday,January,1,0,0,0,0,0,6,2202.0,13212.0
2026-01-06,V022,Yaoundé,Marché Essos,Charcoal & Firewood,Tuesday,January,1,0,0,0,0,0,7,2060.0,14423.0
2026-01-07,V022,Yaoundé,Marché Essos,Charcoal & Firewood,Wednesday,January,1,0,0,0,0,0,8,2195.0,17563.0
2026-01-08,V022,Yaoundé,Marché Essos,Charcoal & Firewood,Thursday,January,1,0,0,0,0,0,7,2113.0,14788.0
2026-01-09,V022,Yaoundé,Marché Essos,Charcoal & Firewood,Friday,January,1,0,0,0,0,0,9,2185.0,19668.0
2026-01-10,V022,Yaoundé,Marché Essos,Charcoal & Firewood,Saturday,January,1,1,0,0,0,0,20,1639.0,32775.0
2026-01-11,V022,Yaoundé,Marché Essos,Charcoal & Firewood,Sunday,January,1,1,0,0,0,0,12,1468.0,17621.0
2026-01-12,V022,Yaoundé,Marché Essos,Charcoal & Firewood,Monday,January,1,0,0,0,0,0,7,2160.0,15120.0
2026-01-13,V022,Yaoundé,Marché Essos,Charcoal & Firewood,Tuesday,January,1,0,0,0,0,0,8,1855.0,14840.0
2026-01-14,V022,Yaoundé,Marché Essos,Charcoal & Firewood,Wednesday,January,1,0,0,0,0,0,11,2346.0,25801.0
2026-01-15,V022,Yaoundé,Marché Essos,Charcoal & Firewood,Thursday,January,1,0,0,0,0,0,7,1887.0,13206.0
2026-01-16,V022,Yaoundé,Marché Essos,Charcoal & Firewood,Friday,January,1,0,0,0,0,0,14,1850.0,25895.0
2026-01-17,V022,Yaoundé,Marché Essos,Charcoal & Firewood,Saturday,January,1,1,0,0,1,0,18,2093.0,37680.0
2026-01-18,V022,Yaoundé,Marché Essos,Charcoal & Firewood,Sunday,January,1,1,0,0,0,0,10,1882.0,18821.0
2026-01-19,V022,Yaoundé,Marché Essos,Charcoal & Firewood,Monday,January,1,0,0,0,0,0,13,1749.0,22743.0
2026-01-20,V022,Yaoundé,Marché Essos,Charcoal & Firewood,Tuesday,January,1,0,0,0,0,0,8,2429.0,19436.0
2026-01-21,V022,Yaoundé,Marché Essos,Charcoal & Firewood,Wednesday,January,1,0,0,0,0,0,8,2436.0,19488.0
2026-01-22,V022,Yaoundé,Marché Essos,Charcoal & Firewood,Thursday,January,1,0,0,0,0,0,12,2191.0,26288.0
2026-01-23,V022,Yaoundé,Marché Essos,Charcoal & Firewood,Friday,January,1,0,0,0,0,0,8,2531.0,20251.0
2026-01-24,V022,Yaoundé,Marché Essos,Charcoal & Firewood,Saturday,January,1,1,0,0,0,0,16,1821.0,29131.0
2026-01-25,V022,Yaoundé,Marché Essos,Charcoal & Firewood,Sunday,January,1,1,0,0,0,0,17,1723.0,29296.0
2026-01-26,V022,Yaoundé,Marché Essos,Charcoal & Firewood,Monday,January,1,0,0,0,0,0,9,1597.0,14375.0
2026-01-27,V022,Yaoundé,Marché Essos,Charcoal & Firewood,Tuesday,January,1,0,0,0,0,0,6,2322.0,13929.0
2026-01-28,V022,Yaoundé,Marché Essos,Charcoal & Firewood,Wednesday,January,1,0,0,0,0,0,7,2636.0,18450.0
2026-01-29,V022,Yaoundé,Marché Essos,Charcoal & Firewood,Thursday,January,1,0,0,0,0,1,19,1402.0,26637.0
2026-01-30,V022,Yaoundé,Marché Essos,Charcoal & Firewood,Friday,January,1,0,0,0,0,1,12,2124.0,25491.0
2026-01-31,V022,Yaoundé,Marché Essos,Charcoal & Firewood,Saturday,January,1,1,0,0,0,1,16,2014.0,32227.0
2026-02-01,V022,Yaoundé,Marché Essos,Charcoal & Firewood,Sunday,February,2,1,0,0,0,0,10,2339.0,23387.0
2026-02-02,V022,Yaoundé,Marché Essos,Charcoal & Firewood,Monday,February,2,0,0,0,0,0,13,1350.0,17551.0
2026-02-03,V022,Yaoundé,Marché Essos,Charcoal & Firewood,Tuesday,February,2,0,0,0,0,0,4,3038.0,12151.0
2026-02-04,V022,Yaoundé,Marché Essos,Charcoal & Firewood,Wednesday,February,2,0,0,0,0,0,10,1667.0,16670.0
2026-02-05,V022,Yaoundé,Marché Essos,Charcoal & Firewood,Thursday,February,2,0,0,0,0,0,14,1603.0,22447.0
2026-02-06,V022,Yaoundé,Marché Essos,Charcoal & Firewood,Friday,February,2,0,0,0,0,0,8,2155.0,17237.0
2026-02-07,V022,Yaoundé,Marché Essos,Charcoal & Firewood,Saturday,February,2,1,0,0,1,0,15,1919.0,28784.0
2026-02-08,V022,Yaoundé,Marché Essos,Charcoal & Firewood,Sunday,February,2,1,0,0,0,0,9,2487.0,22384.0
2026-02-09,V022,Yaoundé,Marché Essos,Charcoal & Firewood,Monday,February,2,0,0,0,0,0,9,1701.0,15313.0
2026-02-10,V022,Yaoundé,Marché Essos,Charcoal & Firewood,Tuesday,February,2,0,0,0,0,0,8,1945.0,15560.0
2026-02-11,V022,Yaoundé,Marché Essos,Charcoal & Firewood,Wednesday,February,2,0,1,0,0,0,21,1459.0,30641.0
2026-02-12,V022,Yaoundé,Marché Essos,Charcoal & Firewood,Thursday,February,2,0,0,0,0,0,7,1851.0,12960.0
2026-02-13,V022,Yaoundé,Marché Essos,Charcoal & Firewood,Friday,February,2,0,0,0,0,0,22,1796.0,39513.0
2026-02-14,V022,Yaoundé,Marché Essos,Charcoal & Firewood,Saturday,February,2,1,0,0,0,0,18,1599.0,28780.0
2026-02-15,V022,Yaoundé,Marché Essos,Charcoal & Firewood,Sunday,February,2,1,0,0,0,0,14,1657.0,23204.0
2026-02-16,V022,Yaoundé,Marché Essos,Charcoal & Firewood,Monday,February,2,0,0,0,0,0,9,1773.0,15958.0
2026-02-17,V022,Yaoundé,Marché Essos,Charcoal & Firewood,Tuesday,February,2,0,0,0,0,0,12,1568.0,18814.0
2026-02-18,V022,Yaoundé,Marché Essos,Charcoal & Firewood,Wednesday,February,2,0,0,0,0,0,8,2089.0,16710.0
2026-02-19,V022,Yaoundé,Marché Essos,Charcoal & Firewood,Thursday,February,2,0,0,0,0,0,6,2253.0,13517.0
2026-02-20,V022,Yaoundé,Marché Essos,Charcoal & Firewood,Friday,February,2,0,0,0,0,0,16,1734.0,27747.0
2026-02-21,V022,Yaoundé,Marché Essos,Charcoal & Firewood,Saturday,February,2,1,0,0,1,0,11,2572.0,28289.0
2026-02-22,V022,Yaoundé,Marché Essos,Charcoal & Firewood,Sunday,February,2,1,0,0,0,0,13,1673.0,21746.0
2026-02-23,V022,Yaoundé,Marché Essos,Charcoal & Firewood,Monday,February,2,0,0,0,0,0,5,3041.0,15205.0
2026-02-24,V022,Yaoundé,Marché Essos,Charcoal & Firewood,Tuesday,February,2,0,0,0,0,0,9,1741.0,15669.0
2026-02-25,V022,Yaoundé,Marché Essos,Charcoal & Firewood,Wednesday,February,2,0,0,0,0,0,12,1882.0,22587.0
2026-02-26,V022,Yaoundé,Marché Essos,Charcoal & Firewood,Thursday,February,2,0,0,0,0,1,16,1662.0,26590.0
2026-02-27,V022,Yaoundé,Marché Essos,Charcoal & Firewood,Friday,February,2,0,0,0,0,1,14,1553.0,21748.0
2026-02-28,V022,Yaoundé,Marché Essos,Charcoal & Firewood,Saturday,February,2,1,0,0,0,1,16,2174.0,34787.0
2026-03-01,V022,Yaoundé,Marché Essos,Charcoal & Firewood,Sunday,March,3,1,0,0,0,0,16,1914.0,30631.0
2026-03-02,V022,Yaoundé,Marché Essos,Charcoal & Firewood,Monday,March,3,0,0,0,0,0,5,2336.0,11681.0
2026-03-03,V022,Yaoundé,Marché Essos,Charcoal & Firewood,Tuesday,March,3,0,0,0,0,0,6,2446.0,14678.0
2026-03-04,V022,Yaoundé,Marché Essos,Charcoal & Firewood,Wednesday,March,3,0,0,0,0,0,8,2084.0,16670.0
2026-03-05,V022,Yaoundé,Marché Essos,Charcoal & Firewood,Thursday,March,3,0,0,0,0,0,9,2015.0,18134.0
2026-03-06,V022,Yaoundé,Marché Essos,Charcoal & Firewood,Friday,March,3,0,0,0,0,0,12,2165.0,25979.0
2026-03-07,V022,Yaoundé,Marché Essos,Charcoal & Firewood,Saturday,March,3,1,0,0,1,0,20,2093.0,41865.0
2026-03-08,V022,Yaoundé,Marché Essos,Charcoal & Firewood,Sunday,March,3,1,1,0,0,0,20,1558.0,31153.0
2026-03-09,V022,Yaoundé,Marché Essos,Charcoal & Firewood,Monday,March,3,0,0,0,0,0,9,1784.0,16053.0
2026-03-10,V022,Yaoundé,Marché Essos,Charcoal & Firewood,Tuesday,March,3,0,0,0,0,0,7,2091.0,14637.0
2026-03-11,V022,Yaoundé,Marché Essos,Charcoal & Firewood,Wednesday,March,3,0,0,0,0,0,14,1711.0,23949.0
2026-03-12,V022,Yaoundé,Marché Essos,Charcoal & Firewood,Thursday,March,3,0,0,0,0,0,7,2946.0,20620.0
2026-03-13,V022,Yaoundé,Marché Essos,Charcoal & Firewood,Friday,March,3,0,0,0,0,0,14,1467.0,20545.0
2026-03-14,V022,Yaoundé,Marché Essos,Charcoal & Firewood,Saturday,March,3,1,0,0,0,0,18,1716.0,30886.0
2026-03-15,V022,Yaoundé,Marché Essos,Charcoal & Firewood,Sunday,March,3,1,0,0,0,0,11,2091.0,23006.0
2026-03-16,V022,Yaoundé,Marché Essos,Charcoal & Firewood,Monday,March,3,0,0,0,0,0,6,2933.0,17596.0
2026-03-17,V022,Yaoundé,Marché Essos,Charcoal & Firewood,Tuesday,March,3,0,0,0,0,0,5,2610.0,13051.0
2026-03-18,V022,Yaoundé,Marché Essos,Charcoal & Firewood,Wednesday,March,3,0,0,0,0,0,7,2671.0,18696.0
2026-03-19,V022,Yaoundé,Marché Essos,Charcoal & Firewood,Thursday,March,3,0,0,0,0,0,8,2446.0,19566.0
2026-03-20,V022,Yaoundé,Marché Essos,Charcoal & Firewood,Friday,March,3,0,0,0,0,0,13,1540.0,20021.0
2026-03-21,V022,Yaoundé,Marché Essos,Charcoal & Firewood,Saturday,March,3,1,0,0,1,0,17,2004.0,34076.0
2026-03-22,V022,Yaoundé,Marché Essos,Charcoal & Firewood,Sunday,March,3,1,0,0,0,0,9,2564.0,23073.0
2026-03-23,V022,Yaoundé,Marché Essos,Charcoal & Firewood,Monday,March,3,0,0,0,0,0,12,1480.0,17754.0
2026-03-24,V022,Yaoundé,Marché Essos,Charcoal & Firewood,Tuesday,March,3,0,0,0,0,0,15,1308.0,19627.0
2026-03-25,V022,Yaoundé,Marché Essos,Charcoal & Firewood,Wednesday,March,3,0,0,0,0,0,7,1820.0,12741.0
2026-03-26,V022,Yaoundé,Marché Essos,Charcoal & Firewood,Thursday,March,3,0,0,0,0,0,7,2145.0,15015.0
2026-03-27,V022,Yaoundé,Marché Essos,Charcoal & Firewood,Friday,March,3,0,0,0,0,0,17,1375.0,23379.0
2026-03-28,V022,Yaoundé,Marché Essos,Charcoal & Firewood,Saturday,March,3,1,0,0,0,0,15,1892.0,28378.0
2026-03-29,V022,Yaoundé,Marché Essos,Charcoal & Firewood,Sunday,March,3,1,0,0,0,1,16,1922.0,30745.0
2026-03-30,V022,Yaoundé,Marché Essos,Charcoal & Firewood,Monday,March,3,0,0,0,0,1,16,1656.0,26501.0
2026-03-31,V022,Yaoundé,Marché Essos,Charcoal & Firewood,Tuesday,March,3,0,0,0,0,1,9,2584.0,23259.0
2025-09-01,V023,Yaoundé,Marché Essos,Plantain & Cassava,Monday,September,9,0,0,1,0,0,10,1813.0,18132.0
2025-09-02,V023,Yaoundé,Marché Essos,Plantain & Cassava,Tuesday,September,9,0,0,1,0,0,7,2439.0,17070.0
2025-09-03,V023,Yaoundé,Marché Essos,Plantain & Cassava,Wednesday,September,9,0,0,1,0,0,8,2403.0,19226.0
2025-09-04,V023,Yaoundé,Marché Essos,Plantain & Cassava,Thursday,September,9,0,0,1,0,0,14,1540.0,21566.0
2025-09-05,V023,Yaoundé,Marché Essos,Plantain & Cassava,Friday,September,9,0,0,1,0,0,15,1698.0,25463.0
2025-09-06,V023,Yaoundé,Marché Essos,Plantain & Cassava,Saturday,September,9,1,0,1,1,0,22,1924.0,42329.0
2025-09-07,V023,Yaoundé,Marché Essos,Plantain & Cassava,Sunday,September,9,1,0,1,0,0,13,2168.0,28181.0
2025-09-08,V023,Yaoundé,Marché Essos,Plantain & Cassava,Monday,September,9,0,0,1,0,0,9,2823.0,25405.0
2025-09-09,V023,Yaoundé,Marché Essos,Plantain & Cassava,Tuesday,September,9,0,0,1,0,0,4,4572.0,18289.0
2025-09-10,V023,Yaoundé,Marché Essos,Plantain & Cassava,Wednesday,September,9,0,0,1,0,0,12,1978.0,23730.0
2025-09-11,V023,Yaoundé,Marché Essos,Plantain & Cassava,Thursday,September,9,0,0,1,0,0,13,1616.0,21011.0
2025-09-12,V023,Yaoundé,Marché Essos,Plantain & Cassava,Friday,September,9,0,0,1,0,0,7,2627.0,18388.0
2025-09-13,V023,Yaoundé,Marché Essos,Plantain & Cassava,Saturday,September,9,1,0,1,0,0,16,2229.0,35665.0
2025-09-14,V023,Yaoundé,Marché Essos,Plantain & Cassava,Sunday,September,9,1,0,1,0,0,14,1761.0,24655.0
2025-09-15,V023,Yaoundé,Marché Essos,Plantain & Cassava,Monday,September,9,0,0,1,0,0,11,1640.0,18043.0
2025-09-16,V023,Yaoundé,Marché Essos,Plantain & Cassava,Tuesday,September,9,0,0,1,0,0,13,1207.0,15695.0
2025-09-17,V023,Yaoundé,Marché Essos,Plantain & Cassava,Wednesday,September,9,0,0,1,0,0,16,1677.0,26834.0
2025-09-18,V023,Yaoundé,Marché Essos,Plantain & Cassava,Thursday,September,9,0,0,1,0,0,10,2169.0,21690.0
2025-09-19,V023,Yaoundé,Marché Essos,Plantain & Cassava,Friday,September,9,0,0,1,0,0,9,2194.0,19743.0
2025-09-20,V023,Yaoundé,Marché Essos,Plantain & Cassava,Saturday,September,9,1,0,1,1,0,21,2065.0,43360.0
2025-09-21,V023,Yaoundé,Marché Essos,Plantain & Cassava,Sunday,September,9,1,0,1,0,0,11,2033.0,22366.0
2025-09-22,V023,Yaoundé,Marché Essos,Plantain & Cassava,Monday,September,9,0,0,1,0,0,7,2542.0,17793.0
2025-09-23,V023,Yaoundé,Marché Essos,Plantain & Cassava,Tuesday,September,9,0,0,1,0,0,6,3134.0,18803.0
2025-09-24,V023,Yaoundé,Marché Essos,Plantain & Cassava,Wednesday,September,9,0,0,1,0,0,10,2354.0,23544.0
2025-09-25,V023,Yaoundé,Marché Essos,Plantain & Cassava,Thursday,September,9,0,0,1,0,0,12,2017.0,24205.0
2025-09-26,V023,Yaoundé,Marché Essos,Plantain & Cassava,Friday,September,9,0,0,1,0,0,11,1905.0,20956.0
2025-09-27,V023,Yaoundé,Marché Essos,Plantain & Cassava,Saturday,September,9,1,0,1,0,0,20,1795.0,35901.0
2025-09-28,V023,Yaoundé,Marché Essos,Plantain & Cassava,Sunday,September,9,1,0,1,0,1,17,1967.0,33441.0
2025-09-29,V023,Yaoundé,Marché Essos,Plantain & Cassava,Monday,September,9,0,0,1,0,1,13,1819.0,23649.0
2025-09-30,V023,Yaoundé,Marché Essos,Plantain & Cassava,Tuesday,September,9,0,0,1,0,1,11,1653.0,18179.0
2025-10-01,V023,Yaoundé,Marché Essos,Plantain & Cassava,Wednesday,October,10,0,0,1,0,0,7,2764.0,19351.0
2025-10-02,V023,Yaoundé,Marché Essos,Plantain & Cassava,Thursday,October,10,0,0,1,0,0,11,1769.0,19463.0
2025-10-03,V023,Yaoundé,Marché Essos,Plantain & Cassava,Friday,October,10,0,0,1,0,0,16,1659.0,26546.0
2025-10-04,V023,Yaoundé,Marché Essos,Plantain & Cassava,Saturday,October,10,1,0,1,1,0,21,1774.0,37258.0
2025-10-05,V023,Yaoundé,Marché Essos,Plantain & Cassava,Sunday,October,10,1,0,1,0,0,15,1874.0,28112.0
2025-10-06,V023,Yaoundé,Marché Essos,Plantain & Cassava,Monday,October,10,0,0,1,0,0,12,1780.0,21363.0
2025-10-07,V023,Yaoundé,Marché Essos,Plantain & Cassava,Tuesday,October,10,0,0,1,0,0,13,1509.0,19613.0
2025-10-08,V023,Yaoundé,Marché Essos,Plantain & Cassava,Wednesday,October,10,0,0,1,0,0,8,2522.0,20178.0
2025-10-09,V023,Yaoundé,Marché Essos,Plantain & Cassava,Thursday,October,10,0,0,1,0,0,14,2033.0,28468.0
2025-10-10,V023,Yaoundé,Marché Essos,Plantain & Cassava,Friday,October,10,0,0,1,0,0,23,1412.0,32473.0
2025-10-11,V023,Yaoundé,Marché Essos,Plantain & Cassava,Saturday,October,10,1,0,1,0,0,14,2274.0,31834.0
2025-10-12,V023,Yaoundé,Marché Essos,Plantain & Cassava,Sunday,October,10,1,0,1,0,0,10,1773.0,17729.0
2025-10-13,V023,Yaoundé,Marché Essos,Plantain & Cassava,Monday,October,10,0,0,1,0,0,8,1977.0,15816.0
2025-10-14,V023,Yaoundé,Marché Essos,Plantain & Cassava,Tuesday,October,10,0,0,1,0,0,12,1331.0,15968.0
2025-10-15,V023,Yaoundé,Marché Essos,Plantain & Cassava,Wednesday,October,10,0,0,1,0,0,10,1846.0,18465.0
2025-10-16,V023,Yaoundé,Marché Essos,Plantain & Cassava,Thursday,October,10,0,0,1,0,0,13,1738.0,22592.0
2025-10-17,V023,Yaoundé,Marché Essos,Plantain & Cassava,Friday,October,10,0,0,1,0,0,11,2345.0,25794.0
2025-10-18,V023,Yaoundé,Marché Essos,Plantain & Cassava,Saturday,October,10,1,0,1,1,0,18,2016.0,36293.0
2025-10-19,V023,Yaoundé,Marché Essos,Plantain & Cassava,Sunday,October,10,1,0,1,0,0,15,1504.0,22553.0
2025-10-20,V023,Yaoundé,Marché Essos,Plantain & Cassava,Monday,October,10,0,0,1,0,0,8,2336.0,18687.0
2025-10-21,V023,Yaoundé,Marché Essos,Plantain & Cassava,Tuesday,October,10,0,0,1,0,0,10,2317.0,23169.0
2025-10-22,V023,Yaoundé,Marché Essos,Plantain & Cassava,Wednesday,October,10,0,0,1,0,0,12,1586.0,19032.0
2025-10-23,V023,Yaoundé,Marché Essos,Plantain & Cassava,Thursday,October,10,0,0,1,0,0,11,2430.0,26729.0
2025-10-24,V023,Yaoundé,Marché Essos,Plantain & Cassava,Friday,October,10,0,0,1,0,0,16,1287.0,20592.0
2025-10-25,V023,Yaoundé,Marché Essos,Plantain & Cassava,Saturday,October,10,1,0,1,0,0,14,2063.0,28880.0
2025-10-26,V023,Yaoundé,Marché Essos,Plantain & Cassava,Sunday,October,10,1,0,1,0,0,12,1992.0,23899.0
2025-10-27,V023,Yaoundé,Marché Essos,Plantain & Cassava,Monday,October,10,0,0,1,0,0,13,1832.0,23812.0
2025-10-28,V023,Yaoundé,Marché Essos,Plantain & Cassava,Tuesday,October,10,0,0,1,0,0,8,2750.0,21997.0
2025-10-29,V023,Yaoundé,Marché Essos,Plantain & Cassava,Wednesday,October,10,0,0,1,0,1,13,1604.0,20848.0
2025-10-30,V023,Yaoundé,Marché Essos,Plantain & Cassava,Thursday,October,10,0,0,1,0,1,8,2665.0,21318.0
2025-10-31,V023,Yaoundé,Marché Essos,Plantain & Cassava,Friday,October,10,0,0,1,0,1,18,1925.0,34656.0
2025-11-01,V023,Yaoundé,Marché Essos,Plantain & Cassava,Saturday,November,11,1,0,0,1,0,21,1732.0,36374.0
2025-11-02,V023,Yaoundé,Marché Essos,Plantain & Cassava,Sunday,November,11,1,0,0,0,0,17,1874.0,31858.0
2025-11-03,V023,Yaoundé,Marché Essos,Plantain & Cassava,Monday,November,11,0,0,0,0,0,10,2209.0,22086.0
2025-11-04,V023,Yaoundé,Marché Essos,Plantain & Cassava,Tuesday,November,11,0,0,0,0,0,18,1461.0,26305.0
2025-11-05,V023,Yaoundé,Marché Essos,Plantain & Cassava,Wednesday,November,11,0,0,0,0,0,8,2921.0,23370.0
2025-11-06,V023,Yaoundé,Marché Essos,Plantain & Cassava,Thursday,November,11,0,0,0,0,0,12,1698.0,20375.0
2025-11-07,V023,Yaoundé,Marché Essos,Plantain & Cassava,Friday,November,11,0,0,0,0,0,16,1595.0,25524.0
2025-11-08,V023,Yaoundé,Marché Essos,Plantain & Cassava,Saturday,November,11,1,0,0,0,0,19,1977.0,37567.0
2025-11-09,V023,Yaoundé,Marché Essos,Plantain & Cassava,Sunday,November,11,1,0,0,0,0,12,2203.0,26437.0
2025-11-10,V023,Yaoundé,Marché Essos,Plantain & Cassava,Monday,November,11,0,0,0,0,0,9,2099.0,18894.0
2025-11-11,V023,Yaoundé,Marché Essos,Plantain & Cassava,Tuesday,November,11,0,0,0,0,0,18,1409.0,25360.0
2025-11-12,V023,Yaoundé,Marché Essos,Plantain & Cassava,Wednesday,November,11,0,0,0,0,0,5,3289.0,16445.0
2025-11-13,V023,Yaoundé,Marché Essos,Plantain & Cassava,Thursday,November,11,0,0,0,0,0,8,2695.0,21556.0
2025-11-14,V023,Yaoundé,Marché Essos,Plantain & Cassava,Friday,November,11,0,0,0,0,0,16,1735.0,27765.0
2025-11-15,V023,Yaoundé,Marché Essos,Plantain & Cassava,Saturday,November,11,1,0,0,1,0,29,1799.0,52181.0
2025-11-16,V023,Yaoundé,Marché Essos,Plantain & Cassava,Sunday,November,11,1,0,0,0,0,10,2539.0,25386.0
2025-11-17,V023,Yaoundé,Marché Essos,Plantain & Cassava,Monday,November,11,0,0,0,0,0,11,1783.0,19617.0
2025-11-18,V023,Yaoundé,Marché Essos,Plantain & Cassava,Tuesday,November,11,0,0,0,0,0,11,2093.0,23028.0
2025-11-19,V023,Yaoundé,Marché Essos,Plantain & Cassava,Wednesday,November,11,0,0,0,0,0,7,2811.0,19675.0
2025-11-20,V023,Yaoundé,Marché Essos,Plantain & Cassava,Thursday,November,11,0,0,0,0,0,6,2486.0,14915.0
2025-11-21,V023,Yaoundé,Marché Essos,Plantain & Cassava,Friday,November,11,0,0,0,0,0,12,1730.0,20756.0
2025-11-22,V023,Yaoundé,Marché Essos,Plantain & Cassava,Saturday,November,11,1,0,0,0,0,16,1924.0,30784.0
2025-11-23,V023,Yaoundé,Marché Essos,Plantain & Cassava,Sunday,November,11,1,0,0,0,0,5,4403.0,22016.0
2025-11-24,V023,Yaoundé,Marché Essos,Plantain & Cassava,Monday,November,11,0,0,0,0,0,12,2135.0,25615.0
2025-11-25,V023,Yaoundé,Marché Essos,Plantain & Cassava,Tuesday,November,11,0,0,0,0,0,7,2723.0,19058.0
2025-11-26,V023,Yaoundé,Marché Essos,Plantain & Cassava,Wednesday,November,11,0,0,0,0,0,14,1810.0,25345.0
2025-11-27,V023,Yaoundé,Marché Essos,Plantain & Cassava,Thursday,November,11,0,0,0,0,0,10,1942.0,19415.0
2025-11-28,V023,Yaoundé,Marché Essos,Plantain & Cassava,Friday,November,11,0,0,0,0,1,23,1862.0,42833.0
2025-11-29,V023,Yaoundé,Marché Essos,Plantain & Cassava,Saturday,November,11,1,0,0,0,1,19,1980.0,37612.0
2025-11-30,V023,Yaoundé,Marché Essos,Plantain & Cassava,Sunday,November,11,1,0,0,0,1,11,1954.0,21492.0
2025-12-01,V023,Yaoundé,Marché Essos,Plantain & Cassava,Monday,December,12,0,0,0,0,0,13,1593.0,20703.0
2025-12-02,V023,Yaoundé,Marché Essos,Plantain & Cassava,Tuesday,December,12,0,0,0,0,0,5,2739.0,13694.0
2025-12-03,V023,Yaoundé,Marché Essos,Plantain & Cassava,Wednesday,December,12,0,0,0,0,0,10,1917.0,19165.0
2025-12-04,V023,Yaoundé,Marché Essos,Plantain & Cassava,Thursday,December,12,0,0,0,0,0,11,1995.0,21948.0
2025-12-05,V023,Yaoundé,Marché Essos,Plantain & Cassava,Friday,December,12,0,0,0,0,0,14,2117.0,29634.0
2025-12-06,V023,Yaoundé,Marché Essos,Plantain & Cassava,Saturday,December,12,1,0,0,1,0,27,1747.0,47178.0
2025-12-07,V023,Yaoundé,Marché Essos,Plantain & Cassava,Sunday,December,12,1,0,0,0,0,16,1551.0,24813.0
2025-12-08,V023,Yaoundé,Marché Essos,Plantain & Cassava,Monday,December,12,0,0,0,0,0,16,1615.0,25838.0
2025-12-09,V023,Yaoundé,Marché Essos,Plantain & Cassava,Tuesday,December,12,0,0,0,0,0,9,1325.0,11922.0
2025-12-10,V023,Yaoundé,Marché Essos,Plantain & Cassava,Wednesday,December,12,0,0,0,0,0,17,1444.0,24550.0
2025-12-11,V023,Yaoundé,Marché Essos,Plantain & Cassava,Thursday,December,12,0,0,0,0,0,18,1564.0,28150.0
2025-12-12,V023,Yaoundé,Marché Essos,Plantain & Cassava,Friday,December,12,0,0,0,0,0,20,1613.0,32254.0
2025-12-13,V023,Yaoundé,Marché Essos,Plantain & Cassava,Saturday,December,12,1,0,0,0,0,27,1792.0,48386.0
2025-12-14,V023,Yaoundé,Marché Essos,Plantain & Cassava,Sunday,December,12,1,0,0,0,0,10,1981.0,19805.0
2025-12-15,V023,Yaoundé,Marché Essos,Plantain & Cassava,Monday,December,12,0,0,0,0,0,11,1904.0,20945.0
2025-12-16,V023,Yaoundé,Marché Essos,Plantain & Cassava,Tuesday,December,12,0,0,0,0,0,5,3280.0,16401.0
2025-12-17,V023,Yaoundé,Marché Essos,Plantain & Cassava,Wednesday,December,12,0,0,0,0,0,11,1693.0,18620.0
2025-12-18,V023,Yaoundé,Marché Essos,Plantain & Cassava,Thursday,December,12,0,0,0,0,0,18,1663.0,29942.0
2025-12-19,V023,Yaoundé,Marché Essos,Plantain & Cassava,Friday,December,12,0,0,0,0,0,18,1850.0,33308.0
2025-12-20,V023,Yaoundé,Marché Essos,Plantain & Cassava,Saturday,December,12,1,0,0,1,0,15,1943.0,29143.0
2025-12-21,V023,Yaoundé,Marché Essos,Plantain & Cassava,Sunday,December,12,1,0,0,0,0,12,2091.0,25088.0
2025-12-22,V023,Yaoundé,Marché Essos,Plantain & Cassava,Monday,December,12,0,0,0,0,0,11,1793.0,19718.0
2025-12-23,V023,Yaoundé,Marché Essos,Plantain & Cassava,Tuesday,December,12,0,0,0,0,0,12,1994.0,23933.0
2025-12-24,V023,Yaoundé,Marché Essos,Plantain & Cassava,Wednesday,December,12,0,0,0,0,0,7,2158.0,15104.0
2025-12-25,V023,Yaoundé,Marché Essos,Plantain & Cassava,Thursday,December,12,0,1,0,0,0,18,1577.0,28384.0
2025-12-26,V023,Yaoundé,Marché Essos,Plantain & Cassava,Friday,December,12,0,0,0,0,0,14,1776.0,24860.0
2025-12-27,V023,Yaoundé,Marché Essos,Plantain & Cassava,Saturday,December,12,1,0,0,0,0,19,1874.0,35605.0
2025-12-28,V023,Yaoundé,Marché Essos,Plantain & Cassava,Sunday,December,12,1,0,0,0,0,15,2072.0,31076.0
2025-12-29,V023,Yaoundé,Marché Essos,Plantain & Cassava,Monday,December,12,0,0,0,0,1,11,1840.0,20245.0
2025-12-30,V023,Yaoundé,Marché Essos,Plantain & Cassava,Tuesday,December,12,0,0,0,0,1,12,1753.0,21036.0
2025-12-31,V023,Yaoundé,Marché Essos,Plantain & Cassava,Wednesday,December,12,0,0,0,0,1,12,1793.0,21521.0
2026-01-01,V023,Yaoundé,Marché Essos,Plantain & Cassava,Thursday,January,1,0,1,0,0,0,15,1844.0,27658.0
2026-01-02,V023,Yaoundé,Marché Essos,Plantain & Cassava,Friday,January,1,0,0,0,0,0,13,1950.0,25348.0
2026-01-03,V023,Yaoundé,Marché Essos,Plantain & Cassava,Saturday,January,1,1,0,0,1,0,22,1844.0,40571.0
2026-01-04,V023,Yaoundé,Marché Essos,Plantain & Cassava,Sunday,January,1,1,0,0,0,0,18,1459.0,26264.0
2026-01-05,V023,Yaoundé,Marché Essos,Plantain & Cassava,Monday,January,1,0,0,0,0,0,8,2042.0,16336.0
2026-01-06,V023,Yaoundé,Marché Essos,Plantain & Cassava,Tuesday,January,1,0,0,0,0,0,9,1718.0,15463.0
2026-01-07,V023,Yaoundé,Marché Essos,Plantain & Cassava,Wednesday,January,1,0,0,0,0,0,9,1934.0,17407.0
2026-01-08,V023,Yaoundé,Marché Essos,Plantain & Cassava,Thursday,January,1,0,0,0,0,0,12,1756.0,21070.0
2026-01-09,V023,Yaoundé,Marché Essos,Plantain & Cassava,Friday,January,1,0,0,0,0,0,12,2077.0,24927.0
2026-01-10,V023,Yaoundé,Marché Essos,Plantain & Cassava,Saturday,January,1,1,0,0,0,0,24,1823.0,43760.0
2026-01-11,V023,Yaoundé,Marché Essos,Plantain & Cassava,Sunday,January,1,1,0,0,0,0,12,1980.0,23759.0
2026-01-12,V023,Yaoundé,Marché Essos,Plantain & Cassava,Monday,January,1,0,0,0,0,0,14,1875.0,26255.0
2026-01-13,V023,Yaoundé,Marché Essos,Plantain & Cassava,Tuesday,January,1,0,0,0,0,0,8,2266.0,18131.0
2026-01-14,V023,Yaoundé,Marché Essos,Plantain & Cassava,Wednesday,January,1,0,0,0,0,0,9,2142.0,19275.0
2026-01-15,V023,Yaoundé,Marché Essos,Plantain & Cassava,Thursday,January,1,0,0,0,0,0,7,2556.0,17894.0
2026-01-16,V023,Yaoundé,Marché Essos,Plantain & Cassava,Friday,January,1,0,0,0,0,0,14,1694.0,23717.0
2026-01-17,V023,Yaoundé,Marché Essos,Plantain & Cassava,Saturday,January,1,1,0,0,1,0,20,1862.0,37232.0
2026-01-18,V023,Yaoundé,Marché Essos,Plantain & Cassava,Sunday,January,1,1,0,0,0,0,20,1652.0,33035.0
2026-01-19,V023,Yaoundé,Marché Essos,Plantain & Cassava,Monday,January,1,0,0,0,0,0,9,2062.0,18558.0
2026-01-20,V023,Yaoundé,Marché Essos,Plantain & Cassava,Tuesday,January,1,0,0,0,0,0,11,1597.0,17569.0
2026-01-21,V023,Yaoundé,Marché Essos,Plantain & Cassava,Wednesday,January,1,0,0,0,0,0,10,2051.0,20508.0
2026-01-22,V023,Yaoundé,Marché Essos,Plantain & Cassava,Thursday,January,1,0,0,0,0,0,9,2162.0,19460.0
2026-01-23,V023,Yaoundé,Marché Essos,Plantain & Cassava,Friday,January,1,0,0,0,0,0,13,2244.0,29168.0
2026-01-24,V023,Yaoundé,Marché Essos,Plantain & Cassava,Saturday,January,1,1,0,0,0,0,21,1925.0,40421.0
2026-01-25,V023,Yaoundé,Marché Essos,Plantain & Cassava,Sunday,January,1,1,0,0,0,0,11,2326.0,25585.0
2026-01-26,V023,Yaoundé,Marché Essos,Plantain & Cassava,Monday,January,1,0,0,0,0,0,10,1948.0,19482.0
2026-01-27,V023,Yaoundé,Marché Essos,Plantain & Cassava,Tuesday,January,1,0,0,0,0,0,14,1453.0,20342.0
2026-01-28,V023,Yaoundé,Marché Essos,Plantain & Cassava,Wednesday,January,1,0,0,0,0,0,10,2197.0,21969.0
2026-01-29,V023,Yaoundé,Marché Essos,Plantain & Cassava,Thursday,January,1,0,0,0,0,1,13,1753.0,22795.0
2026-01-30,V023,Yaoundé,Marché Essos,Plantain & Cassava,Friday,January,1,0,0,0,0,1,22,1818.0,40005.0
2026-01-31,V023,Yaoundé,Marché Essos,Plantain & Cassava,Saturday,January,1,1,0,0,0,1,25,1760.0,43991.0
2026-02-01,V023,Yaoundé,Marché Essos,Plantain & Cassava,Sunday,February,2,1,0,0,0,0,14,2424.0,33933.0
2026-02-02,V023,Yaoundé,Marché Essos,Plantain & Cassava,Monday,February,2,0,0,0,0,0,14,1573.0,22017.0
2026-02-03,V023,Yaoundé,Marché Essos,Plantain & Cassava,Tuesday,February,2,0,0,0,0,0,7,2304.0,16131.0
2026-02-04,V023,Yaoundé,Marché Essos,Plantain & Cassava,Wednesday,February,2,0,0,0,0,0,8,2282.0,18256.0
2026-02-05,V023,Yaoundé,Marché Essos,Plantain & Cassava,Thursday,February,2,0,0,0,0,0,11,1878.0,20658.0
2026-02-06,V023,Yaoundé,Marché Essos,Plantain & Cassava,Friday,February,2,0,0,0,0,0,20,1609.0,32178.0
2026-02-07,V023,Yaoundé,Marché Essos,Plantain & Cassava,Saturday,February,2,1,0,0,1,0,17,2017.0,34294.0
2026-02-08,V023,Yaoundé,Marché Essos,Plantain & Cassava,Sunday,February,2,1,0,0,0,0,19,1753.0,33308.0
2026-02-09,V023,Yaoundé,Marché Essos,Plantain & Cassava,Monday,February,2,0,0,0,0,0,11,1802.0,19818.0
2026-02-10,V023,Yaoundé,Marché Essos,Plantain & Cassava,Tuesday,February,2,0,0,0,0,0,12,1701.0,20417.0
2026-02-11,V023,Yaoundé,Marché Essos,Plantain & Cassava,Wednesday,February,2,0,1,0,0,0,14,1788.0,25035.0
2026-02-12,V023,Yaoundé,Marché Essos,Plantain & Cassava,Thursday,February,2,0,0,0,0,0,8,2146.0,17166.0
2026-02-13,V023,Yaoundé,Marché Essos,Plantain & Cassava,Friday,February,2,0,0,0,0,0,12,2031.0,24376.0
2026-02-14,V023,Yaoundé,Marché Essos,Plantain & Cassava,Saturday,February,2,1,0,0,0,0,14,2043.0,28602.0
2026-02-15,V023,Yaoundé,Marché Essos,Plantain & Cassava,Sunday,February,2,1,0,0,0,0,12,1668.0,20012.0
2026-02-16,V023,Yaoundé,Marché Essos,Plantain & Cassava,Monday,February,2,0,0,0,0,0,7,2748.0,19237.0
2026-02-17,V023,Yaoundé,Marché Essos,Plantain & Cassava,Tuesday,February,2,0,0,0,0,0,10,1766.0,17662.0
2026-02-18,V023,Yaoundé,Marché Essos,Plantain & Cassava,Wednesday,February,2,0,0,0,0,0,9,2144.0,19296.0
2026-02-19,V023,Yaoundé,Marché Essos,Plantain & Cassava,Thursday,February,2,0,0,0,0,0,13,1710.0,22228.0
2026-02-20,V023,Yaoundé,Marché Essos,Plantain & Cassava,Friday,February,2,0,0,0,0,0,12,1772.0,21262.0
2026-02-21,V023,Yaoundé,Marché Essos,Plantain & Cassava,Saturday,February,2,1,0,0,1,0,19,1817.0,34527.0
2026-02-22,V023,Yaoundé,Marché Essos,Plantain & Cassava,Sunday,February,2,1,0,0,0,0,13,2009.0,26117.0
2026-02-23,V023,Yaoundé,Marché Essos,Plantain & Cassava,Monday,February,2,0,0,0,0,0,8,2030.0,16239.0
2026-02-24,V023,Yaoundé,Marché Essos,Plantain & Cassava,Tuesday,February,2,0,0,0,0,0,12,2292.0,27502.0
2026-02-25,V023,Yaoundé,Marché Essos,Plantain & Cassava,Wednesday,February,2,0,0,0,0,0,15,1924.0,28854.0
2026-02-26,V023,Yaoundé,Marché Essos,Plantain & Cassava,Thursday,February,2,0,0,0,0,1,12,2173.0,26074.0
2026-02-27,V023,Yaoundé,Marché Essos,Plantain & Cassava,Friday,February,2,0,0,0,0,1,14,1969.0,27561.0
2026-02-28,V023,Yaoundé,Marché Essos,Plantain & Cassava,Saturday,February,2,1,0,0,0,1,17,1894.0,32195.0
2026-03-01,V023,Yaoundé,Marché Essos,Plantain & Cassava,Sunday,March,3,1,0,0,0,0,17,1437.0,24427.0
2026-03-02,V023,Yaoundé,Marché Essos,Plantain & Cassava,Monday,March,3,0,0,0,0,0,8,1979.0,15829.0
2026-03-03,V023,Yaoundé,Marché Essos,Plantain & Cassava,Tuesday,March,3,0,0,0,0,0,9,2385.0,21463.0
2026-03-04,V023,Yaoundé,Marché Essos,Plantain & Cassava,Wednesday,March,3,0,0,0,0,0,12,2006.0,24077.0
2026-03-05,V023,Yaoundé,Marché Essos,Plantain & Cassava,Thursday,March,3,0,0,0,0,0,9,1598.0,14385.0
2026-03-06,V023,Yaoundé,Marché Essos,Plantain & Cassava,Friday,March,3,0,0,0,0,0,10,2252.0,22520.0
2026-03-07,V023,Yaoundé,Marché Essos,Plantain & Cassava,Saturday,March,3,1,0,0,1,0,24,1881.0,45133.0
2026-03-08,V023,Yaoundé,Marché Essos,Plantain & Cassava,Sunday,March,3,1,1,0,0,0,23,1685.0,38756.0
2026-03-09,V023,Yaoundé,Marché Essos,Plantain & Cassava,Monday,March,3,0,0,0,0,0,11,1580.0,17385.0
2026-03-10,V023,Yaoundé,Marché Essos,Plantain & Cassava,Tuesday,March,3,0,0,0,0,0,14,1280.0,17917.0
2026-03-11,V023,Yaoundé,Marché Essos,Plantain & Cassava,Wednesday,March,3,0,0,0,0,0,12,1565.0,18782.0
2026-03-12,V023,Yaoundé,Marché Essos,Plantain & Cassava,Thursday,March,3,0,0,0,0,0,15,1748.0,26224.0
2026-03-13,V023,Yaoundé,Marché Essos,Plantain & Cassava,Friday,March,3,0,0,0,0,0,13,1877.0,24405.0
2026-03-14,V023,Yaoundé,Marché Essos,Plantain & Cassava,Saturday,March,3,1,0,0,0,0,13,1764.0,22934.0
2026-03-15,V023,Yaoundé,Marché Essos,Plantain & Cassava,Sunday,March,3,1,0,0,0,0,15,1866.0,27991.0
2026-03-16,V023,Yaoundé,Marché Essos,Plantain & Cassava,Monday,March,3,0,0,0,0,0,3,3811.0,11433.0
2026-03-17,V023,Yaoundé,Marché Essos,Plantain & Cassava,Tuesday,March,3,0,0,0,0,0,10,1794.0,17940.0
2026-03-18,V023,Yaoundé,Marché Essos,Plantain & Cassava,Wednesday,March,3,0,0,0,0,0,12,1868.0,22415.0
2026-03-19,V023,Yaoundé,Marché Essos,Plantain & Cassava,Thursday,March,3,0,0,0,0,0,11,2296.0,25258.0
2026-03-20,V023,Yaoundé,Marché Essos,Plantain & Cassava,Friday,March,3,0,0,0,0,0,18,1707.0,30732.0
2026-03-21,V023,Yaoundé,Marché Essos,Plantain & Cassava,Saturday,March,3,1,0,0,1,0,23,1856.0,42680.0
2026-03-22,V023,Yaoundé,Marché Essos,Plantain & Cassava,Sunday,March,3,1,0,0,0,0,21,1740.0,36543.0
2026-03-23,V023,Yaoundé,Marché Essos,Plantain & Cassava,Monday,March,3,0,0,0,0,0,9,1822.0,16402.0
2026-03-24,V023,Yaoundé,Marché Essos,Plantain & Cassava,Tuesday,March,3,0,0,0,0,0,11,2137.0,23504.0
2026-03-25,V023,Yaoundé,Marché Essos,Plantain & Cassava,Wednesday,March,3,0,0,0,0,0,15,1726.0,25886.0
2026-03-26,V023,Yaoundé,Marché Essos,Plantain & Cassava,Thursday,March,3,0,0,0,0,0,8,1847.0,14778.0
2026-03-27,V023,Yaoundé,Marché Essos,Plantain & Cassava,Friday,March,3,0,0,0,0,0,15,1706.0,25595.0
2026-03-28,V023,Yaoundé,Marché Essos,Plantain & Cassava,Saturday,March,3,1,0,0,0,0,22,1821.0,40054.0
2026-03-29,V023,Yaoundé,Marché Essos,Plantain & Cassava,Sunday,March,3,1,0,0,0,1,22,1854.0,40791.0
2026-03-30,V023,Yaoundé,Marché Essos,Plantain & Cassava,Monday,March,3,0,0,0,0,1,15,1675.0,25127.0
2026-03-31,V023,Yaoundé,Marché Essos,Plantain & Cassava,Tuesday,March,3,0,0,0,0,1,14,1657.0,23195.0
2025-09-01,V024,Yaoundé,Marché Mvog-Mbi,Cooked Street Food (Soya/Beignets),Monday,September,9,0,0,1,0,0,13,2146.0,27894.0
2025-09-02,V024,Yaoundé,Marché Mvog-Mbi,Cooked Street Food (Soya/Beignets),Tuesday,September,9,0,0,1,0,0,19,1584.0,30087.0
2025-09-03,V024,Yaoundé,Marché Mvog-Mbi,Cooked Street Food (Soya/Beignets),Wednesday,September,9,0,0,1,0,0,16,1855.0,29685.0
2025-09-04,V024,Yaoundé,Marché Mvog-Mbi,Cooked Street Food (Soya/Beignets),Thursday,September,9,0,0,1,0,0,22,1729.0,38038.0
2025-09-05,V024,Yaoundé,Marché Mvog-Mbi,Cooked Street Food (Soya/Beignets),Friday,September,9,0,0,1,0,0,21,1886.0,39615.0
2025-09-06,V024,Yaoundé,Marché Mvog-Mbi,Cooked Street Food (Soya/Beignets),Saturday,September,9,1,0,1,1,0,31,1846.0,57216.0
2025-09-07,V024,Yaoundé,Marché Mvog-Mbi,Cooked Street Food (Soya/Beignets),Sunday,September,9,1,0,1,0,0,19,2333.0,44336.0
2025-09-08,V024,Yaoundé,Marché Mvog-Mbi,Cooked Street Food (Soya/Beignets),Monday,September,9,0,0,1,0,0,15,1982.0,29725.0
2025-09-09,V024,Yaoundé,Marché Mvog-Mbi,Cooked Street Food (Soya/Beignets),Tuesday,September,9,0,0,1,0,0,12,2124.0,25492.0
2025-09-10,V024,Yaoundé,Marché Mvog-Mbi,Cooked Street Food (Soya/Beignets),Wednesday,September,9,0,0,1,0,0,23,1667.0,38348.0
2025-09-11,V024,Yaoundé,Marché Mvog-Mbi,Cooked Street Food (Soya/Beignets),Thursday,September,9,0,0,1,0,0,15,1820.0,27298.0
2025-09-12,V024,Yaoundé,Marché Mvog-Mbi,Cooked Street Food (Soya/Beignets),Friday,September,9,0,0,1,0,0,26,1777.0,46196.0
2025-09-13,V024,Yaoundé,Marché Mvog-Mbi,Cooked Street Food (Soya/Beignets),Saturday,September,9,1,0,1,0,0,29,1972.0,57200.0
2025-09-14,V024,Yaoundé,Marché Mvog-Mbi,Cooked Street Food (Soya/Beignets),Sunday,September,9,1,0,1,0,0,15,2068.0,31023.0
2025-09-15,V024,Yaoundé,Marché Mvog-Mbi,Cooked Street Food (Soya/Beignets),Monday,September,9,0,0,1,0,0,14,1955.0,27365.0
2025-09-16,V024,Yaoundé,Marché Mvog-Mbi,Cooked Street Food (Soya/Beignets),Tuesday,September,9,0,0,1,0,0,14,2088.0,29226.0
2025-09-17,V024,Yaoundé,Marché Mvog-Mbi,Cooked Street Food (Soya/Beignets),Wednesday,September,9,0,0,1,0,0,18,1936.0,34849.0
2025-09-18,V024,Yaoundé,Marché Mvog-Mbi,Cooked Street Food (Soya/Beignets),Thursday,September,9,0,0,1,0,0,21,1684.0,35365.0
2025-09-19,V024,Yaoundé,Marché Mvog-Mbi,Cooked Street Food (Soya/Beignets),Friday,September,9,0,0,1,0,0,20,1844.0,36882.0
2025-09-20,V024,Yaoundé,Marché Mvog-Mbi,Cooked Street Food (Soya/Beignets),Saturday,September,9,1,0,1,1,0,33,1615.0,53306.0
2025-09-21,V024,Yaoundé,Marché Mvog-Mbi,Cooked Street Food (Soya/Beignets),Sunday,September,9,1,0,1,0,0,23,1732.0,39833.0
2025-09-22,V024,Yaoundé,Marché Mvog-Mbi,Cooked Street Food (Soya/Beignets),Monday,September,9,0,0,1,0,0,18,1827.0,32887.0
2025-09-23,V024,Yaoundé,Marché Mvog-Mbi,Cooked Street Food (Soya/Beignets),Tuesday,September,9,0,0,1,0,0,17,1826.0,31050.0
2025-09-24,V024,Yaoundé,Marché Mvog-Mbi,Cooked Street Food (Soya/Beignets),Wednesday,September,9,0,0,1,0,0,14,2053.0,28737.0
2025-09-25,V024,Yaoundé,Marché Mvog-Mbi,Cooked Street Food (Soya/Beignets),Thursday,September,9,0,0,1,0,0,20,1871.0,37414.0
2025-09-26,V024,Yaoundé,Marché Mvog-Mbi,Cooked Street Food (Soya/Beignets),Friday,September,9,0,0,1,0,0,15,2052.0,30775.0
2025-09-27,V024,Yaoundé,Marché Mvog-Mbi,Cooked Street Food (Soya/Beignets),Saturday,September,9,1,0,1,0,0,34,1976.0,67187.0
2025-09-28,V024,Yaoundé,Marché Mvog-Mbi,Cooked Street Food (Soya/Beignets),Sunday,September,9,1,0,1,0,1,28,1876.0,52528.0
2025-09-29,V024,Yaoundé,Marché Mvog-Mbi,Cooked Street Food (Soya/Beignets),Monday,September,9,0,0,1,0,1,18,2123.0,38214.0
2025-09-30,V024,Yaoundé,Marché Mvog-Mbi,Cooked Street Food (Soya/Beignets),Tuesday,September,9,0,0,1,0,1,14,2336.0,32707.0
2025-10-01,V024,Yaoundé,Marché Mvog-Mbi,Cooked Street Food (Soya/Beignets),Wednesday,October,10,0,0,1,0,0,17,2104.0,35774.0
2025-10-02,V024,Yaoundé,Marché Mvog-Mbi,Cooked Street Food (Soya/Beignets),Thursday,October,10,0,0,1,0,0,13,2169.0,28195.0
2025-10-03,V024,Yaoundé,Marché Mvog-Mbi,Cooked Street Food (Soya/Beignets),Friday,October,10,0,0,1,0,0,25,2015.0,50383.0
2025-10-04,V024,Yaoundé,Marché Mvog-Mbi,Cooked Street Food (Soya/Beignets),Saturday,October,10,1,0,1,1,0,37,1866.0,69038.0
2025-10-05,V024,Yaoundé,Marché Mvog-Mbi,Cooked Street Food (Soya/Beignets),Sunday,October,10,1,0,1,0,0,23,1685.0,38750.0
2025-10-06,V024,Yaoundé,Marché Mvog-Mbi,Cooked Street Food (Soya/Beignets),Monday,October,10,0,0,1,0,0,13,1388.0,18046.0
2025-10-07,V024,Yaoundé,Marché Mvog-Mbi,Cooked Street Food (Soya/Beignets),Tuesday,October,10,0,0,1,0,0,20,1946.0,38917.0
2025-10-08,V024,Yaoundé,Marché Mvog-Mbi,Cooked Street Food (Soya/Beignets),Wednesday,October,10,0,0,1,0,0,13,1788.0,23248.0
2025-10-09,V024,Yaoundé,Marché Mvog-Mbi,Cooked Street Food (Soya/Beignets),Thursday,October,10,0,0,1,0,0,25,1552.0,38799.0
2025-10-10,V024,Yaoundé,Marché Mvog-Mbi,Cooked Street Food (Soya/Beignets),Friday,October,10,0,0,1,0,0,20,2151.0,43011.0
2025-10-11,V024,Yaoundé,Marché Mvog-Mbi,Cooked Street Food (Soya/Beignets),Saturday,October,10,1,0,1,0,0,22,1905.0,41918.0
2025-10-12,V024,Yaoundé,Marché Mvog-Mbi,Cooked Street Food (Soya/Beignets),Sunday,October,10,1,0,1,0,0,21,1687.0,35422.0
2025-10-13,V024,Yaoundé,Marché Mvog-Mbi,Cooked Street Food (Soya/Beignets),Monday,October,10,0,0,1,0,0,16,1875.0,29999.0
2025-10-14,V024,Yaoundé,Marché Mvog-Mbi,Cooked Street Food (Soya/Beignets),Tuesday,October,10,0,0,1,0,0,16,1920.0,30718.0
2025-10-15,V024,Yaoundé,Marché Mvog-Mbi,Cooked Street Food (Soya/Beignets),Wednesday,October,10,0,0,1,0,0,23,1587.0,36492.0
2025-10-16,V024,Yaoundé,Marché Mvog-Mbi,Cooked Street Food (Soya/Beignets),Thursday,October,10,0,0,1,0,0,22,1811.0,39837.0
2025-10-17,V024,Yaoundé,Marché Mvog-Mbi,Cooked Street Food (Soya/Beignets),Friday,October,10,0,0,1,0,0,22,1671.0,36756.0
2025-10-18,V024,Yaoundé,Marché Mvog-Mbi,Cooked Street Food (Soya/Beignets),Saturday,October,10,1,0,1,1,0,28,1735.0,48590.0
2025-10-19,V024,Yaoundé,Marché Mvog-Mbi,Cooked Street Food (Soya/Beignets),Sunday,October,10,1,0,1,0,0,24,1960.0,47037.0
2025-10-20,V024,Yaoundé,Marché Mvog-Mbi,Cooked Street Food (Soya/Beignets),Monday,October,10,0,0,1,0,0,18,1601.0,28813.0
2025-10-21,V024,Yaoundé,Marché Mvog-Mbi,Cooked Street Food (Soya/Beignets),Tuesday,October,10,0,0,1,0,0,12,1719.0,20628.0
2025-10-22,V024,Yaoundé,Marché Mvog-Mbi,Cooked Street Food (Soya/Beignets),Wednesday,October,10,0,0,1,0,0,14,1907.0,26700.0
2025-10-23,V024,Yaoundé,Marché Mvog-Mbi,Cooked Street Food (Soya/Beignets),Thursday,October,10,0,0,1,0,0,19,1883.0,35775.0
2025-10-24,V024,Yaoundé,Marché Mvog-Mbi,Cooked Street Food (Soya/Beignets),Friday,October,10,0,0,1,0,0,19,1578.0,29987.0
2025-10-25,V024,Yaoundé,Marché Mvog-Mbi,Cooked Street Food (Soya/Beignets),Saturday,October,10,1,0,1,0,0,37,1693.0,62643.0
2025-10-26,V024,Yaoundé,Marché Mvog-Mbi,Cooked Street Food (Soya/Beignets),Sunday,October,10,1,0,1,0,0,17,1698.0,28872.0
2025-10-27,V024,Yaoundé,Marché Mvog-Mbi,Cooked Street Food (Soya/Beignets),Monday,October,10,0,0,1,0,0,7,2931.0,20520.0
2025-10-28,V024,Yaoundé,Marché Mvog-Mbi,Cooked Street Food (Soya/Beignets),Tuesday,October,10,0,0,1,0,0,17,1573.0,26748.0
2025-10-29,V024,Yaoundé,Marché Mvog-Mbi,Cooked Street Food (Soya/Beignets),Wednesday,October,10,0,0,1,0,1,18,1937.0,34865.0
2025-10-30,V024,Yaoundé,Marché Mvog-Mbi,Cooked Street Food (Soya/Beignets),Thursday,October,10,0,0,1,0,1,26,1987.0,51663.0
2025-10-31,V024,Yaoundé,Marché Mvog-Mbi,Cooked Street Food (Soya/Beignets),Friday,October,10,0,0,1,0,1,27,2262.0,61085.0
2025-11-01,V024,Yaoundé,Marché Mvog-Mbi,Cooked Street Food (Soya/Beignets),Saturday,November,11,1,0,0,1,0,47,1720.0,80844.0
2025-11-02,V024,Yaoundé,Marché Mvog-Mbi,Cooked Street Food (Soya/Beignets),Sunday,November,11,1,0,0,0,0,19,1903.0,36165.0
2025-11-03,V024,Yaoundé,Marché Mvog-Mbi,Cooked Street Food (Soya/Beignets),Monday,November,11,0,0,0,0,0,16,2065.0,33033.0
2025-11-04,V024,Yaoundé,Marché Mvog-Mbi,Cooked Street Food (Soya/Beignets),Tuesday,November,11,0,0,0,0,0,19,1625.0,30868.0
2025-11-05,V024,Yaoundé,Marché Mvog-Mbi,Cooked Street Food (Soya/Beignets),Wednesday,November,11,0,0,0,0,0,19,1931.0,36691.0
2025-11-06,V024,Yaoundé,Marché Mvog-Mbi,Cooked Street Food (Soya/Beignets),Thursday,November,11,0,0,0,0,0,24,1773.0,42546.0
2025-11-07,V024,Yaoundé,Marché Mvog-Mbi,Cooked Street Food (Soya/Beignets),Friday,November,11,0,0,0,0,0,24,1892.0,45401.0
2025-11-08,V024,Yaoundé,Marché Mvog-Mbi,Cooked Street Food (Soya/Beignets),Saturday,November,11,1,0,0,0,0,27,1964.0,53026.0
2025-11-09,V024,Yaoundé,Marché Mvog-Mbi,Cooked Street Food (Soya/Beignets),Sunday,November,11,1,0,0,0,0,15,1941.0,29117.0
2025-11-10,V024,Yaoundé,Marché Mvog-Mbi,Cooked Street Food (Soya/Beignets),Monday,November,11,0,0,0,0,0,16,1875.0,30006.0
2025-11-11,V024,Yaoundé,Marché Mvog-Mbi,Cooked Street Food (Soya/Beignets),Tuesday,November,11,0,0,0,0,0,20,2005.0,40108.0
2025-11-12,V024,Yaoundé,Marché Mvog-Mbi,Cooked Street Food (Soya/Beignets),Wednesday,November,11,0,0,0,0,0,18,1738.0,31285.0
2025-11-13,V024,Yaoundé,Marché Mvog-Mbi,Cooked Street Food (Soya/Beignets),Thursday,November,11,0,0,0,0,0,17,1818.0,30909.0
2025-11-14,V024,Yaoundé,Marché Mvog-Mbi,Cooked Street Food (Soya/Beignets),Friday,November,11,0,0,0,0,0,21,1914.0,40192.0
2025-11-15,V024,Yaoundé,Marché Mvog-Mbi,Cooked Street Food (Soya/Beignets),Saturday,November,11,1,0,0,1,0,39,1841.0,71803.0
2025-11-16,V024,Yaoundé,Marché Mvog-Mbi,Cooked Street Food (Soya/Beignets),Sunday,November,11,1,0,0,0,0,22,2164.0,47607.0
2025-11-17,V024,Yaoundé,Marché Mvog-Mbi,Cooked Street Food (Soya/Beignets),Monday,November,11,0,0,0,0,0,8,2964.0,23714.0
2025-11-18,V024,Yaoundé,Marché Mvog-Mbi,Cooked Street Food (Soya/Beignets),Tuesday,November,11,0,0,0,0,0,18,1452.0,26142.0
2025-11-19,V024,Yaoundé,Marché Mvog-Mbi,Cooked Street Food (Soya/Beignets),Wednesday,November,11,0,0,0,0,0,17,1960.0,33320.0
2025-11-20,V024,Yaoundé,Marché Mvog-Mbi,Cooked Street Food (Soya/Beignets),Thursday,November,11,0,0,0,0,0,24,1698.0,40747.0
2025-11-21,V024,Yaoundé,Marché Mvog-Mbi,Cooked Street Food (Soya/Beignets),Friday,November,11,0,0,0,0,0,24,1447.0,34723.0
2025-11-22,V024,Yaoundé,Marché Mvog-Mbi,Cooked Street Food (Soya/Beignets),Saturday,November,11,1,0,0,0,0,31,1800.0,55795.0
2025-11-23,V024,Yaoundé,Marché Mvog-Mbi,Cooked Street Food (Soya/Beignets),Sunday,November,11,1,0,0,0,0,26,1737.0,45157.0
2025-11-24,V024,Yaoundé,Marché Mvog-Mbi,Cooked Street Food (Soya/Beignets),Monday,November,11,0,0,0,0,0,19,1444.0,27427.0
2025-11-25,V024,Yaoundé,Marché Mvog-Mbi,Cooked Street Food (Soya/Beignets),Tuesday,November,11,0,0,0,0,0,18,1702.0,30633.0
2025-11-26,V024,Yaoundé,Marché Mvog-Mbi,Cooked Street Food (Soya/Beignets),Wednesday,November,11,0,0,0,0,0,15,2046.0,30687.0
2025-11-27,V024,Yaoundé,Marché Mvog-Mbi,Cooked Street Food (Soya/Beignets),Thursday,November,11,0,0,0,0,0,27,1846.0,49840.0
2025-11-28,V024,Yaoundé,Marché Mvog-Mbi,Cooked Street Food (Soya/Beignets),Friday,November,11,0,0,0,0,1,28,1766.0,49441.0
2025-11-29,V024,Yaoundé,Marché Mvog-Mbi,Cooked Street Food (Soya/Beignets),Saturday,November,11,1,0,0,0,1,58,1681.0,97518.0
2025-11-30,V024,Yaoundé,Marché Mvog-Mbi,Cooked Street Food (Soya/Beignets),Sunday,November,11,1,0,0,0,1,38,1574.0,59828.0
2025-12-01,V024,Yaoundé,Marché Mvog-Mbi,Cooked Street Food (Soya/Beignets),Monday,December,12,0,0,0,0,0,15,1725.0,25877.0
2025-12-02,V024,Yaoundé,Marché Mvog-Mbi,Cooked Street Food (Soya/Beignets),Tuesday,December,12,0,0,0,0,0,14,2335.0,32689.0
2025-12-03,V024,Yaoundé,Marché Mvog-Mbi,Cooked Street Food (Soya/Beignets),Wednesday,December,12,0,0,0,0,0,19,1912.0,36332.0
2025-12-04,V024,Yaoundé,Marché Mvog-Mbi,Cooked Street Food (Soya/Beignets),Thursday,December,12,0,0,0,0,0,25,1866.0,46643.0
2025-12-05,V024,Yaoundé,Marché Mvog-Mbi,Cooked Street Food (Soya/Beignets),Friday,December,12,0,0,0,0,0,25,1595.0,39878.0
2025-12-06,V024,Yaoundé,Marché Mvog-Mbi,Cooked Street Food (Soya/Beignets),Saturday,December,12,1,0,0,1,0,36,1720.0,61910.0
2025-12-07,V024,Yaoundé,Marché Mvog-Mbi,Cooked Street Food (Soya/Beignets),Sunday,December,12,1,0,0,0,0,25,1783.0,44568.0
2025-12-08,V024,Yaoundé,Marché Mvog-Mbi,Cooked Street Food (Soya/Beignets),Monday,December,12,0,0,0,0,0,17,1727.0,29355.0
2025-12-09,V024,Yaoundé,Marché Mvog-Mbi,Cooked Street Food (Soya/Beignets),Tuesday,December,12,0,0,0,0,0,15,2099.0,31492.0
2025-12-10,V024,Yaoundé,Marché Mvog-Mbi,Cooked Street Food (Soya/Beignets),Wednesday,December,12,0,0,0,0,0,20,1640.0,32804.0
2025-12-11,V024,Yaoundé,Marché Mvog-Mbi,Cooked Street Food (Soya/Beignets),Thursday,December,12,0,0,0,0,0,23,1695.0,38977.0
2025-12-12,V024,Yaoundé,Marché Mvog-Mbi,Cooked Street Food (Soya/Beignets),Friday,December,12,0,0,0,0,0,20,2163.0,43268.0
2025-12-13,V024,Yaoundé,Marché Mvog-Mbi,Cooked Street Food (Soya/Beignets),Saturday,December,12,1,0,0,0,0,23,1853.0,42610.0
2025-12-14,V024,Yaoundé,Marché Mvog-Mbi,Cooked Street Food (Soya/Beignets),Sunday,December,12,1,0,0,0,0,17,1980.0,33661.0
2025-12-15,V024,Yaoundé,Marché Mvog-Mbi,Cooked Street Food (Soya/Beignets),Monday,December,12,0,0,0,0,0,14,1981.0,27729.0
2025-12-16,V024,Yaoundé,Marché Mvog-Mbi,Cooked Street Food (Soya/Beignets),Tuesday,December,12,0,0,0,0,0,23,1816.0,41766.0
2025-12-17,V024,Yaoundé,Marché Mvog-Mbi,Cooked Street Food (Soya/Beignets),Wednesday,December,12,0,0,0,0,0,22,1798.0,39550.0
2025-12-18,V024,Yaoundé,Marché Mvog-Mbi,Cooked Street Food (Soya/Beignets),Thursday,December,12,0,0,0,0,0,27,1691.0,45664.0
2025-12-19,V024,Yaoundé,Marché Mvog-Mbi,Cooked Street Food (Soya/Beignets),Friday,December,12,0,0,0,0,0,25,1556.0,38888.0
2025-12-20,V024,Yaoundé,Marché Mvog-Mbi,Cooked Street Food (Soya/Beignets),Saturday,December,12,1,0,0,1,0,32,1804.0,57723.0
2025-12-21,V024,Yaoundé,Marché Mvog-Mbi,Cooked Street Food (Soya/Beignets),Sunday,December,12,1,0,0,0,0,25,1768.0,44190.0
2025-12-22,V024,Yaoundé,Marché Mvog-Mbi,Cooked Street Food (Soya/Beignets),Monday,December,12,0,0,0,0,0,18,1967.0,35400.0
2025-12-23,V024,Yaoundé,Marché Mvog-Mbi,Cooked Street Food (Soya/Beignets),Tuesday,December,12,0,0,0,0,0,21,1746.0,36657.0
2025-12-24,V024,Yaoundé,Marché Mvog-Mbi,Cooked Street Food (Soya/Beignets),Wednesday,December,12,0,0,0,0,0,18,1857.0,33429.0
2025-12-25,V024,Yaoundé,Marché Mvog-Mbi,Cooked Street Food (Soya/Beignets),Thursday,December,12,0,1,0,0,0,22,1739.0,38251.0
2025-12-26,V024,Yaoundé,Marché Mvog-Mbi,Cooked Street Food (Soya/Beignets),Friday,December,12,0,0,0,0,0,21,1829.0,38408.0
2025-12-27,V024,Yaoundé,Marché Mvog-Mbi,Cooked Street Food (Soya/Beignets),Saturday,December,12,1,0,0,0,0,26,2005.0,52129.0
2025-12-28,V024,Yaoundé,Marché Mvog-Mbi,Cooked Street Food (Soya/Beignets),Sunday,December,12,1,0,0,0,0,20,1745.0,34905.0
2025-12-29,V024,Yaoundé,Marché Mvog-Mbi,Cooked Street Food (Soya/Beignets),Monday,December,12,0,0,0,0,1,16,2006.0,32097.0
2025-12-30,V024,Yaoundé,Marché Mvog-Mbi,Cooked Street Food (Soya/Beignets),Tuesday,December,12,0,0,0,0,1,16,2020.0,32319.0
2025-12-31,V024,Yaoundé,Marché Mvog-Mbi,Cooked Street Food (Soya/Beignets),Wednesday,December,12,0,0,0,0,1,26,1987.0,51664.0
2026-01-01,V024,Yaoundé,Marché Mvog-Mbi,Cooked Street Food (Soya/Beignets),Thursday,January,1,0,1,0,0,0,31,1860.0,57671.0
2026-01-02,V024,Yaoundé,Marché Mvog-Mbi,Cooked Street Food (Soya/Beignets),Friday,January,1,0,0,0,0,0,22,1748.0,38455.0
2026-01-03,V024,Yaoundé,Marché Mvog-Mbi,Cooked Street Food (Soya/Beignets),Saturday,January,1,1,0,0,1,0,34,1860.0,63245.0
2026-01-04,V024,Yaoundé,Marché Mvog-Mbi,Cooked Street Food (Soya/Beignets),Sunday,January,1,1,0,0,0,0,23,1868.0,42958.0
2026-01-05,V024,Yaoundé,Marché Mvog-Mbi,Cooked Street Food (Soya/Beignets),Monday,January,1,0,0,0,0,0,18,1639.0,29506.0
2026-01-06,V024,Yaoundé,Marché Mvog-Mbi,Cooked Street Food (Soya/Beignets),Tuesday,January,1,0,0,0,0,0,11,2259.0,24852.0
2026-01-07,V024,Yaoundé,Marché Mvog-Mbi,Cooked Street Food (Soya/Beignets),Wednesday,January,1,0,0,0,0,0,13,2231.0,29004.0
2026-01-08,V024,Yaoundé,Marché Mvog-Mbi,Cooked Street Food (Soya/Beignets),Thursday,January,1,0,0,0,0,0,20,1797.0,35944.0
2026-01-09,V024,Yaoundé,Marché Mvog-Mbi,Cooked Street Food (Soya/Beignets),Friday,January,1,0,0,0,0,0,15,2026.0,30384.0
2026-01-10,V024,Yaoundé,Marché Mvog-Mbi,Cooked Street Food (Soya/Beignets),Saturday,January,1,1,0,0,0,0,27,1856.0,50102.0
2026-01-11,V024,Yaoundé,Marché Mvog-Mbi,Cooked Street Food (Soya/Beignets),Sunday,January,1,1,0,0,0,0,17,1927.0,32764.0
2026-01-12,V024,Yaoundé,Marché Mvog-Mbi,Cooked Street Food (Soya/Beignets),Monday,January,1,0,0,0,0,0,13,2003.0,26033.0
2026-01-13,V024,Yaoundé,Marché Mvog-Mbi,Cooked Street Food (Soya/Beignets),Tuesday,January,1,0,0,0,0,0,12,1972.0,23662.0
2026-01-14,V024,Yaoundé,Marché Mvog-Mbi,Cooked Street Food (Soya/Beignets),Wednesday,January,1,0,0,0,0,0,15,1958.0,29368.0
2026-01-15,V024,Yaoundé,Marché Mvog-Mbi,Cooked Street Food (Soya/Beignets),Thursday,January,1,0,0,0,0,0,20,1868.0,37361.0
2026-01-16,V024,Yaoundé,Marché Mvog-Mbi,Cooked Street Food (Soya/Beignets),Friday,January,1,0,0,0,0,0,26,1919.0,49897.0
2026-01-17,V024,Yaoundé,Marché Mvog-Mbi,Cooked Street Food (Soya/Beignets),Saturday,January,1,1,0,0,1,0,41,1708.0,70026.0
2026-01-18,V024,Yaoundé,Marché Mvog-Mbi,Cooked Street Food (Soya/Beignets),Sunday,January,1,1,0,0,0,0,24,1807.0,43376.0
2026-01-19,V024,Yaoundé,Marché Mvog-Mbi,Cooked Street Food (Soya/Beignets),Monday,January,1,0,0,0,0,0,18,1836.0,33048.0
2026-01-20,V024,Yaoundé,Marché Mvog-Mbi,Cooked Street Food (Soya/Beignets),Tuesday,January,1,0,0,0,0,0,23,1679.0,38614.0
2026-01-21,V024,Yaoundé,Marché Mvog-Mbi,Cooked Street Food (Soya/Beignets),Wednesday,January,1,0,0,0,0,0,21,1840.0,38643.0
2026-01-22,V024,Yaoundé,Marché Mvog-Mbi,Cooked Street Food (Soya/Beignets),Thursday,January,1,0,0,0,0,0,21,1792.0,37634.0
2026-01-23,V024,Yaoundé,Marché Mvog-Mbi,Cooked Street Food (Soya/Beignets),Friday,January,1,0,0,0,0,0,21,1657.0,34807.0
2026-01-24,V024,Yaoundé,Marché Mvog-Mbi,Cooked Street Food (Soya/Beignets),Saturday,January,1,1,0,0,0,0,23,1709.0,39310.0
2026-01-25,V024,Yaoundé,Marché Mvog-Mbi,Cooked Street Food (Soya/Beignets),Sunday,January,1,1,0,0,0,0,23,1884.0,43324.0
2026-01-26,V024,Yaoundé,Marché Mvog-Mbi,Cooked Street Food (Soya/Beignets),Monday,January,1,0,0,0,0,0,19,1732.0,32911.0
2026-01-27,V024,Yaoundé,Marché Mvog-Mbi,Cooked Street Food (Soya/Beignets),Tuesday,January,1,0,0,0,0,0,16,1593.0,25483.0
2026-01-28,V024,Yaoundé,Marché Mvog-Mbi,Cooked Street Food (Soya/Beignets),Wednesday,January,1,0,0,0,0,0,23,1472.0,33863.0
2026-01-29,V024,Yaoundé,Marché Mvog-Mbi,Cooked Street Food (Soya/Beignets),Thursday,January,1,0,0,0,0,1,26,1805.0,46918.0
2026-01-30,V024,Yaoundé,Marché Mvog-Mbi,Cooked Street Food (Soya/Beignets),Friday,January,1,0,0,0,0,1,24,1831.0,43935.0
2026-01-31,V024,Yaoundé,Marché Mvog-Mbi,Cooked Street Food (Soya/Beignets),Saturday,January,1,1,0,0,0,1,37,1695.0,62720.0
2026-02-01,V024,Yaoundé,Marché Mvog-Mbi,Cooked Street Food (Soya/Beignets),Sunday,February,2,1,0,0,0,0,29,1776.0,51492.0
2026-02-02,V024,Yaoundé,Marché Mvog-Mbi,Cooked Street Food (Soya/Beignets),Monday,February,2,0,0,0,0,0,19,2220.0,42176.0
2026-02-03,V024,Yaoundé,Marché Mvog-Mbi,Cooked Street Food (Soya/Beignets),Tuesday,February,2,0,0,0,0,0,21,1669.0,35047.0
2026-02-04,V024,Yaoundé,Marché Mvog-Mbi,Cooked Street Food (Soya/Beignets),Wednesday,February,2,0,0,0,0,0,17,2170.0,36887.0
2026-02-05,V024,Yaoundé,Marché Mvog-Mbi,Cooked Street Food (Soya/Beignets),Thursday,February,2,0,0,0,0,0,26,1748.0,45449.0
2026-02-06,V024,Yaoundé,Marché Mvog-Mbi,Cooked Street Food (Soya/Beignets),Friday,February,2,0,0,0,0,0,25,1840.0,46012.0
2026-02-07,V024,Yaoundé,Marché Mvog-Mbi,Cooked Street Food (Soya/Beignets),Saturday,February,2,1,0,0,1,0,50,1794.0,89688.0
2026-02-08,V024,Yaoundé,Marché Mvog-Mbi,Cooked Street Food (Soya/Beignets),Sunday,February,2,1,0,0,0,0,20,1977.0,39531.0
2026-02-09,V024,Yaoundé,Marché Mvog-Mbi,Cooked Street Food (Soya/Beignets),Monday,February,2,0,0,0,0,0,21,1674.0,35154.0
2026-02-10,V024,Yaoundé,Marché Mvog-Mbi,Cooked Street Food (Soya/Beignets),Tuesday,February,2,0,0,0,0,0,16,2036.0,32576.0
2026-02-11,V024,Yaoundé,Marché Mvog-Mbi,Cooked Street Food (Soya/Beignets),Wednesday,February,2,0,1,0,0,0,27,1966.0,53084.0
2026-02-12,V024,Yaoundé,Marché Mvog-Mbi,Cooked Street Food (Soya/Beignets),Thursday,February,2,0,0,0,0,0,26,1940.0,50450.0
2026-02-13,V024,Yaoundé,Marché Mvog-Mbi,Cooked Street Food (Soya/Beignets),Friday,February,2,0,0,0,0,0,16,2148.0,34366.0
2026-02-14,V024,Yaoundé,Marché Mvog-Mbi,Cooked Street Food (Soya/Beignets),Saturday,February,2,1,0,0,0,0,23,1890.0,43476.0
2026-02-15,V024,Yaoundé,Marché Mvog-Mbi,Cooked Street Food (Soya/Beignets),Sunday,February,2,1,0,0,0,0,23,1650.0,37954.0
2026-02-16,V024,Yaoundé,Marché Mvog-Mbi,Cooked Street Food (Soya/Beignets),Monday,February,2,0,0,0,0,0,19,1892.0,35951.0
2026-02-17,V024,Yaoundé,Marché Mvog-Mbi,Cooked Street Food (Soya/Beignets),Tuesday,February,2,0,0,0,0,0,30,1879.0,56374.0
2026-02-18,V024,Yaoundé,Marché Mvog-Mbi,Cooked Street Food (Soya/Beignets),Wednesday,February,2,0,0,0,0,0,15,2187.0,32809.0
2026-02-19,V024,Yaoundé,Marché Mvog-Mbi,Cooked Street Food (Soya/Beignets),Thursday,February,2,0,0,0,0,0,19,1836.0,34883.0
2026-02-20,V024,Yaoundé,Marché Mvog-Mbi,Cooked Street Food (Soya/Beignets),Friday,February,2,0,0,0,0,0,18,1942.0,34953.0
2026-02-21,V024,Yaoundé,Marché Mvog-Mbi,Cooked Street Food (Soya/Beignets),Saturday,February,2,1,0,0,1,0,35,1898.0,66442.0
2026-02-22,V024,Yaoundé,Marché Mvog-Mbi,Cooked Street Food (Soya/Beignets),Sunday,February,2,1,0,0,0,0,21,1723.0,36179.0
2026-02-23,V024,Yaoundé,Marché Mvog-Mbi,Cooked Street Food (Soya/Beignets),Monday,February,2,0,0,0,0,0,11,2214.0,24352.0
2026-02-24,V024,Yaoundé,Marché Mvog-Mbi,Cooked Street Food (Soya/Beignets),Tuesday,February,2,0,0,0,0,0,20,1665.0,33292.0
2026-02-25,V024,Yaoundé,Marché Mvog-Mbi,Cooked Street Food (Soya/Beignets),Wednesday,February,2,0,0,0,0,0,19,1859.0,35316.0
2026-02-26,V024,Yaoundé,Marché Mvog-Mbi,Cooked Street Food (Soya/Beignets),Thursday,February,2,0,0,0,0,1,23,1675.0,38524.0
2026-02-27,V024,Yaoundé,Marché Mvog-Mbi,Cooked Street Food (Soya/Beignets),Friday,February,2,0,0,0,0,1,32,1814.0,58064.0
2026-02-28,V024,Yaoundé,Marché Mvog-Mbi,Cooked Street Food (Soya/Beignets),Saturday,February,2,1,0,0,0,1,32,1815.0,58075.0
2026-03-01,V024,Yaoundé,Marché Mvog-Mbi,Cooked Street Food (Soya/Beignets),Sunday,March,3,1,0,0,0,0,19,1907.0,36225.0
2026-03-02,V024,Yaoundé,Marché Mvog-Mbi,Cooked Street Food (Soya/Beignets),Monday,March,3,0,0,0,0,0,15,1872.0,28086.0
2026-03-03,V024,Yaoundé,Marché Mvog-Mbi,Cooked Street Food (Soya/Beignets),Tuesday,March,3,0,0,0,0,0,17,1748.0,29717.0
2026-03-04,V024,Yaoundé,Marché Mvog-Mbi,Cooked Street Food (Soya/Beignets),Wednesday,March,3,0,0,0,0,0,20,1937.0,38731.0
2026-03-05,V024,Yaoundé,Marché Mvog-Mbi,Cooked Street Food (Soya/Beignets),Thursday,March,3,0,0,0,0,0,18,1699.0,30580.0
2026-03-06,V024,Yaoundé,Marché Mvog-Mbi,Cooked Street Food (Soya/Beignets),Friday,March,3,0,0,0,0,0,24,1863.0,44720.0
2026-03-07,V024,Yaoundé,Marché Mvog-Mbi,Cooked Street Food (Soya/Beignets),Saturday,March,3,1,0,0,1,0,43,1866.0,80243.0
2026-03-08,V024,Yaoundé,Marché Mvog-Mbi,Cooked Street Food (Soya/Beignets),Sunday,March,3,1,1,0,0,0,18,2003.0,36055.0
2026-03-09,V024,Yaoundé,Marché Mvog-Mbi,Cooked Street Food (Soya/Beignets),Monday,March,3,0,0,0,0,0,22,1866.0,41046.0
2026-03-10,V024,Yaoundé,Marché Mvog-Mbi,Cooked Street Food (Soya/Beignets),Tuesday,March,3,0,0,0,0,0,16,1837.0,29389.0
2026-03-11,V024,Yaoundé,Marché Mvog-Mbi,Cooked Street Food (Soya/Beignets),Wednesday,March,3,0,0,0,0,0,22,1823.0,40098.0
2026-03-12,V024,Yaoundé,Marché Mvog-Mbi,Cooked Street Food (Soya/Beignets),Thursday,March,3,0,0,0,0,0,21,1875.0,39367.0
2026-03-13,V024,Yaoundé,Marché Mvog-Mbi,Cooked Street Food (Soya/Beignets),Friday,March,3,0,0,0,0,0,27,1785.0,48183.0
2026-03-14,V024,Yaoundé,Marché Mvog-Mbi,Cooked Street Food (Soya/Beignets),Saturday,March,3,1,0,0,0,0,27,1830.0,49418.0
2026-03-15,V024,Yaoundé,Marché Mvog-Mbi,Cooked Street Food (Soya/Beignets),Sunday,March,3,1,0,0,0,0,18,2081.0,37449.0
2026-03-16,V024,Yaoundé,Marché Mvog-Mbi,Cooked Street Food (Soya/Beignets),Monday,March,3,0,0,0,0,0,14,2183.0,30563.0
2026-03-17,V024,Yaoundé,Marché Mvog-Mbi,Cooked Street Food (Soya/Beignets),Tuesday,March,3,0,0,0,0,0,19,1890.0,35907.0
2026-03-18,V024,Yaoundé,Marché Mvog-Mbi,Cooked Street Food (Soya/Beignets),Wednesday,March,3,0,0,0,0,0,23,1878.0,43186.0
2026-03-19,V024,Yaoundé,Marché Mvog-Mbi,Cooked Street Food (Soya/Beignets),Thursday,March,3,0,0,0,0,0,16,2204.0,35265.0
2026-03-20,V024,Yaoundé,Marché Mvog-Mbi,Cooked Street Food (Soya/Beignets),Friday,March,3,0,0,0,0,0,16,2216.0,35461.0
2026-03-21,V024,Yaoundé,Marché Mvog-Mbi,Cooked Street Food (Soya/Beignets),Saturday,March,3,1,0,0,1,0,41,1855.0,76052.0
2026-03-22,V024,Yaoundé,Marché Mvog-Mbi,Cooked Street Food (Soya/Beignets),Sunday,March,3,1,0,0,0,0,23,2280.0,52432.0
2026-03-23,V024,Yaoundé,Marché Mvog-Mbi,Cooked Street Food (Soya/Beignets),Monday,March,3,0,0,0,0,0,22,1842.0,40530.0
2026-03-24,V024,Yaoundé,Marché Mvog-Mbi,Cooked Street Food (Soya/Beignets),Tuesday,March,3,0,0,0,0,0,16,2143.0,34280.0
2026-03-25,V024,Yaoundé,Marché Mvog-Mbi,Cooked Street Food (Soya/Beignets),Wednesday,March,3,0,0,0,0,0,19,1934.0,36754.0
2026-03-26,V024,Yaoundé,Marché Mvog-Mbi,Cooked Street Food (Soya/Beignets),Thursday,March,3,0,0,0,0,0,13,2196.0,28548.0
2026-03-27,V024,Yaoundé,Marché Mvog-Mbi,Cooked Street Food (Soya/Beignets),Friday,March,3,0,0,0,0,0,20,1735.0,34695.0
2026-03-28,V024,Yaoundé,Marché Mvog-Mbi,Cooked Street Food (Soya/Beignets),Saturday,March,3,1,0,0,0,0,23,2059.0,47349.0
2026-03-29,V024,Yaoundé,Marché Mvog-Mbi,Cooked Street Food (Soya/Beignets),Sunday,March,3,1,0,0,0,1,23,2206.0,50748.0
2026-03-30,V024,Yaoundé,Marché Mvog-Mbi,Cooked Street Food (Soya/Beignets),Monday,March,3,0,0,0,0,1,28,1600.0,44808.0
2026-03-31,V024,Yaoundé,Marché Mvog-Mbi,Cooked Street Food (Soya/Beignets),Tuesday,March,3,0,0,0,0,1,18,1627.0,29281.0
2025-09-01,V025,Yaoundé,Marché Mokolo,Mobile Phone Accessories,Monday,September,9,0,0,1,0,0,18,1806.0,32505.0
2025-09-02,V025,Yaoundé,Marché Mokolo,Mobile Phone Accessories,Tuesday,September,9,0,0,1,0,0,11,2774.0,30517.0
2025-09-03,V025,Yaoundé,Marché Mokolo,Mobile Phone Accessories,Wednesday,September,9,0,0,1,0,0,19,1797.0,34145.0
2025-09-04,V025,Yaoundé,Marché Mokolo,Mobile Phone Accessories,Thursday,September,9,0,0,1,0,0,19,1999.0,37979.0
2025-09-05,V025,Yaoundé,Marché Mokolo,Mobile Phone Accessories,Friday,September,9,0,0,1,0,0,20,1900.0,38007.0
2025-09-06,V025,Yaoundé,Marché Mokolo,Mobile Phone Accessories,Saturday,September,9,1,0,1,1,0,40,1778.0,71127.0
2025-09-07,V025,Yaoundé,Marché Mokolo,Mobile Phone Accessories,Sunday,September,9,1,0,1,0,0,30,1841.0,55221.0
2025-09-08,V025,Yaoundé,Marché Mokolo,Mobile Phone Accessories,Monday,September,9,0,0,1,0,0,13,1830.0,23795.0
2025-09-09,V025,Yaoundé,Marché Mokolo,Mobile Phone Accessories,Tuesday,September,9,0,0,1,0,0,15,1842.0,27626.0
2025-09-10,V025,Yaoundé,Marché Mokolo,Mobile Phone Accessories,Wednesday,September,9,0,0,1,0,0,25,1868.0,46699.0
2025-09-11,V025,Yaoundé,Marché Mokolo,Mobile Phone Accessories,Thursday,September,9,0,0,1,0,0,16,1821.0,29139.0
2025-09-12,V025,Yaoundé,Marché Mokolo,Mobile Phone Accessories,Friday,September,9,0,0,1,0,0,28,1455.0,40745.0
2025-09-13,V025,Yaoundé,Marché Mokolo,Mobile Phone Accessories,Saturday,September,9,1,0,1,0,0,27,1955.0,52787.0
2025-09-14,V025,Yaoundé,Marché Mokolo,Mobile Phone Accessories,Sunday,September,9,1,0,1,0,0,24,1929.0,46297.0
2025-09-15,V025,Yaoundé,Marché Mokolo,Mobile Phone Accessories,Monday,September,9,0,0,1,0,0,23,1607.0,36959.0
2025-09-16,V025,Yaoundé,Marché Mokolo,Mobile Phone Accessories,Tuesday,September,9,0,0,1,0,0,19,1591.0,30221.0
2025-09-17,V025,Yaoundé,Marché Mokolo,Mobile Phone Accessories,Wednesday,September,9,0,0,1,0,0,27,1660.0,44815.0
2025-09-18,V025,Yaoundé,Marché Mokolo,Mobile Phone Accessories,Thursday,September,9,0,0,1,0,0,21,1723.0,36190.0
2025-09-19,V025,Yaoundé,Marché Mokolo,Mobile Phone Accessories,Friday,September,9,0,0,1,0,0,25,1637.0,40937.0
2025-09-20,V025,Yaoundé,Marché Mokolo,Mobile Phone Accessories,Saturday,September,9,1,0,1,1,0,27,2012.0,54331.0
2025-09-21,V025,Yaoundé,Marché Mokolo,Mobile Phone Accessories,Sunday,September,9,1,0,1,0,0,25,2267.0,56684.0
2025-09-22,V025,Yaoundé,Marché Mokolo,Mobile Phone Accessories,Monday,September,9,0,0,1,0,0,16,2146.0,34332.0
2025-09-23,V025,Yaoundé,Marché Mokolo,Mobile Phone Accessories,Tuesday,September,9,0,0,1,0,0,18,1799.0,32384.0
2025-09-24,V025,Yaoundé,Marché Mokolo,Mobile Phone Accessories,Wednesday,September,9,0,0,1,0,0,23,1614.0,37119.0
2025-09-25,V025,Yaoundé,Marché Mokolo,Mobile Phone Accessories,Thursday,September,9,0,0,1,0,0,13,2317.0,30118.0
2025-09-26,V025,Yaoundé,Marché Mokolo,Mobile Phone Accessories,Friday,September,9,0,0,1,0,0,32,1604.0,51335.0
2025-09-27,V025,Yaoundé,Marché Mokolo,Mobile Phone Accessories,Saturday,September,9,1,0,1,0,0,38,1694.0,64362.0
2025-09-28,V025,Yaoundé,Marché Mokolo,Mobile Phone Accessories,Sunday,September,9,1,0,1,0,1,32,1852.0,59273.0
2025-09-29,V025,Yaoundé,Marché Mokolo,Mobile Phone Accessories,Monday,September,9,0,0,1,0,1,24,1646.0,39510.0
2025-09-30,V025,Yaoundé,Marché Mokolo,Mobile Phone Accessories,Tuesday,September,9,0,0,1,0,1,14,1709.0,23920.0
2025-10-01,V025,Yaoundé,Marché Mokolo,Mobile Phone Accessories,Wednesday,October,10,0,0,1,0,0,25,1815.0,45367.0
2025-10-02,V025,Yaoundé,Marché Mokolo,Mobile Phone Accessories,Thursday,October,10,0,0,1,0,0,19,1670.0,31739.0
2025-10-03,V025,Yaoundé,Marché Mokolo,Mobile Phone Accessories,Friday,October,10,0,0,1,0,0,29,1746.0,50627.0
2025-10-04,V025,Yaoundé,Marché Mokolo,Mobile Phone Accessories,Saturday,October,10,1,0,1,1,0,27,1808.0,48825.0
2025-10-05,V025,Yaoundé,Marché Mokolo,Mobile Phone Accessories,Sunday,October,10,1,0,1,0,0,23,2005.0,46125.0
2025-10-06,V025,Yaoundé,Marché Mokolo,Mobile Phone Accessories,Monday,October,10,0,0,1,0,0,13,2541.0,33030.0
2025-10-07,V025,Yaoundé,Marché Mokolo,Mobile Phone Accessories,Tuesday,October,10,0,0,1,0,0,19,1901.0,36110.0
2025-10-08,V025,Yaoundé,Marché Mokolo,Mobile Phone Accessories,Wednesday,October,10,0,0,1,0,0,19,1530.0,29063.0
2025-10-09,V025,Yaoundé,Marché Mokolo,Mobile Phone Accessories,Thursday,October,10,0,0,1,0,0,19,1871.0,35546.0
2025-10-10,V025,Yaoundé,Marché Mokolo,Mobile Phone Accessories,Friday,October,10,0,0,1,0,0,26,1870.0,48616.0
2025-10-11,V025,Yaoundé,Marché Mokolo,Mobile Phone Accessories,Saturday,October,10,1,0,1,0,0,33,1909.0,62986.0
2025-10-12,V025,Yaoundé,Marché Mokolo,Mobile Phone Accessories,Sunday,October,10,1,0,1,0,0,29,1879.0,54486.0
2025-10-13,V025,Yaoundé,Marché Mokolo,Mobile Phone Accessories,Monday,October,10,0,0,1,0,0,20,1616.0,32312.0
2025-10-14,V025,Yaoundé,Marché Mokolo,Mobile Phone Accessories,Tuesday,October,10,0,0,1,0,0,14,1919.0,26871.0
2025-10-15,V025,Yaoundé,Marché Mokolo,Mobile Phone Accessories,Wednesday,October,10,0,0,1,0,0,17,2075.0,35269.0
2025-10-16,V025,Yaoundé,Marché Mokolo,Mobile Phone Accessories,Thursday,October,10,0,0,1,0,0,20,1925.0,38503.0
2025-10-17,V025,Yaoundé,Marché Mokolo,Mobile Phone Accessories,Friday,October,10,0,0,1,0,0,27,1739.0,46962.0
2025-10-18,V025,Yaoundé,Marché Mokolo,Mobile Phone Accessories,Saturday,October,10,1,0,1,1,0,27,1839.0,49649.0
2025-10-19,V025,Yaoundé,Marché Mokolo,Mobile Phone Accessories,Sunday,October,10,1,0,1,0,0,19,1863.0,35392.0
2025-10-20,V025,Yaoundé,Marché Mokolo,Mobile Phone Accessories,Monday,October,10,0,0,1,0,0,15,2352.0,35276.0
2025-10-21,V025,Yaoundé,Marché Mokolo,Mobile Phone Accessories,Tuesday,October,10,0,0,1,0,0,13,2144.0,27869.0
2025-10-22,V025,Yaoundé,Marché Mokolo,Mobile Phone Accessories,Wednesday,October,10,0,0,1,0,0,17,2031.0,34529.0
2025-10-23,V025,Yaoundé,Marché Mokolo,Mobile Phone Accessories,Thursday,October,10,0,0,1,0,0,26,1462.0,38014.0
2025-10-24,V025,Yaoundé,Marché Mokolo,Mobile Phone Accessories,Friday,October,10,0,0,1,0,0,32,1590.0,50896.0
2025-10-25,V025,Yaoundé,Marché Mokolo,Mobile Phone Accessories,Saturday,October,10,1,0,1,0,0,28,1697.0,47519.0
2025-10-26,V025,Yaoundé,Marché Mokolo,Mobile Phone Accessories,Sunday,October,10,1,0,1,0,0,32,1759.0,56293.0
2025-10-27,V025,Yaoundé,Marché Mokolo,Mobile Phone Accessories,Monday,October,10,0,0,1,0,0,15,2150.0,32244.0
2025-10-28,V025,Yaoundé,Marché Mokolo,Mobile Phone Accessories,Tuesday,October,10,0,0,1,0,0,16,1840.0,29444.0
2025-10-29,V025,Yaoundé,Marché Mokolo,Mobile Phone Accessories,Wednesday,October,10,0,0,1,0,1,18,2025.0,36453.0
2025-10-30,V025,Yaoundé,Marché Mokolo,Mobile Phone Accessories,Thursday,October,10,0,0,1,0,1,18,1596.0,28731.0
2025-10-31,V025,Yaoundé,Marché Mokolo,Mobile Phone Accessories,Friday,October,10,0,0,1,0,1,47,1774.0,83391.0
2025-11-01,V025,Yaoundé,Marché Mokolo,Mobile Phone Accessories,Saturday,November,11,1,0,0,1,0,45,1798.0,80906.0
2025-11-02,V025,Yaoundé,Marché Mokolo,Mobile Phone Accessories,Sunday,November,11,1,0,0,0,0,24,1847.0,44329.0
2025-11-03,V025,Yaoundé,Marché Mokolo,Mobile Phone Accessories,Monday,November,11,0,0,0,0,0,18,1777.0,31994.0
2025-11-04,V025,Yaoundé,Marché Mokolo,Mobile Phone Accessories,Tuesday,November,11,0,0,0,0,0,20,1866.0,37315.0
2025-11-05,V025,Yaoundé,Marché Mokolo,Mobile Phone Accessories,Wednesday,November,11,0,0,0,0,0,20,2376.0,47511.0
2025-11-06,V025,Yaoundé,Marché Mokolo,Mobile Phone Accessories,Thursday,November,11,0,0,0,0,0,24,1751.0,42021.0
2025-11-07,V025,Yaoundé,Marché Mokolo,Mobile Phone Accessories,Friday,November,11,0,0,0,0,0,31,1858.0,57600.0
2025-11-08,V025,Yaoundé,Marché Mokolo,Mobile Phone Accessories,Saturday,November,11,1,0,0,0,0,35,1706.0,59697.0
2025-11-09,V025,Yaoundé,Marché Mokolo,Mobile Phone Accessories,Sunday,November,11,1,0,0,0,0,31,1887.0,58496.0
2025-11-10,V025,Yaoundé,Marché Mokolo,Mobile Phone Accessories,Monday,November,11,0,0,0,0,0,22,1585.0,34860.0
2025-11-11,V025,Yaoundé,Marché Mokolo,Mobile Phone Accessories,Tuesday,November,11,0,0,0,0,0,11,2166.0,23831.0
2025-11-12,V025,Yaoundé,Marché Mokolo,Mobile Phone Accessories,Wednesday,November,11,0,0,0,0,0,28,1684.0,47138.0
2025-11-13,V025,Yaoundé,Marché Mokolo,Mobile Phone Accessories,Thursday,November,11,0,0,0,0,0,22,1914.0,42116.0
2025-11-14,V025,Yaoundé,Marché Mokolo,Mobile Phone Accessories,Friday,November,11,0,0,0,0,0,21,1904.0,39978.0
2025-11-15,V025,Yaoundé,Marché Mokolo,Mobile Phone Accessories,Saturday,November,11,1,0,0,1,0,48,1868.0,89659.0
2025-11-16,V025,Yaoundé,Marché Mokolo,Mobile Phone Accessories,Sunday,November,11,1,0,0,0,0,23,1980.0,45550.0
2025-11-17,V025,Yaoundé,Marché Mokolo,Mobile Phone Accessories,Monday,November,11,0,0,0,0,0,20,1933.0,38667.0
2025-11-18,V025,Yaoundé,Marché Mokolo,Mobile Phone Accessories,Tuesday,November,11,0,0,0,0,0,15,2288.0,34320.0
2025-11-19,V025,Yaoundé,Marché Mokolo,Mobile Phone Accessories,Wednesday,November,11,0,0,0,0,0,15,1805.0,27081.0
2025-11-20,V025,Yaoundé,Marché Mokolo,Mobile Phone Accessories,Thursday,November,11,0,0,0,0,0,20,1510.0,30201.0
2025-11-21,V025,Yaoundé,Marché Mokolo,Mobile Phone Accessories,Friday,November,11,0,0,0,0,0,16,2021.0,32330.0
2025-11-22,V025,Yaoundé,Marché Mokolo,Mobile Phone Accessories,Saturday,November,11,1,0,0,0,0,31,1861.0,57678.0
2025-11-23,V025,Yaoundé,Marché Mokolo,Mobile Phone Accessories,Sunday,November,11,1,0,0,0,0,18,2037.0,36664.0
2025-11-24,V025,Yaoundé,Marché Mokolo,Mobile Phone Accessories,Monday,November,11,0,0,0,0,0,14,1986.0,27798.0
2025-11-25,V025,Yaoundé,Marché Mokolo,Mobile Phone Accessories,Tuesday,November,11,0,0,0,0,0,27,1838.0,49633.0
2025-11-26,V025,Yaoundé,Marché Mokolo,Mobile Phone Accessories,Wednesday,November,11,0,0,0,0,0,25,1792.0,44798.0
2025-11-27,V025,Yaoundé,Marché Mokolo,Mobile Phone Accessories,Thursday,November,11,0,0,0,0,0,20,2342.0,46847.0
2025-11-28,V025,Yaoundé,Marché Mokolo,Mobile Phone Accessories,Friday,November,11,0,0,0,0,1,30,1700.0,51010.0
2025-11-29,V025,Yaoundé,Marché Mokolo,Mobile Phone Accessories,Saturday,November,11,1,0,0,0,1,36,1657.0,59663.0
2025-11-30,V025,Yaoundé,Marché Mokolo,Mobile Phone Accessories,Sunday,November,11,1,0,0,0,1,36,1866.0,67182.0
2025-12-01,V025,Yaoundé,Marché Mokolo,Mobile Phone Accessories,Monday,December,12,0,0,0,0,0,14,2168.0,30348.0
2025-12-02,V025,Yaoundé,Marché Mokolo,Mobile Phone Accessories,Tuesday,December,12,0,0,0,0,0,14,2228.0,31186.0
2025-12-03,V025,Yaoundé,Marché Mokolo,Mobile Phone Accessories,Wednesday,December,12,0,0,0,0,0,18,2173.0,39112.0
2025-12-04,V025,Yaoundé,Marché Mokolo,Mobile Phone Accessories,Thursday,December,12,0,0,0,0,0,24,1781.0,42737.0
2025-12-05,V025,Yaoundé,Marché Mokolo,Mobile Phone Accessories,Friday,December,12,0,0,0,0,0,22,1579.0,34745.0
2025-12-06,V025,Yaoundé,Marché Mokolo,Mobile Phone Accessories,Saturday,December,12,1,0,0,1,0,42,1772.0,74427.0
2025-12-07,V025,Yaoundé,Marché Mokolo,Mobile Phone Accessories,Sunday,December,12,1,0,0,0,0,22,1773.0,39017.0
2025-12-08,V025,Yaoundé,Marché Mokolo,Mobile Phone Accessories,Monday,December,12,0,0,0,0,0,22,1850.0,40693.0
2025-12-09,V025,Yaoundé,Marché Mokolo,Mobile Phone Accessories,Tuesday,December,12,0,0,0,0,0,27,1855.0,50082.0
2025-12-10,V025,Yaoundé,Marché Mokolo,Mobile Phone Accessories,Wednesday,December,12,0,0,0,0,0,25,1778.0,44460.0
2025-12-11,V025,Yaoundé,Marché Mokolo,Mobile Phone Accessories,Thursday,December,12,0,0,0,0,0,20,2130.0,42597.0
2025-12-12,V025,Yaoundé,Marché Mokolo,Mobile Phone Accessories,Friday,December,12,0,0,0,0,0,26,1927.0,50092.0
2025-12-13,V025,Yaoundé,Marché Mokolo,Mobile Phone Accessories,Saturday,December,12,1,0,0,0,0,30,1646.0,49378.0
2025-12-14,V025,Yaoundé,Marché Mokolo,Mobile Phone Accessories,Sunday,December,12,1,0,0,0,0,21,2049.0,43037.0
2025-12-15,V025,Yaoundé,Marché Mokolo,Mobile Phone Accessories,Monday,December,12,0,0,0,0,0,14,2225.0,31145.0
2025-12-16,V025,Yaoundé,Marché Mokolo,Mobile Phone Accessories,Tuesday,December,12,0,0,0,0,0,23,1966.0,45214.0
2025-12-17,V025,Yaoundé,Marché Mokolo,Mobile Phone Accessories,Wednesday,December,12,0,0,0,0,0,24,1659.0,39826.0
2025-12-18,V025,Yaoundé,Marché Mokolo,Mobile Phone Accessories,Thursday,December,12,0,0,0,0,0,20,1752.0,35036.0
2025-12-19,V025,Yaoundé,Marché Mokolo,Mobile Phone Accessories,Friday,December,12,0,0,0,0,0,26,1497.0,38926.0
2025-12-20,V025,Yaoundé,Marché Mokolo,Mobile Phone Accessories,Saturday,December,12,1,0,0,1,0,44,1825.0,80312.0
2025-12-21,V025,Yaoundé,Marché Mokolo,Mobile Phone Accessories,Sunday,December,12,1,0,0,0,0,21,1853.0,38917.0
2025-12-22,V025,Yaoundé,Marché Mokolo,Mobile Phone Accessories,Monday,December,12,0,0,0,0,0,21,1488.0,31252.0
2025-12-23,V025,Yaoundé,Marché Mokolo,Mobile Phone Accessories,Tuesday,December,12,0,0,0,0,0,15,1868.0,28014.0
2025-12-24,V025,Yaoundé,Marché Mokolo,Mobile Phone Accessories,Wednesday,December,12,0,0,0,0,0,19,1899.0,36087.0
2025-12-25,V025,Yaoundé,Marché Mokolo,Mobile Phone Accessories,Thursday,December,12,0,1,0,0,0,25,1880.0,46993.0
2025-12-26,V025,Yaoundé,Marché Mokolo,Mobile Phone Accessories,Friday,December,12,0,0,0,0,0,31,1769.0,54829.0
2025-12-27,V025,Yaoundé,Marché Mokolo,Mobile Phone Accessories,Saturday,December,12,1,0,0,0,0,28,2215.0,62008.0
2025-12-28,V025,Yaoundé,Marché Mokolo,Mobile Phone Accessories,Sunday,December,12,1,0,0,0,0,22,2146.0,47205.0
2025-12-29,V025,Yaoundé,Marché Mokolo,Mobile Phone Accessories,Monday,December,12,0,0,0,0,1,26,1651.0,42922.0
2025-12-30,V025,Yaoundé,Marché Mokolo,Mobile Phone Accessories,Tuesday,December,12,0,0,0,0,1,18,1889.0,33999.0
2025-12-31,V025,Yaoundé,Marché Mokolo,Mobile Phone Accessories,Wednesday,December,12,0,0,0,0,1,23,1625.0,37379.0
2026-01-01,V025,Yaoundé,Marché Mokolo,Mobile Phone Accessories,Thursday,January,1,0,1,0,0,0,30,1625.0,48747.0
2026-01-02,V025,Yaoundé,Marché Mokolo,Mobile Phone Accessories,Friday,January,1,0,0,0,0,0,28,1803.0,50478.0
2026-01-03,V025,Yaoundé,Marché Mokolo,Mobile Phone Accessories,Saturday,January,1,1,0,0,1,0,39,1761.0,68693.0
2026-01-04,V025,Yaoundé,Marché Mokolo,Mobile Phone Accessories,Sunday,January,1,1,0,0,0,0,18,1817.0,32713.0
2026-01-05,V025,Yaoundé,Marché Mokolo,Mobile Phone Accessories,Monday,January,1,0,0,0,0,0,19,1727.0,32808.0
2026-01-06,V025,Yaoundé,Marché Mokolo,Mobile Phone Accessories,Tuesday,January,1,0,0,0,0,0,16,2111.0,33768.0
2026-01-07,V025,Yaoundé,Marché Mokolo,Mobile Phone Accessories,Wednesday,January,1,0,0,0,0,0,17,2133.0,36254.0
2026-01-08,V025,Yaoundé,Marché Mokolo,Mobile Phone Accessories,Thursday,January,1,0,0,0,0,0,16,1694.0,27109.0
2026-01-09,V025,Yaoundé,Marché Mokolo,Mobile Phone Accessories,Friday,January,1,0,0,0,0,0,29,1793.0,52003.0
2026-01-10,V025,Yaoundé,Marché Mokolo,Mobile Phone Accessories,Saturday,January,1,1,0,0,0,0,39,1864.0,72703.0
2026-01-11,V025,Yaoundé,Marché Mokolo,Mobile Phone Accessories,Sunday,January,1,1,0,0,0,0,19,1819.0,34569.0
2026-01-12,V025,Yaoundé,Marché Mokolo,Mobile Phone Accessories,Monday,January,1,0,0,0,0,0,15,2081.0,31210.0
2026-01-13,V025,Yaoundé,Marché Mokolo,Mobile Phone Accessories,Tuesday,January,1,0,0,0,0,0,17,2025.0,34430.0
2026-01-14,V025,Yaoundé,Marché Mokolo,Mobile Phone Accessories,Wednesday,January,1,0,0,0,0,0,13,2001.0,26017.0
2026-01-15,V025,Yaoundé,Marché Mokolo,Mobile Phone Accessories,Thursday,January,1,0,0,0,0,0,17,1838.0,31245.0
2026-01-16,V025,Yaoundé,Marché Mokolo,Mobile Phone Accessories,Friday,January,1,0,0,0,0,0,25,1665.0,41637.0
2026-01-17,V025,Yaoundé,Marché Mokolo,Mobile Phone Accessories,Saturday,January,1,1,0,0,1,0,51,1776.0,90565.0
2026-01-18,V025,Yaoundé,Marché Mokolo,Mobile Phone Accessories,Sunday,January,1,1,0,0,0,0,21,1611.0,33830.0
2026-01-19,V025,Yaoundé,Marché Mokolo,Mobile Phone Accessories,Monday,January,1,0,0,0,0,0,24,1838.0,44121.0
2026-01-20,V025,Yaoundé,Marché Mokolo,Mobile Phone Accessories,Tuesday,January,1,0,0,0,0,0,23,1927.0,44320.0
2026-01-21,V025,Yaoundé,Marché Mokolo,Mobile Phone Accessories,Wednesday,January,1,0,0,0,0,0,12,2156.0,25876.0
2026-01-22,V025,Yaoundé,Marché Mokolo,Mobile Phone Accessories,Thursday,January,1,0,0,0,0,0,26,2013.0,52335.0
2026-01-23,V025,Yaoundé,Marché Mokolo,Mobile Phone Accessories,Friday,January,1,0,0,0,0,0,26,1802.0,46851.0
2026-01-24,V025,Yaoundé,Marché Mokolo,Mobile Phone Accessories,Saturday,January,1,1,0,0,0,0,28,1873.0,52432.0
2026-01-25,V025,Yaoundé,Marché Mokolo,Mobile Phone Accessories,Sunday,January,1,1,0,0,0,0,24,1888.0,45311.0
2026-01-26,V025,Yaoundé,Marché Mokolo,Mobile Phone Accessories,Monday,January,1,0,0,0,0,0,14,1837.0,25721.0
2026-01-27,V025,Yaoundé,Marché Mokolo,Mobile Phone Accessories,Tuesday,January,1,0,0,0,0,0,25,1695.0,42373.0
2026-01-28,V025,Yaoundé,Marché Mokolo,Mobile Phone Accessories,Wednesday,January,1,0,0,0,0,0,14,2235.0,31296.0
2026-01-29,V025,Yaoundé,Marché Mokolo,Mobile Phone Accessories,Thursday,January,1,0,0,0,0,1,26,1611.0,41888.0
2026-01-30,V025,Yaoundé,Marché Mokolo,Mobile Phone Accessories,Friday,January,1,0,0,0,0,1,35,1729.0,60524.0
2026-01-31,V025,Yaoundé,Marché Mokolo,Mobile Phone Accessories,Saturday,January,1,1,0,0,0,1,43,1805.0,77618.0
2026-02-01,V025,Yaoundé,Marché Mokolo,Mobile Phone Accessories,Sunday,February,2,1,0,0,0,0,26,1758.0,45707.0
2026-02-02,V025,Yaoundé,Marché Mokolo,Mobile Phone Accessories,Monday,February,2,0,0,0,0,0,13,2316.0,30114.0
2026-02-03,V025,Yaoundé,Marché Mokolo,Mobile Phone Accessories,Tuesday,February,2,0,0,0,0,0,24,1658.0,39783.0
2026-02-04,V025,Yaoundé,Marché Mokolo,Mobile Phone Accessories,Wednesday,February,2,0,0,0,0,0,18,1645.0,29605.0
2026-02-05,V025,Yaoundé,Marché Mokolo,Mobile Phone Accessories,Thursday,February,2,0,0,0,0,0,28,1853.0,51880.0
2026-02-06,V025,Yaoundé,Marché Mokolo,Mobile Phone Accessories,Friday,February,2,0,0,0,0,0,22,1838.0,40440.0
2026-02-07,V025,Yaoundé,Marché Mokolo,Mobile Phone Accessories,Saturday,February,2,1,0,0,1,0,32,1920.0,61453.0
2026-02-08,V025,Yaoundé,Marché Mokolo,Mobile Phone Accessories,Sunday,February,2,1,0,0,0,0,23,2102.0,48353.0
2026-02-09,V025,Yaoundé,Marché Mokolo,Mobile Phone Accessories,Monday,February,2,0,0,0,0,0,14,1830.0,25620.0
2026-02-10,V025,Yaoundé,Marché Mokolo,Mobile Phone Accessories,Tuesday,February,2,0,0,0,0,0,20,1739.0,34789.0
2026-02-11,V025,Yaoundé,Marché Mokolo,Mobile Phone Accessories,Wednesday,February,2,0,1,0,0,0,35,1812.0,63429.0
2026-02-12,V025,Yaoundé,Marché Mokolo,Mobile Phone Accessories,Thursday,February,2,0,0,0,0,0,21,2033.0,42694.0
2026-02-13,V025,Yaoundé,Marché Mokolo,Mobile Phone Accessories,Friday,February,2,0,0,0,0,0,28,1921.0,53801.0
2026-02-14,V025,Yaoundé,Marché Mokolo,Mobile Phone Accessories,Saturday,February,2,1,0,0,0,0,32,1820.0,58248.0
2026-02-15,V025,Yaoundé,Marché Mokolo,Mobile Phone Accessories,Sunday,February,2,1,0,0,0,0,27,1995.0,53865.0
2026-02-16,V025,Yaoundé,Marché Mokolo,Mobile Phone Accessories,Monday,February,2,0,0,0,0,0,11,2003.0,22028.0
2026-02-17,V025,Yaoundé,Marché Mokolo,Mobile Phone Accessories,Tuesday,February,2,0,0,0,0,0,21,1810.0,38002.0
2026-02-18,V025,Yaoundé,Marché Mokolo,Mobile Phone Accessories,Wednesday,February,2,0,0,0,0,0,25,1808.0,45197.0
2026-02-19,V025,Yaoundé,Marché Mokolo,Mobile Phone Accessories,Thursday,February,2,0,0,0,0,0,14,2474.0,34636.0
2026-02-20,V025,Yaoundé,Marché Mokolo,Mobile Phone Accessories,Friday,February,2,0,0,0,0,0,26,1727.0,44896.0
2026-02-21,V025,Yaoundé,Marché Mokolo,Mobile Phone Accessories,Saturday,February,2,1,0,0,1,0,35,1807.0,63232.0
2026-02-22,V025,Yaoundé,Marché Mokolo,Mobile Phone Accessories,Sunday,February,2,1,0,0,0,0,24,2010.0,48250.0
2026-02-23,V025,Yaoundé,Marché Mokolo,Mobile Phone Accessories,Monday,February,2,0,0,0,0,0,23,1616.0,37169.0
2026-02-24,V025,Yaoundé,Marché Mokolo,Mobile Phone Accessories,Tuesday,February,2,0,0,0,0,0,16,2116.0,33859.0
2026-02-25,V025,Yaoundé,Marché Mokolo,Mobile Phone Accessories,Wednesday,February,2,0,0,0,0,0,15,2385.0,35775.0
2026-02-26,V025,Yaoundé,Marché Mokolo,Mobile Phone Accessories,Thursday,February,2,0,0,0,0,1,26,1802.0,46843.0
2026-02-27,V025,Yaoundé,Marché Mokolo,Mobile Phone Accessories,Friday,February,2,0,0,0,0,1,40,1821.0,72853.0
2026-02-28,V025,Yaoundé,Marché Mokolo,Mobile Phone Accessories,Saturday,February,2,1,0,0,0,1,37,1924.0,71176.0
2026-03-01,V025,Yaoundé,Marché Mokolo,Mobile Phone Accessories,Sunday,March,3,1,0,0,0,0,20,2097.0,41946.0
2026-03-02,V025,Yaoundé,Marché Mokolo,Mobile Phone Accessories,Monday,March,3,0,0,0,0,0,17,1887.0,32080.0
2026-03-03,V025,Yaoundé,Marché Mokolo,Mobile Phone Accessories,Tuesday,March,3,0,0,0,0,0,19,1940.0,36861.0
2026-03-04,V025,Yaoundé,Marché Mokolo,Mobile Phone Accessories,Wednesday,March,3,0,0,0,0,0,19,1934.0,36754.0
2026-03-05,V025,Yaoundé,Marché Mokolo,Mobile Phone Accessories,Thursday,March,3,0,0,0,0,0,20,1806.0,36116.0
2026-03-06,V025,Yaoundé,Marché Mokolo,Mobile Phone Accessories,Friday,March,3,0,0,0,0,0,27,1748.0,47198.0
2026-03-07,V025,Yaoundé,Marché Mokolo,Mobile Phone Accessories,Saturday,March,3,1,0,0,1,0,36,1844.0,66398.0
2026-03-08,V025,Yaoundé,Marché Mokolo,Mobile Phone Accessories,Sunday,March,3,1,1,0,0,0,28,1933.0,54117.0
2026-03-09,V025,Yaoundé,Marché Mokolo,Mobile Phone Accessories,Monday,March,3,0,0,0,0,0,21,1483.0,31141.0
2026-03-10,V025,Yaoundé,Marché Mokolo,Mobile Phone Accessories,Tuesday,March,3,0,0,0,0,0,15,1976.0,29637.0
2026-03-11,V025,Yaoundé,Marché Mokolo,Mobile Phone Accessories,Wednesday,March,3,0,0,0,0,0,18,1876.0,33767.0
2026-03-12,V025,Yaoundé,Marché Mokolo,Mobile Phone Accessories,Thursday,March,3,0,0,0,0,0,20,1806.0,36117.0
2026-03-13,V025,Yaoundé,Marché Mokolo,Mobile Phone Accessories,Friday,March,3,0,0,0,0,0,21,1640.0,34441.0
2026-03-14,V025,Yaoundé,Marché Mokolo,Mobile Phone Accessories,Saturday,March,3,1,0,0,0,0,33,1953.0,64439.0
2026-03-15,V025,Yaoundé,Marché Mokolo,Mobile Phone Accessories,Sunday,March,3,1,0,0,0,0,14,2123.0,29729.0
2026-03-16,V025,Yaoundé,Marché Mokolo,Mobile Phone Accessories,Monday,March,3,0,0,0,0,0,22,1446.0,31805.0
2026-03-17,V025,Yaoundé,Marché Mokolo,Mobile Phone Accessories,Tuesday,March,3,0,0,0,0,0,17,2266.0,38517.0
2026-03-18,V025,Yaoundé,Marché Mokolo,Mobile Phone Accessories,Wednesday,March,3,0,0,0,0,0,17,1881.0,31980.0
2026-03-19,V025,Yaoundé,Marché Mokolo,Mobile Phone Accessories,Thursday,March,3,0,0,0,0,0,19,2112.0,40127.0
2026-03-20,V025,Yaoundé,Marché Mokolo,Mobile Phone Accessories,Friday,March,3,0,0,0,0,0,23,1988.0,45731.0
2026-03-21,V025,Yaoundé,Marché Mokolo,Mobile Phone Accessories,Saturday,March,3,1,0,0,1,0,31,1794.0,55629.0
2026-03-22,V025,Yaoundé,Marché Mokolo,Mobile Phone Accessories,Sunday,March,3,1,0,0,0,0,30,1714.0,51411.0
2026-03-23,V025,Yaoundé,Marché Mokolo,Mobile Phone Accessories,Monday,March,3,0,0,0,0,0,19,1939.0,36844.0
2026-03-24,V025,Yaoundé,Marché Mokolo,Mobile Phone Accessories,Tuesday,March,3,0,0,0,0,0,22,1806.0,39723.0
2026-03-25,V025,Yaoundé,Marché Mokolo,Mobile Phone Accessories,Wednesday,March,3,0,0,0,0,0,19,1952.0,37090.0
2026-03-26,V025,Yaoundé,Marché Mokolo,Mobile Phone Accessories,Thursday,March,3,0,0,0,0,0,19,1845.0,35056.0
2026-03-27,V025,Yaoundé,Marché Mokolo,Mobile Phone Accessories,Friday,March,3,0,0,0,0,0,40,1817.0,72693.0
2026-03-28,V025,Yaoundé,Marché Mokolo,Mobile Phone Accessories,Saturday,March,3,1,0,0,0,0,26,1981.0,51514.0
2026-03-29,V025,Yaoundé,Marché Mokolo,Mobile Phone Accessories,Sunday,March,3,1,0,0,0,1,30,1569.0,47077.0
2026-03-30,V025,Yaoundé,Marché Mokolo,Mobile Phone Accessories,Monday,March,3,0,0,0,0,1,21,1693.0,35559.0
2026-03-31,V025,Yaoundé,Marché Mokolo,Mobile Phone Accessories,Tuesday,March,3,0,0,0,0,1,21,1788.0,37540.0
2025-09-01,V026,Yaoundé,Marché Mokolo,Cooked Street Food (Soya/Beignets),Monday,September,9,0,0,1,0,0,9,2341.0,21070.0
2025-09-02,V026,Yaoundé,Marché Mokolo,Cooked Street Food (Soya/Beignets),Tuesday,September,9,0,0,1,0,0,18,1477.0,26578.0
2025-09-03,V026,Yaoundé,Marché Mokolo,Cooked Street Food (Soya/Beignets),Wednesday,September,9,0,0,1,0,0,16,2056.0,32889.0
2025-09-04,V026,Yaoundé,Marché Mokolo,Cooked Street Food (Soya/Beignets),Thursday,September,9,0,0,1,0,0,26,1811.0,47076.0
2025-09-05,V026,Yaoundé,Marché Mokolo,Cooked Street Food (Soya/Beignets),Friday,September,9,0,0,1,0,0,16,1685.0,26961.0
2025-09-06,V026,Yaoundé,Marché Mokolo,Cooked Street Food (Soya/Beignets),Saturday,September,9,1,0,1,1,0,30,2138.0,64139.0
2025-09-07,V026,Yaoundé,Marché Mokolo,Cooked Street Food (Soya/Beignets),Sunday,September,9,1,0,1,0,0,14,1936.0,27106.0
2025-09-08,V026,Yaoundé,Marché Mokolo,Cooked Street Food (Soya/Beignets),Monday,September,9,0,0,1,0,0,18,1780.0,32038.0
2025-09-09,V026,Yaoundé,Marché Mokolo,Cooked Street Food (Soya/Beignets),Tuesday,September,9,0,0,1,0,0,14,1977.0,27673.0
2025-09-10,V026,Yaoundé,Marché Mokolo,Cooked Street Food (Soya/Beignets),Wednesday,September,9,0,0,1,0,0,15,1820.0,27297.0
2025-09-11,V026,Yaoundé,Marché Mokolo,Cooked Street Food (Soya/Beignets),Thursday,September,9,0,0,1,0,0,12,2492.0,29906.0
2025-09-12,V026,Yaoundé,Marché Mokolo,Cooked Street Food (Soya/Beignets),Friday,September,9,0,0,1,0,0,22,1623.0,35710.0
2025-09-13,V026,Yaoundé,Marché Mokolo,Cooked Street Food (Soya/Beignets),Saturday,September,9,1,0,1,0,0,24,1561.0,37467.0
2025-09-14,V026,Yaoundé,Marché Mokolo,Cooked Street Food (Soya/Beignets),Sunday,September,9,1,0,1,0,0,19,2108.0,40045.0
2025-09-15,V026,Yaoundé,Marché Mokolo,Cooked Street Food (Soya/Beignets),Monday,September,9,0,0,1,0,0,14,1958.0,27415.0
2025-09-16,V026,Yaoundé,Marché Mokolo,Cooked Street Food (Soya/Beignets),Tuesday,September,9,0,0,1,0,0,10,2330.0,23295.0
2025-09-17,V026,Yaoundé,Marché Mokolo,Cooked Street Food (Soya/Beignets),Wednesday,September,9,0,0,1,0,0,26,1746.0,45386.0
2025-09-18,V026,Yaoundé,Marché Mokolo,Cooked Street Food (Soya/Beignets),Thursday,September,9,0,0,1,0,0,13,1982.0,25772.0
2025-09-19,V026,Yaoundé,Marché Mokolo,Cooked Street Food (Soya/Beignets),Friday,September,9,0,0,1,0,0,27,1874.0,50603.0
2025-09-20,V026,Yaoundé,Marché Mokolo,Cooked Street Food (Soya/Beignets),Saturday,September,9,1,0,1,1,0,34,1728.0,58761.0
2025-09-21,V026,Yaoundé,Marché Mokolo,Cooked Street Food (Soya/Beignets),Sunday,September,9,1,0,1,0,0,19,2025.0,38484.0
2025-09-22,V026,Yaoundé,Marché Mokolo,Cooked Street Food (Soya/Beignets),Monday,September,9,0,0,1,0,0,11,2348.0,25827.0
2025-09-23,V026,Yaoundé,Marché Mokolo,Cooked Street Food (Soya/Beignets),Tuesday,September,9,0,0,1,0,0,19,1890.0,35901.0
2025-09-24,V026,Yaoundé,Marché Mokolo,Cooked Street Food (Soya/Beignets),Wednesday,September,9,0,0,1,0,0,16,2096.0,33537.0
2025-09-25,V026,Yaoundé,Marché Mokolo,Cooked Street Food (Soya/Beignets),Thursday,September,9,0,0,1,0,0,15,1839.0,27589.0
2025-09-26,V026,Yaoundé,Marché Mokolo,Cooked Street Food (Soya/Beignets),Friday,September,9,0,0,1,0,0,23,2149.0,49437.0
2025-09-27,V026,Yaoundé,Marché Mokolo,Cooked Street Food (Soya/Beignets),Saturday,September,9,1,0,1,0,0,25,1482.0,37046.0
2025-09-28,V026,Yaoundé,Marché Mokolo,Cooked Street Food (Soya/Beignets),Sunday,September,9,1,0,1,0,1,22,1869.0,41109.0
2025-09-29,V026,Yaoundé,Marché Mokolo,Cooked Street Food (Soya/Beignets),Monday,September,9,0,0,1,0,1,19,1986.0,37727.0
2025-09-30,V026,Yaoundé,Marché Mokolo,Cooked Street Food (Soya/Beignets),Tuesday,September,9,0,0,1,0,1,15,2019.0,30290.0
2025-10-01,V026,Yaoundé,Marché Mokolo,Cooked Street Food (Soya/Beignets),Wednesday,October,10,0,0,1,0,0,19,1624.0,30864.0
2025-10-02,V026,Yaoundé,Marché Mokolo,Cooked Street Food (Soya/Beignets),Thursday,October,10,0,0,1,0,0,17,1730.0,29407.0
2025-10-03,V026,Yaoundé,Marché Mokolo,Cooked Street Food (Soya/Beignets),Friday,October,10,0,0,1,0,0,30,1712.0,51355.0
2025-10-04,V026,Yaoundé,Marché Mokolo,Cooked Street Food (Soya/Beignets),Saturday,October,10,1,0,1,1,0,31,1526.0,47303.0
2025-10-05,V026,Yaoundé,Marché Mokolo,Cooked Street Food (Soya/Beignets),Sunday,October,10,1,0,1,0,0,16,2030.0,32485.0
2025-10-06,V026,Yaoundé,Marché Mokolo,Cooked Street Food (Soya/Beignets),Monday,October,10,0,0,1,0,0,15,1850.0,27746.0
2025-10-07,V026,Yaoundé,Marché Mokolo,Cooked Street Food (Soya/Beignets),Tuesday,October,10,0,0,1,0,0,13,1511.0,19646.0
2025-10-08,V026,Yaoundé,Marché Mokolo,Cooked Street Food (Soya/Beignets),Wednesday,October,10,0,0,1,0,0,11,2681.0,29496.0
2025-10-09,V026,Yaoundé,Marché Mokolo,Cooked Street Food (Soya/Beignets),Thursday,October,10,0,0,1,0,0,17,1526.0,25941.0
2025-10-10,V026,Yaoundé,Marché Mokolo,Cooked Street Food (Soya/Beignets),Friday,October,10,0,0,1,0,0,23,1709.0,39315.0
2025-10-11,V026,Yaoundé,Marché Mokolo,Cooked Street Food (Soya/Beignets),Saturday,October,10,1,0,1,0,0,34,1688.0,57391.0
2025-10-12,V026,Yaoundé,Marché Mokolo,Cooked Street Food (Soya/Beignets),Sunday,October,10,1,0,1,0,0,24,1911.0,45873.0
2025-10-13,V026,Yaoundé,Marché Mokolo,Cooked Street Food (Soya/Beignets),Monday,October,10,0,0,1,0,0,15,1554.0,23309.0
2025-10-14,V026,Yaoundé,Marché Mokolo,Cooked Street Food (Soya/Beignets),Tuesday,October,10,0,0,1,0,0,16,1809.0,28939.0
2025-10-15,V026,Yaoundé,Marché Mokolo,Cooked Street Food (Soya/Beignets),Wednesday,October,10,0,0,1,0,0,12,1948.0,23378.0
2025-10-16,V026,Yaoundé,Marché Mokolo,Cooked Street Food (Soya/Beignets),Thursday,October,10,0,0,1,0,0,14,1846.0,25842.0
2025-10-17,V026,Yaoundé,Marché Mokolo,Cooked Street Food (Soya/Beignets),Friday,October,10,0,0,1,0,0,20,1717.0,34332.0
2025-10-18,V026,Yaoundé,Marché Mokolo,Cooked Street Food (Soya/Beignets),Saturday,October,10,1,0,1,1,0,29,1872.0,54278.0
2025-10-19,V026,Yaoundé,Marché Mokolo,Cooked Street Food (Soya/Beignets),Sunday,October,10,1,0,1,0,0,19,2028.0,38535.0
2025-10-20,V026,Yaoundé,Marché Mokolo,Cooked Street Food (Soya/Beignets),Monday,October,10,0,0,1,0,0,19,1695.0,32212.0
2025-10-21,V026,Yaoundé,Marché Mokolo,Cooked Street Food (Soya/Beignets),Tuesday,October,10,0,0,1,0,0,14,1795.0,25132.0
2025-10-22,V026,Yaoundé,Marché Mokolo,Cooked Street Food (Soya/Beignets),Wednesday,October,10,0,0,1,0,0,15,1708.0,25620.0
2025-10-23,V026,Yaoundé,Marché Mokolo,Cooked Street Food (Soya/Beignets),Thursday,October,10,0,0,1,0,0,16,1804.0,28870.0
2025-10-24,V026,Yaoundé,Marché Mokolo,Cooked Street Food (Soya/Beignets),Friday,October,10,0,0,1,0,0,31,1745.0,54109.0
2025-10-25,V026,Yaoundé,Marché Mokolo,Cooked Street Food (Soya/Beignets),Saturday,October,10,1,0,1,0,0,22,2143.0,47145.0
2025-10-26,V026,Yaoundé,Marché Mokolo,Cooked Street Food (Soya/Beignets),Sunday,October,10,1,0,1,0,0,19,1530.0,29079.0
2025-10-27,V026,Yaoundé,Marché Mokolo,Cooked Street Food (Soya/Beignets),Monday,October,10,0,0,1,0,0,15,1561.0,23409.0
2025-10-28,V026,Yaoundé,Marché Mokolo,Cooked Street Food (Soya/Beignets),Tuesday,October,10,0,0,1,0,0,15,2211.0,33160.0
2025-10-29,V026,Yaoundé,Marché Mokolo,Cooked Street Food (Soya/Beignets),Wednesday,October,10,0,0,1,0,1,25,1867.0,46667.0
2025-10-30,V026,Yaoundé,Marché Mokolo,Cooked Street Food (Soya/Beignets),Thursday,October,10,0,0,1,0,1,25,1919.0,47964.0
2025-10-31,V026,Yaoundé,Marché Mokolo,Cooked Street Food (Soya/Beignets),Friday,October,10,0,0,1,0,1,26,1717.0,44653.0
2025-11-01,V026,Yaoundé,Marché Mokolo,Cooked Street Food (Soya/Beignets),Saturday,November,11,1,0,0,1,0,35,1884.0,65944.0
2025-11-02,V026,Yaoundé,Marché Mokolo,Cooked Street Food (Soya/Beignets),Sunday,November,11,1,0,0,0,0,20,1871.0,37420.0
2025-11-03,V026,Yaoundé,Marché Mokolo,Cooked Street Food (Soya/Beignets),Monday,November,11,0,0,0,0,0,11,2064.0,22707.0
2025-11-04,V026,Yaoundé,Marché Mokolo,Cooked Street Food (Soya/Beignets),Tuesday,November,11,0,0,0,0,0,23,1698.0,39048.0
2025-11-05,V026,Yaoundé,Marché Mokolo,Cooked Street Food (Soya/Beignets),Wednesday,November,11,0,0,0,0,0,15,1857.0,27855.0
2025-11-06,V026,Yaoundé,Marché Mokolo,Cooked Street Food (Soya/Beignets),Thursday,November,11,0,0,0,0,0,22,1772.0,38995.0
2025-11-07,V026,Yaoundé,Marché Mokolo,Cooked Street Food (Soya/Beignets),Friday,November,11,0,0,0,0,0,26,1777.0,46211.0
2025-11-08,V026,Yaoundé,Marché Mokolo,Cooked Street Food (Soya/Beignets),Saturday,November,11,1,0,0,0,0,28,1823.0,51050.0
2025-11-09,V026,Yaoundé,Marché Mokolo,Cooked Street Food (Soya/Beignets),Sunday,November,11,1,0,0,0,0,18,1711.0,30803.0
2025-11-10,V026,Yaoundé,Marché Mokolo,Cooked Street Food (Soya/Beignets),Monday,November,11,0,0,0,0,0,11,2479.0,27264.0
2025-11-11,V026,Yaoundé,Marché Mokolo,Cooked Street Food (Soya/Beignets),Tuesday,November,11,0,0,0,0,0,16,1690.0,27038.0
2025-11-12,V026,Yaoundé,Marché Mokolo,Cooked Street Food (Soya/Beignets),Wednesday,November,11,0,0,0,0,0,10,2190.0,21900.0
2025-11-13,V026,Yaoundé,Marché Mokolo,Cooked Street Food (Soya/Beignets),Thursday,November,11,0,0,0,0,0,21,1598.0,33557.0
2025-11-14,V026,Yaoundé,Marché Mokolo,Cooked Street Food (Soya/Beignets),Friday,November,11,0,0,0,0,0,29,1652.0,47906.0
2025-11-15,V026,Yaoundé,Marché Mokolo,Cooked Street Food (Soya/Beignets),Saturday,November,11,1,0,0,1,0,33,1823.0,60157.0
2025-11-16,V026,Yaoundé,Marché Mokolo,Cooked Street Food (Soya/Beignets),Sunday,November,11,1,0,0,0,0,22,2021.0,44457.0
2025-11-17,V026,Yaoundé,Marché Mokolo,Cooked Street Food (Soya/Beignets),Monday,November,11,0,0,0,0,0,10,2380.0,23797.0
2025-11-18,V026,Yaoundé,Marché Mokolo,Cooked Street Food (Soya/Beignets),Tuesday,November,11,0,0,0,0,0,18,2016.0,36288.0
2025-11-19,V026,Yaoundé,Marché Mokolo,Cooked Street Food (Soya/Beignets),Wednesday,November,11,0,0,0,0,0,20,1851.0,37022.0
2025-11-20,V026,Yaoundé,Marché Mokolo,Cooked Street Food (Soya/Beignets),Thursday,November,11,0,0,0,0,0,19,2101.0,39920.0
2025-11-21,V026,Yaoundé,Marché Mokolo,Cooked Street Food (Soya/Beignets),Friday,November,11,0,0,0,0,0,20,1788.0,35754.0
2025-11-22,V026,Yaoundé,Marché Mokolo,Cooked Street Food (Soya/Beignets),Saturday,November,11,1,0,0,0,0,20,2272.0,45443.0
2025-11-23,V026,Yaoundé,Marché Mokolo,Cooked Street Food (Soya/Beignets),Sunday,November,11,1,0,0,0,0,14,2131.0,29836.0
2025-11-24,V026,Yaoundé,Marché Mokolo,Cooked Street Food (Soya/Beignets),Monday,November,11,0,0,0,0,0,14,1681.0,23533.0
2025-11-25,V026,Yaoundé,Marché Mokolo,Cooked Street Food (Soya/Beignets),Tuesday,November,11,0,0,0,0,0,17,1864.0,31695.0
2025-11-26,V026,Yaoundé,Marché Mokolo,Cooked Street Food (Soya/Beignets),Wednesday,November,11,0,0,0,0,0,27,1644.0,44388.0
2025-11-27,V026,Yaoundé,Marché Mokolo,Cooked Street Food (Soya/Beignets),Thursday,November,11,0,0,0,0,0,18,2101.0,37822.0
2025-11-28,V026,Yaoundé,Marché Mokolo,Cooked Street Food (Soya/Beignets),Friday,November,11,0,0,0,0,1,26,1789.0,46512.0
2025-11-29,V026,Yaoundé,Marché Mokolo,Cooked Street Food (Soya/Beignets),Saturday,November,11,1,0,0,0,1,32,1638.0,52408.0
2025-11-30,V026,Yaoundé,Marché Mokolo,Cooked Street Food (Soya/Beignets),Sunday,November,11,1,0,0,0,1,22,2015.0,44332.0
2025-12-01,V026,Yaoundé,Marché Mokolo,Cooked Street Food (Soya/Beignets),Monday,December,12,0,0,0,0,0,17,1395.0,23711.0
2025-12-02,V026,Yaoundé,Marché Mokolo,Cooked Street Food (Soya/Beignets),Tuesday,December,12,0,0,0,0,0,11,2514.0,27656.0
2025-12-03,V026,Yaoundé,Marché Mokolo,Cooked Street Food (Soya/Beignets),Wednesday,December,12,0,0,0,0,0,11,2523.0,27758.0
2025-12-04,V026,Yaoundé,Marché Mokolo,Cooked Street Food (Soya/Beignets),Thursday,December,12,0,0,0,0,0,17,2272.0,38617.0
2025-12-05,V026,Yaoundé,Marché Mokolo,Cooked Street Food (Soya/Beignets),Friday,December,12,0,0,0,0,0,17,1829.0,31089.0
2025-12-06,V026,Yaoundé,Marché Mokolo,Cooked Street Food (Soya/Beignets),Saturday,December,12,1,0,0,1,0,39,1814.0,70756.0
2025-12-07,V026,Yaoundé,Marché Mokolo,Cooked Street Food (Soya/Beignets),Sunday,December,12,1,0,0,0,0,17,1792.0,30458.0
2025-12-08,V026,Yaoundé,Marché Mokolo,Cooked Street Food (Soya/Beignets),Monday,December,12,0,0,0,0,0,16,1630.0,26083.0
2025-12-09,V026,Yaoundé,Marché Mokolo,Cooked Street Food (Soya/Beignets),Tuesday,December,12,0,0,0,0,0,18,1933.0,34790.0
2025-12-10,V026,Yaoundé,Marché Mokolo,Cooked Street Food (Soya/Beignets),Wednesday,December,12,0,0,0,0,0,20,1779.0,35580.0
2025-12-11,V026,Yaoundé,Marché Mokolo,Cooked Street Food (Soya/Beignets),Thursday,December,12,0,0,0,0,0,24,1745.0,41871.0
2025-12-12,V026,Yaoundé,Marché Mokolo,Cooked Street Food (Soya/Beignets),Friday,December,12,0,0,0,0,0,27,1635.0,44155.0
2025-12-13,V026,Yaoundé,Marché Mokolo,Cooked Street Food (Soya/Beignets),Saturday,December,12,1,0,0,0,0,25,1970.0,49245.0
2025-12-14,V026,Yaoundé,Marché Mokolo,Cooked Street Food (Soya/Beignets),Sunday,December,12,1,0,0,0,0,21,1886.0,39602.0
2025-12-15,V026,Yaoundé,Marché Mokolo,Cooked Street Food (Soya/Beignets),Monday,December,12,0,0,0,0,0,17,1861.0,31634.0
2025-12-16,V026,Yaoundé,Marché Mokolo,Cooked Street Food (Soya/Beignets),Tuesday,December,12,0,0,0,0,0,15,2138.0,32073.0
2025-12-17,V026,Yaoundé,Marché Mokolo,Cooked Street Food (Soya/Beignets),Wednesday,December,12,0,0,0,0,0,16,2118.0,33883.0
2025-12-18,V026,Yaoundé,Marché Mokolo,Cooked Street Food (Soya/Beignets),Thursday,December,12,0,0,0,0,0,23,1692.0,38927.0
2025-12-19,V026,Yaoundé,Marché Mokolo,Cooked Street Food (Soya/Beignets),Friday,December,12,0,0,0,0,0,24,1775.0,42601.0
2025-12-20,V026,Yaoundé,Marché Mokolo,Cooked Street Food (Soya/Beignets),Saturday,December,12,1,0,0,1,0,29,1919.0,55662.0
2025-12-21,V026,Yaoundé,Marché Mokolo,Cooked Street Food (Soya/Beignets),Sunday,December,12,1,0,0,0,0,25,1524.0,38093.0
2025-12-22,V026,Yaoundé,Marché Mokolo,Cooked Street Food (Soya/Beignets),Monday,December,12,0,0,0,0,0,13,2275.0,29570.0
2025-12-23,V026,Yaoundé,Marché Mokolo,Cooked Street Food (Soya/Beignets),Tuesday,December,12,0,0,0,0,0,9,2437.0,21933.0
2025-12-24,V026,Yaoundé,Marché Mokolo,Cooked Street Food (Soya/Beignets),Wednesday,December,12,0,0,0,0,0,18,1605.0,28889.0
2025-12-25,V026,Yaoundé,Marché Mokolo,Cooked Street Food (Soya/Beignets),Thursday,December,12,0,1,0,0,0,21,1621.0,34038.0
2025-12-26,V026,Yaoundé,Marché Mokolo,Cooked Street Food (Soya/Beignets),Friday,December,12,0,0,0,0,0,23,1797.0,41328.0
2025-12-27,V026,Yaoundé,Marché Mokolo,Cooked Street Food (Soya/Beignets),Saturday,December,12,1,0,0,0,0,30,1777.0,53310.0
2025-12-28,V026,Yaoundé,Marché Mokolo,Cooked Street Food (Soya/Beignets),Sunday,December,12,1,0,0,0,0,15,2365.0,35470.0
2025-12-29,V026,Yaoundé,Marché Mokolo,Cooked Street Food (Soya/Beignets),Monday,December,12,0,0,0,0,1,14,2097.0,29351.0
2025-12-30,V026,Yaoundé,Marché Mokolo,Cooked Street Food (Soya/Beignets),Tuesday,December,12,0,0,0,0,1,20,1814.0,36276.0
2025-12-31,V026,Yaoundé,Marché Mokolo,Cooked Street Food (Soya/Beignets),Wednesday,December,12,0,0,0,0,1,22,1539.0,33857.0
2026-01-01,V026,Yaoundé,Marché Mokolo,Cooked Street Food (Soya/Beignets),Thursday,January,1,0,1,0,0,0,15,2431.0,36466.0
2026-01-02,V026,Yaoundé,Marché Mokolo,Cooked Street Food (Soya/Beignets),Friday,January,1,0,0,0,0,0,25,1635.0,40884.0
2026-01-03,V026,Yaoundé,Marché Mokolo,Cooked Street Food (Soya/Beignets),Saturday,January,1,1,0,0,1,0,33,1849.0,61022.0
2026-01-04,V026,Yaoundé,Marché Mokolo,Cooked Street Food (Soya/Beignets),Sunday,January,1,1,0,0,0,0,25,1595.0,39885.0
2026-01-05,V026,Yaoundé,Marché Mokolo,Cooked Street Food (Soya/Beignets),Monday,January,1,0,0,0,0,0,13,1865.0,24239.0
2026-01-06,V026,Yaoundé,Marché Mokolo,Cooked Street Food (Soya/Beignets),Tuesday,January,1,0,0,0,0,0,19,1771.0,33652.0
2026-01-07,V026,Yaoundé,Marché Mokolo,Cooked Street Food (Soya/Beignets),Wednesday,January,1,0,0,0,0,0,15,1971.0,29571.0
2026-01-08,V026,Yaoundé,Marché Mokolo,Cooked Street Food (Soya/Beignets),Thursday,January,1,0,0,0,0,0,18,1728.0,31101.0
2026-01-09,V026,Yaoundé,Marché Mokolo,Cooked Street Food (Soya/Beignets),Friday,January,1,0,0,0,0,0,28,1556.0,43577.0
2026-01-10,V026,Yaoundé,Marché Mokolo,Cooked Street Food (Soya/Beignets),Saturday,January,1,1,0,0,0,0,24,1552.0,37241.0
2026-01-11,V026,Yaoundé,Marché Mokolo,Cooked Street Food (Soya/Beignets),Sunday,January,1,1,0,0,0,0,20,1841.0,36815.0
2026-01-12,V026,Yaoundé,Marché Mokolo,Cooked Street Food (Soya/Beignets),Monday,January,1,0,0,0,0,0,20,1656.0,33117.0
2026-01-13,V026,Yaoundé,Marché Mokolo,Cooked Street Food (Soya/Beignets),Tuesday,January,1,0,0,0,0,0,23,1597.0,36733.0
2026-01-14,V026,Yaoundé,Marché Mokolo,Cooked Street Food (Soya/Beignets),Wednesday,January,1,0,0,0,0,0,19,1616.0,30699.0
2026-01-15,V026,Yaoundé,Marché Mokolo,Cooked Street Food (Soya/Beignets),Thursday,January,1,0,0,0,0,0,15,1949.0,29234.0
2026-01-16,V026,Yaoundé,Marché Mokolo,Cooked Street Food (Soya/Beignets),Friday,January,1,0,0,0,0,0,20,1936.0,38725.0
2026-01-17,V026,Yaoundé,Marché Mokolo,Cooked Street Food (Soya/Beignets),Saturday,January,1,1,0,0,1,0,34,1723.0,58576.0
2026-01-18,V026,Yaoundé,Marché Mokolo,Cooked Street Food (Soya/Beignets),Sunday,January,1,1,0,0,0,0,22,1952.0,42947.0
2026-01-19,V026,Yaoundé,Marché Mokolo,Cooked Street Food (Soya/Beignets),Monday,January,1,0,0,0,0,0,12,2086.0,25035.0
2026-01-20,V026,Yaoundé,Marché Mokolo,Cooked Street Food (Soya/Beignets),Tuesday,January,1,0,0,0,0,0,13,2332.0,30310.0
2026-01-21,V026,Yaoundé,Marché Mokolo,Cooked Street Food (Soya/Beignets),Wednesday,January,1,0,0,0,0,0,13,2026.0,26340.0
2026-01-22,V026,Yaoundé,Marché Mokolo,Cooked Street Food (Soya/Beignets),Thursday,January,1,0,0,0,0,0,21,1885.0,39588.0
2026-01-23,V026,Yaoundé,Marché Mokolo,Cooked Street Food (Soya/Beignets),Friday,January,1,0,0,0,0,0,27,1776.0,47957.0
2026-01-24,V026,Yaoundé,Marché Mokolo,Cooked Street Food (Soya/Beignets),Saturday,January,1,1,0,0,0,0,24,1879.0,45090.0
2026-01-25,V026,Yaoundé,Marché Mokolo,Cooked Street Food (Soya/Beignets),Sunday,January,1,1,0,0,0,0,22,1407.0,30964.0
2026-01-26,V026,Yaoundé,Marché Mokolo,Cooked Street Food (Soya/Beignets),Monday,January,1,0,0,0,0,0,20,1733.0,34652.0
2026-01-27,V026,Yaoundé,Marché Mokolo,Cooked Street Food (Soya/Beignets),Tuesday,January,1,0,0,0,0,0,12,1966.0,23591.0
2026-01-28,V026,Yaoundé,Marché Mokolo,Cooked Street Food (Soya/Beignets),Wednesday,January,1,0,0,0,0,0,14,1853.0,25942.0
2026-01-29,V026,Yaoundé,Marché Mokolo,Cooked Street Food (Soya/Beignets),Thursday,January,1,0,0,0,0,1,16,1991.0,31862.0
2026-01-30,V026,Yaoundé,Marché Mokolo,Cooked Street Food (Soya/Beignets),Friday,January,1,0,0,0,0,1,21,1863.0,39126.0
2026-01-31,V026,Yaoundé,Marché Mokolo,Cooked Street Food (Soya/Beignets),Saturday,January,1,1,0,0,0,1,31,1845.0,57206.0
2026-02-01,V026,Yaoundé,Marché Mokolo,Cooked Street Food (Soya/Beignets),Sunday,February,2,1,0,0,0,0,29,1736.0,50332.0
2026-02-02,V026,Yaoundé,Marché Mokolo,Cooked Street Food (Soya/Beignets),Monday,February,2,0,0,0,0,0,14,1760.0,24644.0
2026-02-03,V026,Yaoundé,Marché Mokolo,Cooked Street Food (Soya/Beignets),Tuesday,February,2,0,0,0,0,0,13,2023.0,26295.0
2026-02-04,V026,Yaoundé,Marché Mokolo,Cooked Street Food (Soya/Beignets),Wednesday,February,2,0,0,0,0,0,20,1685.0,33706.0
2026-02-05,V026,Yaoundé,Marché Mokolo,Cooked Street Food (Soya/Beignets),Thursday,February,2,0,0,0,0,0,14,2104.0,29454.0
2026-02-06,V026,Yaoundé,Marché Mokolo,Cooked Street Food (Soya/Beignets),Friday,February,2,0,0,0,0,0,23,1767.0,40651.0
2026-02-07,V026,Yaoundé,Marché Mokolo,Cooked Street Food (Soya/Beignets),Saturday,February,2,1,0,0,1,0,30,1722.0,51659.0
2026-02-08,V026,Yaoundé,Marché Mokolo,Cooked Street Food (Soya/Beignets),Sunday,February,2,1,0,0,0,0,22,1948.0,42854.0
2026-02-09,V026,Yaoundé,Marché Mokolo,Cooked Street Food (Soya/Beignets),Monday,February,2,0,0,0,0,0,21,1656.0,34775.0
2026-02-10,V026,Yaoundé,Marché Mokolo,Cooked Street Food (Soya/Beignets),Tuesday,February,2,0,0,0,0,0,27,1603.0,43279.0
2026-02-11,V026,Yaoundé,Marché Mokolo,Cooked Street Food (Soya/Beignets),Wednesday,February,2,0,1,0,0,0,20,1643.0,32854.0
2026-02-12,V026,Yaoundé,Marché Mokolo,Cooked Street Food (Soya/Beignets),Thursday,February,2,0,0,0,0,0,20,1918.0,38356.0
2026-02-13,V026,Yaoundé,Marché Mokolo,Cooked Street Food (Soya/Beignets),Friday,February,2,0,0,0,0,0,20,2171.0,43429.0
2026-02-14,V026,Yaoundé,Marché Mokolo,Cooked Street Food (Soya/Beignets),Saturday,February,2,1,0,0,0,0,15,2323.0,34850.0
2026-02-15,V026,Yaoundé,Marché Mokolo,Cooked Street Food (Soya/Beignets),Sunday,February,2,1,0,0,0,0,23,1781.0,40968.0
2026-02-16,V026,Yaoundé,Marché Mokolo,Cooked Street Food (Soya/Beignets),Monday,February,2,0,0,0,0,0,18,1501.0,27009.0
2026-02-17,V026,Yaoundé,Marché Mokolo,Cooked Street Food (Soya/Beignets),Tuesday,February,2,0,0,0,0,0,16,2227.0,35629.0
2026-02-18,V026,Yaoundé,Marché Mokolo,Cooked Street Food (Soya/Beignets),Wednesday,February,2,0,0,0,0,0,14,2141.0,29978.0
2026-02-19,V026,Yaoundé,Marché Mokolo,Cooked Street Food (Soya/Beignets),Thursday,February,2,0,0,0,0,0,19,1856.0,35272.0
2026-02-20,V026,Yaoundé,Marché Mokolo,Cooked Street Food (Soya/Beignets),Friday,February,2,0,0,0,0,0,22,1552.0,34134.0
2026-02-21,V026,Yaoundé,Marché Mokolo,Cooked Street Food (Soya/Beignets),Saturday,February,2,1,0,0,1,0,31,1889.0,58550.0
2026-02-22,V026,Yaoundé,Marché Mokolo,Cooked Street Food (Soya/Beignets),Sunday,February,2,1,0,0,0,0,23,1587.0,36494.0
2026-02-23,V026,Yaoundé,Marché Mokolo,Cooked Street Food (Soya/Beignets),Monday,February,2,0,0,0,0,0,18,1857.0,33432.0
2026-02-24,V026,Yaoundé,Marché Mokolo,Cooked Street Food (Soya/Beignets),Tuesday,February,2,0,0,0,0,0,12,2079.0,24951.0
2026-02-25,V026,Yaoundé,Marché Mokolo,Cooked Street Food (Soya/Beignets),Wednesday,February,2,0,0,0,0,0,16,1772.0,28350.0
2026-02-26,V026,Yaoundé,Marché Mokolo,Cooked Street Food (Soya/Beignets),Thursday,February,2,0,0,0,0,1,22,1961.0,43142.0
2026-02-27,V026,Yaoundé,Marché Mokolo,Cooked Street Food (Soya/Beignets),Friday,February,2,0,0,0,0,1,27,1969.0,53151.0
2026-02-28,V026,Yaoundé,Marché Mokolo,Cooked Street Food (Soya/Beignets),Saturday,February,2,1,0,0,0,1,25,2023.0,50586.0
2026-03-01,V026,Yaoundé,Marché Mokolo,Cooked Street Food (Soya/Beignets),Sunday,March,3,1,0,0,0,0,14,2090.0,29267.0
2026-03-02,V026,Yaoundé,Marché Mokolo,Cooked Street Food (Soya/Beignets),Monday,March,3,0,0,0,0,0,13,2173.0,28243.0
2026-03-03,V026,Yaoundé,Marché Mokolo,Cooked Street Food (Soya/Beignets),Tuesday,March,3,0,0,0,0,0,19,2056.0,39061.0
2026-03-04,V026,Yaoundé,Marché Mokolo,Cooked Street Food (Soya/Beignets),Wednesday,March,3,0,0,0,0,0,20,1598.0,31961.0
2026-03-05,V026,Yaoundé,Marché Mokolo,Cooked Street Food (Soya/Beignets),Thursday,March,3,0,0,0,0,0,17,1958.0,33289.0
2026-03-06,V026,Yaoundé,Marché Mokolo,Cooked Street Food (Soya/Beignets),Friday,March,3,0,0,0,0,0,21,1957.0,41087.0
2026-03-07,V026,Yaoundé,Marché Mokolo,Cooked Street Food (Soya/Beignets),Saturday,March,3,1,0,0,1,0,28,1728.0,48395.0
2026-03-08,V026,Yaoundé,Marché Mokolo,Cooked Street Food (Soya/Beignets),Sunday,March,3,1,1,0,0,0,25,1719.0,42987.0
2026-03-09,V026,Yaoundé,Marché Mokolo,Cooked Street Food (Soya/Beignets),Monday,March,3,0,0,0,0,0,18,1819.0,32747.0
2026-03-10,V026,Yaoundé,Marché Mokolo,Cooked Street Food (Soya/Beignets),Tuesday,March,3,0,0,0,0,0,18,1974.0,35525.0
2026-03-11,V026,Yaoundé,Marché Mokolo,Cooked Street Food (Soya/Beignets),Wednesday,March,3,0,0,0,0,0,21,1695.0,35605.0
2026-03-12,V026,Yaoundé,Marché Mokolo,Cooked Street Food (Soya/Beignets),Thursday,March,3,0,0,0,0,0,16,1938.0,31010.0
2026-03-13,V026,Yaoundé,Marché Mokolo,Cooked Street Food (Soya/Beignets),Friday,March,3,0,0,0,0,0,27,1572.0,42456.0
2026-03-14,V026,Yaoundé,Marché Mokolo,Cooked Street Food (Soya/Beignets),Saturday,March,3,1,0,0,0,0,25,1884.0,47098.0
2026-03-15,V026,Yaoundé,Marché Mokolo,Cooked Street Food (Soya/Beignets),Sunday,March,3,1,0,0,0,0,26,1816.0,47221.0
2026-03-16,V026,Yaoundé,Marché Mokolo,Cooked Street Food (Soya/Beignets),Monday,March,3,0,0,0,0,0,21,1579.0,33160.0
2026-03-17,V026,Yaoundé,Marché Mokolo,Cooked Street Food (Soya/Beignets),Tuesday,March,3,0,0,0,0,0,11,1924.0,21162.0
2026-03-18,V026,Yaoundé,Marché Mokolo,Cooked Street Food (Soya/Beignets),Wednesday,March,3,0,0,0,0,0,14,2119.0,29667.0
2026-03-19,V026,Yaoundé,Marché Mokolo,Cooked Street Food (Soya/Beignets),Thursday,March,3,0,0,0,0,0,9,2575.0,23178.0
2026-03-20,V026,Yaoundé,Marché Mokolo,Cooked Street Food (Soya/Beignets),Friday,March,3,0,0,0,0,0,21,1942.0,40773.0
2026-03-21,V026,Yaoundé,Marché Mokolo,Cooked Street Food (Soya/Beignets),Saturday,March,3,1,0,0,1,0,28,1791.0,50160.0
2026-03-22,V026,Yaoundé,Marché Mokolo,Cooked Street Food (Soya/Beignets),Sunday,March,3,1,0,0,0,0,21,1606.0,33721.0
2026-03-23,V026,Yaoundé,Marché Mokolo,Cooked Street Food (Soya/Beignets),Monday,March,3,0,0,0,0,0,17,1493.0,25374.0
2026-03-24,V026,Yaoundé,Marché Mokolo,Cooked Street Food (Soya/Beignets),Tuesday,March,3,0,0,0,0,0,15,1978.0,29668.0
2026-03-25,V026,Yaoundé,Marché Mokolo,Cooked Street Food (Soya/Beignets),Wednesday,March,3,0,0,0,0,0,18,1508.0,27140.0
2026-03-26,V026,Yaoundé,Marché Mokolo,Cooked Street Food (Soya/Beignets),Thursday,March,3,0,0,0,0,0,19,1953.0,37108.0
2026-03-27,V026,Yaoundé,Marché Mokolo,Cooked Street Food (Soya/Beignets),Friday,March,3,0,0,0,0,0,17,2405.0,40881.0
2026-03-28,V026,Yaoundé,Marché Mokolo,Cooked Street Food (Soya/Beignets),Saturday,March,3,1,0,0,0,0,19,2034.0,38642.0
2026-03-29,V026,Yaoundé,Marché Mokolo,Cooked Street Food (Soya/Beignets),Sunday,March,3,1,0,0,0,1,23,1661.0,38207.0
2026-03-30,V026,Yaoundé,Marché Mokolo,Cooked Street Food (Soya/Beignets),Monday,March,3,0,0,0,0,1,9,2569.0,23120.0
2026-03-31,V026,Yaoundé,Marché Mokolo,Cooked Street Food (Soya/Beignets),Tuesday,March,3,0,0,0,0,1,21,1772.0,37214.0
2025-09-01,V027,Douala,Marché Nkoulouloun,Charcoal & Firewood,Monday,September,9,0,0,1,0,0,15,1932.0,28987.0
2025-09-02,V027,Douala,Marché Nkoulouloun,Charcoal & Firewood,Tuesday,September,9,0,0,1,0,0,11,2091.0,23001.0
2025-09-03,V027,Douala,Marché Nkoulouloun,Charcoal & Firewood,Wednesday,September,9,0,0,1,0,0,8,2533.0,20262.0
2025-09-04,V027,Douala,Marché Nkoulouloun,Charcoal & Firewood,Thursday,September,9,0,0,1,0,0,17,1631.0,27734.0
2025-09-05,V027,Douala,Marché Nkoulouloun,Charcoal & Firewood,Friday,September,9,0,0,1,0,0,13,1990.0,25865.0
2025-09-06,V027,Douala,Marché Nkoulouloun,Charcoal & Firewood,Saturday,September,9,1,0,1,1,0,24,2043.0,49037.0
2025-09-07,V027,Douala,Marché Nkoulouloun,Charcoal & Firewood,Sunday,September,9,1,0,1,0,0,13,1711.0,22245.0
2025-09-08,V027,Douala,Marché Nkoulouloun,Charcoal & Firewood,Monday,September,9,0,0,1,0,0,9,2090.0,18811.0
2025-09-09,V027,Douala,Marché Nkoulouloun,Charcoal & Firewood,Tuesday,September,9,0,0,1,0,0,14,1728.0,24196.0
2025-09-10,V027,Douala,Marché Nkoulouloun,Charcoal & Firewood,Wednesday,September,9,0,0,1,0,0,11,1573.0,17302.0
2025-09-11,V027,Douala,Marché Nkoulouloun,Charcoal & Firewood,Thursday,September,9,0,0,1,0,0,14,1373.0,19226.0
2025-09-12,V027,Douala,Marché Nkoulouloun,Charcoal & Firewood,Friday,September,9,0,0,1,0,0,9,2444.0,21994.0
2025-09-13,V027,Douala,Marché Nkoulouloun,Charcoal & Firewood,Saturday,September,9,1,0,1,0,0,23,1604.0,36894.0
2025-09-14,V027,Douala,Marché Nkoulouloun,Charcoal & Firewood,Sunday,September,9,1,0,1,0,0,14,1735.0,24290.0
2025-09-15,V027,Douala,Marché Nkoulouloun,Charcoal & Firewood,Monday,September,9,0,0,1,0,0,12,1895.0,22744.0
2025-09-16,V027,Douala,Marché Nkoulouloun,Charcoal & Firewood,Tuesday,September,9,0,0,1,0,0,9,2263.0,20365.0
2025-09-17,V027,Douala,Marché Nkoulouloun,Charcoal & Firewood,Wednesday,September,9,0,0,1,0,0,13,1235.0,16057.0
2025-09-18,V027,Douala,Marché Nkoulouloun,Charcoal & Firewood,Thursday,September,9,0,0,1,0,0,12,1969.0,23629.0
2025-09-19,V027,Douala,Marché Nkoulouloun,Charcoal & Firewood,Friday,September,9,0,0,1,0,0,21,1717.0,36066.0
2025-09-20,V027,Douala,Marché Nkoulouloun,Charcoal & Firewood,Saturday,September,9,1,0,1,1,0,29,1689.0,48976.0
2025-09-21,V027,Douala,Marché Nkoulouloun,Charcoal & Firewood,Sunday,September,9,1,0,1,0,0,20,1583.0,31662.0
2025-09-22,V027,Douala,Marché Nkoulouloun,Charcoal & Firewood,Monday,September,9,0,0,1,0,0,7,2344.0,16406.0
2025-09-23,V027,Douala,Marché Nkoulouloun,Charcoal & Firewood,Tuesday,September,9,0,0,1,0,0,12,1854.0,22244.0
2025-09-24,V027,Douala,Marché Nkoulouloun,Charcoal & Firewood,Wednesday,September,9,0,0,1,0,0,8,2782.0,22254.0
2025-09-25,V027,Douala,Marché Nkoulouloun,Charcoal & Firewood,Thursday,September,9,0,0,1,0,0,15,1576.0,23635.0
2025-09-26,V027,Douala,Marché Nkoulouloun,Charcoal & Firewood,Friday,September,9,0,0,1,0,0,19,1861.0,35357.0
2025-09-27,V027,Douala,Marché Nkoulouloun,Charcoal & Firewood,Saturday,September,9,1,0,1,0,0,24,1806.0,43352.0
2025-09-28,V027,Douala,Marché Nkoulouloun,Charcoal & Firewood,Sunday,September,9,1,0,1,0,1,15,1851.0,27772.0
2025-09-29,V027,Douala,Marché Nkoulouloun,Charcoal & Firewood,Monday,September,9,0,0,1,0,1,18,1665.0,29961.0
2025-09-30,V027,Douala,Marché Nkoulouloun,Charcoal & Firewood,Tuesday,September,9,0,0,1,0,1,9,2073.0,18657.0
2025-10-01,V027,Douala,Marché Nkoulouloun,Charcoal & Firewood,Wednesday,October,10,0,0,1,0,0,9,2332.0,20991.0
2025-10-02,V027,Douala,Marché Nkoulouloun,Charcoal & Firewood,Thursday,October,10,0,0,1,0,0,13,1816.0,23603.0
2025-10-03,V027,Douala,Marché Nkoulouloun,Charcoal & Firewood,Friday,October,10,0,0,1,0,0,14,1690.0,23661.0
2025-10-04,V027,Douala,Marché Nkoulouloun,Charcoal & Firewood,Saturday,October,10,1,0,1,1,0,17,2105.0,35782.0
2025-10-05,V027,Douala,Marché Nkoulouloun,Charcoal & Firewood,Sunday,October,10,1,0,1,0,0,20,1427.0,28547.0
2025-10-06,V027,Douala,Marché Nkoulouloun,Charcoal & Firewood,Monday,October,10,0,0,1,0,0,8,1929.0,15435.0
2025-10-07,V027,Douala,Marché Nkoulouloun,Charcoal & Firewood,Tuesday,October,10,0,0,1,0,0,11,1616.0,17776.0
2025-10-08,V027,Douala,Marché Nkoulouloun,Charcoal & Firewood,Wednesday,October,10,0,0,1,0,0,9,2757.0,24814.0
2025-10-09,V027,Douala,Marché Nkoulouloun,Charcoal & Firewood,Thursday,October,10,0,0,1,0,0,13,1960.0,25479.0
2025-10-10,V027,Douala,Marché Nkoulouloun,Charcoal & Firewood,Friday,October,10,0,0,1,0,0,14,1669.0,23369.0
2025-10-11,V027,Douala,Marché Nkoulouloun,Charcoal & Firewood,Saturday,October,10,1,0,1,0,0,21,1818.0,38168.0
2025-10-12,V027,Douala,Marché Nkoulouloun,Charcoal & Firewood,Sunday,October,10,1,0,1,0,0,12,2099.0,25185.0
2025-10-13,V027,Douala,Marché Nkoulouloun,Charcoal & Firewood,Monday,October,10,0,0,1,0,0,7,2378.0,16647.0
2025-10-14,V027,Douala,Marché Nkoulouloun,Charcoal & Firewood,Tuesday,October,10,0,0,1,0,0,9,2129.0,19158.0
2025-10-15,V027,Douala,Marché Nkoulouloun,Charcoal & Firewood,Wednesday,October,10,0,0,1,0,0,11,1847.0,20320.0
2025-10-16,V027,Douala,Marché Nkoulouloun,Charcoal & Firewood,Thursday,October,10,0,0,1,0,0,9,2148.0,19332.0
2025-10-17,V027,Douala,Marché Nkoulouloun,Charcoal & Firewood,Friday,October,10,0,0,1,0,0,20,1711.0,34217.0
2025-10-18,V027,Douala,Marché Nkoulouloun,Charcoal & Firewood,Saturday,October,10,1,0,1,1,0,23,1870.0,43020.0
2025-10-19,V027,Douala,Marché Nkoulouloun,Charcoal & Firewood,Sunday,October,10,1,0,1,0,0,16,1860.0,29767.0
2025-10-20,V027,Douala,Marché Nkoulouloun,Charcoal & Firewood,Monday,October,10,0,0,1,0,0,9,2011.0,18098.0
2025-10-21,V027,Douala,Marché Nkoulouloun,Charcoal & Firewood,Tuesday,October,10,0,0,1,0,0,10,1895.0,18949.0
2025-10-22,V027,Douala,Marché Nkoulouloun,Charcoal & Firewood,Wednesday,October,10,0,0,1,0,0,9,2136.0,19227.0
2025-10-23,V027,Douala,Marché Nkoulouloun,Charcoal & Firewood,Thursday,October,10,0,0,1,0,0,9,2095.0,18856.0
2025-10-24,V027,Douala,Marché Nkoulouloun,Charcoal & Firewood,Friday,October,10,0,0,1,0,0,14,2059.0,28824.0
2025-10-25,V027,Douala,Marché Nkoulouloun,Charcoal & Firewood,Saturday,October,10,1,0,1,0,0,22,1991.0,43810.0
2025-10-26,V027,Douala,Marché Nkoulouloun,Charcoal & Firewood,Sunday,October,10,1,0,1,0,0,13,2153.0,27989.0
2025-10-27,V027,Douala,Marché Nkoulouloun,Charcoal & Firewood,Monday,October,10,0,0,1,0,0,10,2069.0,20687.0
2025-10-28,V027,Douala,Marché Nkoulouloun,Charcoal & Firewood,Tuesday,October,10,0,0,1,0,0,19,2069.0,39307.0
2025-10-29,V027,Douala,Marché Nkoulouloun,Charcoal & Firewood,Wednesday,October,10,0,0,1,0,1,18,1747.0,31441.0
2025-10-30,V027,Douala,Marché Nkoulouloun,Charcoal & Firewood,Thursday,October,10,0,0,1,0,1,16,2139.0,34217.0
2025-10-31,V027,Douala,Marché Nkoulouloun,Charcoal & Firewood,Friday,October,10,0,0,1,0,1,21,1294.0,27174.0
2025-11-01,V027,Douala,Marché Nkoulouloun,Charcoal & Firewood,Saturday,November,11,1,0,0,1,0,31,1894.0,58727.0
2025-11-02,V027,Douala,Marché Nkoulouloun,Charcoal & Firewood,Sunday,November,11,1,0,0,0,0,18,1657.0,29831.0
2025-11-03,V027,Douala,Marché Nkoulouloun,Charcoal & Firewood,Monday,November,11,0,0,0,0,0,15,1695.0,25425.0
2025-11-04,V027,Douala,Marché Nkoulouloun,Charcoal & Firewood,Tuesday,November,11,0,0,0,0,0,15,1939.0,29081.0
2025-11-05,V027,Douala,Marché Nkoulouloun,Charcoal & Firewood,Wednesday,November,11,0,0,0,0,0,11,2048.0,22525.0
2025-11-06,V027,Douala,Marché Nkoulouloun,Charcoal & Firewood,Thursday,November,11,0,0,0,0,0,17,1749.0,29734.0
2025-11-07,V027,Douala,Marché Nkoulouloun,Charcoal & Firewood,Friday,November,11,0,0,0,0,0,19,1727.0,32815.0
2025-11-08,V027,Douala,Marché Nkoulouloun,Charcoal & Firewood,Saturday,November,11,1,0,0,0,0,15,1761.0,26418.0
2025-11-09,V027,Douala,Marché Nkoulouloun,Charcoal & Firewood,Sunday,November,11,1,0,0,0,0,20,1546.0,30916.0
2025-11-10,V027,Douala,Marché Nkoulouloun,Charcoal & Firewood,Monday,November,11,0,0,0,0,0,12,1397.0,16769.0
2025-11-11,V027,Douala,Marché Nkoulouloun,Charcoal & Firewood,Tuesday,November,11,0,0,0,0,0,14,1681.0,23530.0
2025-11-12,V027,Douala,Marché Nkoulouloun,Charcoal & Firewood,Wednesday,November,11,0,0,0,0,0,19,1712.0,32534.0
2025-11-13,V027,Douala,Marché Nkoulouloun,Charcoal & Firewood,Thursday,November,11,0,0,0,0,0,15,1825.0,27381.0
2025-11-14,V027,Douala,Marché Nkoulouloun,Charcoal & Firewood,Friday,November,11,0,0,0,0,0,15,1903.0,28543.0
2025-11-15,V027,Douala,Marché Nkoulouloun,Charcoal & Firewood,Saturday,November,11,1,0,0,1,0,21,1888.0,39645.0
2025-11-16,V027,Douala,Marché Nkoulouloun,Charcoal & Firewood,Sunday,November,11,1,0,0,0,0,11,1775.0,19521.0
2025-11-17,V027,Douala,Marché Nkoulouloun,Charcoal & Firewood,Monday,November,11,0,0,0,0,0,11,1964.0,21602.0
2025-11-18,V027,Douala,Marché Nkoulouloun,Charcoal & Firewood,Tuesday,November,11,0,0,0,0,0,10,2415.0,24149.0
2025-11-19,V027,Douala,Marché Nkoulouloun,Charcoal & Firewood,Wednesday,November,11,0,0,0,0,0,18,1892.0,34052.0
2025-11-20,V027,Douala,Marché Nkoulouloun,Charcoal & Firewood,Thursday,November,11,0,0,0,0,0,11,2256.0,24817.0
2025-11-21,V027,Douala,Marché Nkoulouloun,Charcoal & Firewood,Friday,November,11,0,0,0,0,0,20,1564.0,31273.0
2025-11-22,V027,Douala,Marché Nkoulouloun,Charcoal & Firewood,Saturday,November,11,1,0,0,0,0,27,1706.0,46049.0
2025-11-23,V027,Douala,Marché Nkoulouloun,Charcoal & Firewood,Sunday,November,11,1,0,0,0,0,17,1929.0,32795.0
2025-11-24,V027,Douala,Marché Nkoulouloun,Charcoal & Firewood,Monday,November,11,0,0,0,0,0,9,1890.0,17007.0
2025-11-25,V027,Douala,Marché Nkoulouloun,Charcoal & Firewood,Tuesday,November,11,0,0,0,0,0,14,1589.0,22248.0
2025-11-26,V027,Douala,Marché Nkoulouloun,Charcoal & Firewood,Wednesday,November,11,0,0,0,0,0,17,1496.0,25440.0
2025-11-27,V027,Douala,Marché Nkoulouloun,Charcoal & Firewood,Thursday,November,11,0,0,0,0,0,16,1975.0,31606.0
2025-11-28,V027,Douala,Marché Nkoulouloun,Charcoal & Firewood,Friday,November,11,0,0,0,0,1,17,1525.0,25922.0
2025-11-29,V027,Douala,Marché Nkoulouloun,Charcoal & Firewood,Saturday,November,11,1,0,0,0,1,28,2005.0,56132.0
2025-11-30,V027,Douala,Marché Nkoulouloun,Charcoal & Firewood,Sunday,November,11,1,0,0,0,1,25,1794.0,44852.0
2025-12-01,V027,Douala,Marché Nkoulouloun,Charcoal & Firewood,Monday,December,12,0,0,0,0,0,15,1515.0,22728.0
2025-12-02,V027,Douala,Marché Nkoulouloun,Charcoal & Firewood,Tuesday,December,12,0,0,0,0,0,17,1739.0,29569.0
2025-12-03,V027,Douala,Marché Nkoulouloun,Charcoal & Firewood,Wednesday,December,12,0,0,0,0,0,15,1747.0,26201.0
2025-12-04,V027,Douala,Marché Nkoulouloun,Charcoal & Firewood,Thursday,December,12,0,0,0,0,0,13,1824.0,23707.0
2025-12-05,V027,Douala,Marché Nkoulouloun,Charcoal & Firewood,Friday,December,12,0,0,0,0,0,14,1891.0,26471.0
2025-12-06,V027,Douala,Marché Nkoulouloun,Charcoal & Firewood,Saturday,December,12,1,0,0,1,0,22,1919.0,42215.0
2025-12-07,V027,Douala,Marché Nkoulouloun,Charcoal & Firewood,Sunday,December,12,1,0,0,0,0,16,1904.0,30464.0
2025-12-08,V027,Douala,Marché Nkoulouloun,Charcoal & Firewood,Monday,December,12,0,0,0,0,0,10,2417.0,24169.0
2025-12-09,V027,Douala,Marché Nkoulouloun,Charcoal & Firewood,Tuesday,December,12,0,0,0,0,0,12,1895.0,22744.0
2025-12-10,V027,Douala,Marché Nkoulouloun,Charcoal & Firewood,Wednesday,December,12,0,0,0,0,0,12,1896.0,22753.0
2025-12-11,V027,Douala,Marché Nkoulouloun,Charcoal & Firewood,Thursday,December,12,0,0,0,0,0,11,1741.0,19153.0
2025-12-12,V027,Douala,Marché Nkoulouloun,Charcoal & Firewood,Friday,December,12,0,0,0,0,0,20,1749.0,34989.0
2025-12-13,V027,Douala,Marché Nkoulouloun,Charcoal & Firewood,Saturday,December,12,1,0,0,0,0,25,1843.0,46073.0
2025-12-14,V027,Douala,Marché Nkoulouloun,Charcoal & Firewood,Sunday,December,12,1,0,0,0,0,18,1800.0,32398.0
2025-12-15,V027,Douala,Marché Nkoulouloun,Charcoal & Firewood,Monday,December,12,0,0,0,0,0,10,2499.0,24989.0
2025-12-16,V027,Douala,Marché Nkoulouloun,Charcoal & Firewood,Tuesday,December,12,0,0,0,0,0,14,1412.0,19764.0
2025-12-17,V027,Douala,Marché Nkoulouloun,Charcoal & Firewood,Wednesday,December,12,0,0,0,0,0,8,1932.0,15452.0
2025-12-18,V027,Douala,Marché Nkoulouloun,Charcoal & Firewood,Thursday,December,12,0,0,0,0,0,17,1851.0,31462.0
2025-12-19,V027,Douala,Marché Nkoulouloun,Charcoal & Firewood,Friday,December,12,0,0,0,0,0,16,1809.0,28949.0
2025-12-20,V027,Douala,Marché Nkoulouloun,Charcoal & Firewood,Saturday,December,12,1,0,0,1,0,23,1840.0,42318.0
2025-12-21,V027,Douala,Marché Nkoulouloun,Charcoal & Firewood,Sunday,December,12,1,0,0,0,0,16,1643.0,26283.0
2025-12-22,V027,Douala,Marché Nkoulouloun,Charcoal & Firewood,Monday,December,12,0,0,0,0,0,15,1902.0,28528.0
2025-12-23,V027,Douala,Marché Nkoulouloun,Charcoal & Firewood,Tuesday,December,12,0,0,0,0,0,8,2261.0,18086.0
2025-12-24,V027,Douala,Marché Nkoulouloun,Charcoal & Firewood,Wednesday,December,12,0,0,0,0,0,13,1791.0,23278.0
2025-12-25,V027,Douala,Marché Nkoulouloun,Charcoal & Firewood,Thursday,December,12,0,1,0,0,0,13,2043.0,26562.0
2025-12-26,V027,Douala,Marché Nkoulouloun,Charcoal & Firewood,Friday,December,12,0,0,0,0,0,20,1707.0,34137.0
2025-12-27,V027,Douala,Marché Nkoulouloun,Charcoal & Firewood,Saturday,December,12,1,0,0,0,0,16,2136.0,34170.0
2025-12-28,V027,Douala,Marché Nkoulouloun,Charcoal & Firewood,Sunday,December,12,1,0,0,0,0,31,1732.0,53682.0
2025-12-29,V027,Douala,Marché Nkoulouloun,Charcoal & Firewood,Monday,December,12,0,0,0,0,1,15,1613.0,24201.0
2025-12-30,V027,Douala,Marché Nkoulouloun,Charcoal & Firewood,Tuesday,December,12,0,0,0,0,1,16,1631.0,26103.0
2025-12-31,V027,Douala,Marché Nkoulouloun,Charcoal & Firewood,Wednesday,December,12,0,0,0,0,1,16,1780.0,28476.0
2026-01-01,V027,Douala,Marché Nkoulouloun,Charcoal & Firewood,Thursday,January,1,0,1,0,0,0,14,2229.0,31202.0
2026-01-02,V027,Douala,Marché Nkoulouloun,Charcoal & Firewood,Friday,January,1,0,0,0,0,0,22,2006.0,44138.0
2026-01-03,V027,Douala,Marché Nkoulouloun,Charcoal & Firewood,Saturday,January,1,1,0,0,1,0,19,1858.0,35303.0
2026-01-04,V027,Douala,Marché Nkoulouloun,Charcoal & Firewood,Sunday,January,1,1,0,0,0,0,13,1923.0,25000.0
2026-01-05,V027,Douala,Marché Nkoulouloun,Charcoal & Firewood,Monday,January,1,0,0,0,0,0,15,1666.0,24990.0
2026-01-06,V027,Douala,Marché Nkoulouloun,Charcoal & Firewood,Tuesday,January,1,0,0,0,0,0,14,1920.0,26879.0
2026-01-07,V027,Douala,Marché Nkoulouloun,Charcoal & Firewood,Wednesday,January,1,0,0,0,0,0,14,1734.0,24278.0
2026-01-08,V027,Douala,Marché Nkoulouloun,Charcoal & Firewood,Thursday,January,1,0,0,0,0,0,11,1688.0,18567.0
2026-01-09,V027,Douala,Marché Nkoulouloun,Charcoal & Firewood,Friday,January,1,0,0,0,0,0,17,1409.0,23954.0
2026-01-10,V027,Douala,Marché Nkoulouloun,Charcoal & Firewood,Saturday,January,1,1,0,0,0,0,19,1870.0,35532.0
2026-01-11,V027,Douala,Marché Nkoulouloun,Charcoal & Firewood,Sunday,January,1,1,0,0,0,0,13,1991.0,25878.0
2026-01-12,V027,Douala,Marché Nkoulouloun,Charcoal & Firewood,Monday,January,1,0,0,0,0,0,20,1662.0,33249.0
2026-01-13,V027,Douala,Marché Nkoulouloun,Charcoal & Firewood,Tuesday,January,1,0,0,0,0,0,12,1464.0,17564.0
2026-01-14,V027,Douala,Marché Nkoulouloun,Charcoal & Firewood,Wednesday,January,1,0,0,0,0,0,16,1864.0,29827.0
2026-01-15,V027,Douala,Marché Nkoulouloun,Charcoal & Firewood,Thursday,January,1,0,0,0,0,0,14,1923.0,26923.0
2026-01-16,V027,Douala,Marché Nkoulouloun,Charcoal & Firewood,Friday,January,1,0,0,0,0,0,23,1931.0,44412.0
2026-01-17,V027,Douala,Marché Nkoulouloun,Charcoal & Firewood,Saturday,January,1,1,0,0,1,0,24,1929.0,46296.0
2026-01-18,V027,Douala,Marché Nkoulouloun,Charcoal & Firewood,Sunday,January,1,1,0,0,0,0,17,1351.0,22965.0
2026-01-19,V027,Douala,Marché Nkoulouloun,Charcoal & Firewood,Monday,January,1,0,0,0,0,0,10,1785.0,17850.0
2026-01-20,V027,Douala,Marché Nkoulouloun,Charcoal & Firewood,Tuesday,January,1,0,0,0,0,0,8,2121.0,16969.0
2026-01-21,V027,Douala,Marché Nkoulouloun,Charcoal & Firewood,Wednesday,January,1,0,0,0,0,0,12,2163.0,25961.0
2026-01-22,V027,Douala,Marché Nkoulouloun,Charcoal & Firewood,Thursday,January,1,0,0,0,0,0,15,1888.0,28315.0
2026-01-23,V027,Douala,Marché Nkoulouloun,Charcoal & Firewood,Friday,January,1,0,0,0,0,0,24,1599.0,38370.0
2026-01-24,V027,Douala,Marché Nkoulouloun,Charcoal & Firewood,Saturday,January,1,1,0,0,0,0,19,1810.0,34386.0
2026-01-25,V027,Douala,Marché Nkoulouloun,Charcoal & Firewood,Sunday,January,1,1,0,0,0,0,18,1707.0,30721.0
2026-01-26,V027,Douala,Marché Nkoulouloun,Charcoal & Firewood,Monday,January,1,0,0,0,0,0,12,1845.0,22137.0
2026-01-27,V027,Douala,Marché Nkoulouloun,Charcoal & Firewood,Tuesday,January,1,0,0,0,0,0,12,1851.0,22218.0
2026-01-28,V027,Douala,Marché Nkoulouloun,Charcoal & Firewood,Wednesday,January,1,0,0,0,0,0,18,1689.0,30394.0
2026-01-29,V027,Douala,Marché Nkoulouloun,Charcoal & Firewood,Thursday,January,1,0,0,0,0,1,19,1750.0,33241.0
2026-01-30,V027,Douala,Marché Nkoulouloun,Charcoal & Firewood,Friday,January,1,0,0,0,0,1,19,1833.0,34832.0
2026-01-31,V027,Douala,Marché Nkoulouloun,Charcoal & Firewood,Saturday,January,1,1,0,0,0,1,22,1643.0,36150.0
2026-02-01,V027,Douala,Marché Nkoulouloun,Charcoal & Firewood,Sunday,February,2,1,0,0,0,0,9,2001.0,18011.0
2026-02-02,V027,Douala,Marché Nkoulouloun,Charcoal & Firewood,Monday,February,2,0,0,0,0,0,12,2259.0,27114.0
2026-02-03,V027,Douala,Marché Nkoulouloun,Charcoal & Firewood,Tuesday,February,2,0,0,0,0,0,12,2079.0,24945.0
2026-02-04,V027,Douala,Marché Nkoulouloun,Charcoal & Firewood,Wednesday,February,2,0,0,0,0,0,14,1608.0,22516.0
2026-02-05,V027,Douala,Marché Nkoulouloun,Charcoal & Firewood,Thursday,February,2,0,0,0,0,0,10,2640.0,26402.0
2026-02-06,V027,Douala,Marché Nkoulouloun,Charcoal & Firewood,Friday,February,2,0,0,0,0,0,16,1632.0,26120.0
2026-02-07,V027,Douala,Marché Nkoulouloun,Charcoal & Firewood,Saturday,February,2,1,0,0,1,0,30,1630.0,48890.0
2026-02-08,V027,Douala,Marché Nkoulouloun,Charcoal & Firewood,Sunday,February,2,1,0,0,0,0,21,1916.0,40238.0
2026-02-09,V027,Douala,Marché Nkoulouloun,Charcoal & Firewood,Monday,February,2,0,0,0,0,0,19,1824.0,34649.0
2026-02-10,V027,Douala,Marché Nkoulouloun,Charcoal & Firewood,Tuesday,February,2,0,0,0,0,0,9,2169.0,19519.0
2026-02-11,V027,Douala,Marché Nkoulouloun,Charcoal & Firewood,Wednesday,February,2,0,1,0,0,0,14,1431.0,20037.0
2026-02-12,V027,Douala,Marché Nkoulouloun,Charcoal & Firewood,Thursday,February,2,0,0,0,0,0,16,2122.0,33948.0
2026-02-13,V027,Douala,Marché Nkoulouloun,Charcoal & Firewood,Friday,February,2,0,0,0,0,0,16,1868.0,29887.0
2026-02-14,V027,Douala,Marché Nkoulouloun,Charcoal & Firewood,Saturday,February,2,1,0,0,0,0,14,2296.0,32149.0
2026-02-15,V027,Douala,Marché Nkoulouloun,Charcoal & Firewood,Sunday,February,2,1,0,0,0,0,15,1908.0,28619.0
2026-02-16,V027,Douala,Marché Nkoulouloun,Charcoal & Firewood,Monday,February,2,0,0,0,0,0,11,1872.0,20589.0
2026-02-17,V027,Douala,Marché Nkoulouloun,Charcoal & Firewood,Tuesday,February,2,0,0,0,0,0,16,1877.0,30024.0
2026-02-18,V027,Douala,Marché Nkoulouloun,Charcoal & Firewood,Wednesday,February,2,0,0,0,0,0,15,1654.0,24811.0
2026-02-19,V027,Douala,Marché Nkoulouloun,Charcoal & Firewood,Thursday,February,2,0,0,0,0,0,14,2011.0,28150.0
2026-02-20,V027,Douala,Marché Nkoulouloun,Charcoal & Firewood,Friday,February,2,0,0,0,0,0,18,1760.0,31684.0
2026-02-21,V027,Douala,Marché Nkoulouloun,Charcoal & Firewood,Saturday,February,2,1,0,0,1,0,22,1673.0,36806.0
2026-02-22,V027,Douala,Marché Nkoulouloun,Charcoal & Firewood,Sunday,February,2,1,0,0,0,0,19,2024.0,38460.0
2026-02-23,V027,Douala,Marché Nkoulouloun,Charcoal & Firewood,Monday,February,2,0,0,0,0,0,13,1759.0,22864.0
2026-02-24,V027,Douala,Marché Nkoulouloun,Charcoal & Firewood,Tuesday,February,2,0,0,0,0,0,12,1753.0,21041.0
2026-02-25,V027,Douala,Marché Nkoulouloun,Charcoal & Firewood,Wednesday,February,2,0,0,0,0,0,10,2478.0,24779.0
2026-02-26,V027,Douala,Marché Nkoulouloun,Charcoal & Firewood,Thursday,February,2,0,0,0,0,1,15,2122.0,31823.0
2026-02-27,V027,Douala,Marché Nkoulouloun,Charcoal & Firewood,Friday,February,2,0,0,0,0,1,22,1928.0,42405.0
2026-02-28,V027,Douala,Marché Nkoulouloun,Charcoal & Firewood,Saturday,February,2,1,0,0,0,1,26,1642.0,42691.0
2026-03-01,V027,Douala,Marché Nkoulouloun,Charcoal & Firewood,Sunday,March,3,1,0,0,0,0,15,2167.0,32501.0
2026-03-02,V027,Douala,Marché Nkoulouloun,Charcoal & Firewood,Monday,March,3,0,0,0,0,0,9,2044.0,18394.0
2026-03-03,V027,Douala,Marché Nkoulouloun,Charcoal & Firewood,Tuesday,March,3,0,0,0,0,0,14,1780.0,24921.0
2026-03-04,V027,Douala,Marché Nkoulouloun,Charcoal & Firewood,Wednesday,March,3,0,0,0,0,0,9,2297.0,20674.0
2026-03-05,V027,Douala,Marché Nkoulouloun,Charcoal & Firewood,Thursday,March,3,0,0,0,0,0,14,1914.0,26802.0
2026-03-06,V027,Douala,Marché Nkoulouloun,Charcoal & Firewood,Friday,March,3,0,0,0,0,0,25,1837.0,45913.0
2026-03-07,V027,Douala,Marché Nkoulouloun,Charcoal & Firewood,Saturday,March,3,1,0,0,1,0,32,1953.0,62510.0
2026-03-08,V027,Douala,Marché Nkoulouloun,Charcoal & Firewood,Sunday,March,3,1,1,0,0,0,13,2153.0,27991.0
2026-03-09,V027,Douala,Marché Nkoulouloun,Charcoal & Firewood,Monday,March,3,0,0,0,0,0,18,1519.0,27350.0
2026-03-10,V027,Douala,Marché Nkoulouloun,Charcoal & Firewood,Tuesday,March,3,0,0,0,0,0,10,2016.0,20164.0
2026-03-11,V027,Douala,Marché Nkoulouloun,Charcoal & Firewood,Wednesday,March,3,0,0,0,0,0,7,2785.0,19496.0
2026-03-12,V027,Douala,Marché Nkoulouloun,Charcoal & Firewood,Thursday,March,3,0,0,0,0,0,16,1812.0,28994.0
2026-03-13,V027,Douala,Marché Nkoulouloun,Charcoal & Firewood,Friday,March,3,0,0,0,0,0,14,2228.0,31198.0
2026-03-14,V027,Douala,Marché Nkoulouloun,Charcoal & Firewood,Saturday,March,3,1,0,0,0,0,27,1901.0,51339.0
2026-03-15,V027,Douala,Marché Nkoulouloun,Charcoal & Firewood,Sunday,March,3,1,0,0,0,0,15,2181.0,32720.0
2026-03-16,V027,Douala,Marché Nkoulouloun,Charcoal & Firewood,Monday,March,3,0,0,0,0,0,12,1778.0,21336.0
2026-03-17,V027,Douala,Marché Nkoulouloun,Charcoal & Firewood,Tuesday,March,3,0,0,0,0,0,13,1894.0,24620.0
2026-03-18,V027,Douala,Marché Nkoulouloun,Charcoal & Firewood,Wednesday,March,3,0,0,0,0,0,12,2192.0,26302.0
2026-03-19,V027,Douala,Marché Nkoulouloun,Charcoal & Firewood,Thursday,March,3,0,0,0,0,0,14,1886.0,26399.0
2026-03-20,V027,Douala,Marché Nkoulouloun,Charcoal & Firewood,Friday,March,3,0,0,0,0,0,18,1804.0,32465.0
2026-03-21,V027,Douala,Marché Nkoulouloun,Charcoal & Firewood,Saturday,March,3,1,0,0,1,0,17,2109.0,35859.0
2026-03-22,V027,Douala,Marché Nkoulouloun,Charcoal & Firewood,Sunday,March,3,1,0,0,0,0,12,1663.0,19953.0
2026-03-23,V027,Douala,Marché Nkoulouloun,Charcoal & Firewood,Monday,March,3,0,0,0,0,0,15,1708.0,25627.0
2026-03-24,V027,Douala,Marché Nkoulouloun,Charcoal & Firewood,Tuesday,March,3,0,0,0,0,0,9,2726.0,24530.0
2026-03-25,V027,Douala,Marché Nkoulouloun,Charcoal & Firewood,Wednesday,March,3,0,0,0,0,0,11,1818.0,20002.0
2026-03-26,V027,Douala,Marché Nkoulouloun,Charcoal & Firewood,Thursday,March,3,0,0,0,0,0,14,1865.0,26106.0
2026-03-27,V027,Douala,Marché Nkoulouloun,Charcoal & Firewood,Friday,March,3,0,0,0,0,0,18,1849.0,33277.0
2026-03-28,V027,Douala,Marché Nkoulouloun,Charcoal & Firewood,Saturday,March,3,1,0,0,0,0,20,1953.0,39056.0
2026-03-29,V027,Douala,Marché Nkoulouloun,Charcoal & Firewood,Sunday,March,3,1,0,0,0,1,21,1942.0,40791.0
2026-03-30,V027,Douala,Marché Nkoulouloun,Charcoal & Firewood,Monday,March,3,0,0,0,0,1,9,2220.0,19984.0
2026-03-31,V027,Douala,Marché Nkoulouloun,Charcoal & Firewood,Tuesday,March,3,0,0,0,0,1,15,1671.0,25071.0
2025-09-01,V028,Douala,Marché Nkoulouloun,Charcoal & Firewood,Monday,September,9,0,0,1,0,0,15,2146.0,32196.0
2025-09-02,V028,Douala,Marché Nkoulouloun,Charcoal & Firewood,Tuesday,September,9,0,0,1,0,0,12,1879.0,22542.0
2025-09-03,V028,Douala,Marché Nkoulouloun,Charcoal & Firewood,Wednesday,September,9,0,0,1,0,0,18,1515.0,27279.0
2025-09-04,V028,Douala,Marché Nkoulouloun,Charcoal & Firewood,Thursday,September,9,0,0,1,0,0,14,2232.0,31252.0
2025-09-05,V028,Douala,Marché Nkoulouloun,Charcoal & Firewood,Friday,September,9,0,0,1,0,0,28,1550.0,43392.0
2025-09-06,V028,Douala,Marché Nkoulouloun,Charcoal & Firewood,Saturday,September,9,1,0,1,1,0,30,1774.0,53223.0
2025-09-07,V028,Douala,Marché Nkoulouloun,Charcoal & Firewood,Sunday,September,9,1,0,1,0,0,17,1546.0,26282.0
2025-09-08,V028,Douala,Marché Nkoulouloun,Charcoal & Firewood,Monday,September,9,0,0,1,0,0,9,2306.0,20758.0
2025-09-09,V028,Douala,Marché Nkoulouloun,Charcoal & Firewood,Tuesday,September,9,0,0,1,0,0,12,2266.0,27192.0
2025-09-10,V028,Douala,Marché Nkoulouloun,Charcoal & Firewood,Wednesday,September,9,0,0,1,0,0,17,1903.0,32349.0
2025-09-11,V028,Douala,Marché Nkoulouloun,Charcoal & Firewood,Thursday,September,9,0,0,1,0,0,16,1772.0,28355.0
2025-09-12,V028,Douala,Marché Nkoulouloun,Charcoal & Firewood,Friday,September,9,0,0,1,0,0,11,2692.0,29612.0
2025-09-13,V028,Douala,Marché Nkoulouloun,Charcoal & Firewood,Saturday,September,9,1,0,1,0,0,25,1813.0,45316.0
2025-09-14,V028,Douala,Marché Nkoulouloun,Charcoal & Firewood,Sunday,September,9,1,0,1,0,0,21,1832.0,38465.0
2025-09-15,V028,Douala,Marché Nkoulouloun,Charcoal & Firewood,Monday,September,9,0,0,1,0,0,18,1697.0,30550.0
2025-09-16,V028,Douala,Marché Nkoulouloun,Charcoal & Firewood,Tuesday,September,9,0,0,1,0,0,13,1541.0,20031.0
2025-09-17,V028,Douala,Marché Nkoulouloun,Charcoal & Firewood,Wednesday,September,9,0,0,1,0,0,23,1694.0,38965.0
2025-09-18,V028,Douala,Marché Nkoulouloun,Charcoal & Firewood,Thursday,September,9,0,0,1,0,0,14,1605.0,22474.0
2025-09-19,V028,Douala,Marché Nkoulouloun,Charcoal & Firewood,Friday,September,9,0,0,1,0,0,23,1528.0,35136.0
2025-09-20,V028,Douala,Marché Nkoulouloun,Charcoal & Firewood,Saturday,September,9,1,0,1,1,0,31,2031.0,62950.0
2025-09-21,V028,Douala,Marché Nkoulouloun,Charcoal & Firewood,Sunday,September,9,1,0,1,0,0,16,1729.0,27672.0
2025-09-22,V028,Douala,Marché Nkoulouloun,Charcoal & Firewood,Monday,September,9,0,0,1,0,0,15,1634.0,24511.0
2025-09-23,V028,Douala,Marché Nkoulouloun,Charcoal & Firewood,Tuesday,September,9,0,0,1,0,0,19,1678.0,31873.0
2025-09-24,V028,Douala,Marché Nkoulouloun,Charcoal & Firewood,Wednesday,September,9,0,0,1,0,0,17,1484.0,25221.0
2025-09-25,V028,Douala,Marché Nkoulouloun,Charcoal & Firewood,Thursday,September,9,0,0,1,0,0,12,2055.0,24655.0
2025-09-26,V028,Douala,Marché Nkoulouloun,Charcoal & Firewood,Friday,September,9,0,0,1,0,0,22,1842.0,40521.0
2025-09-27,V028,Douala,Marché Nkoulouloun,Charcoal & Firewood,Saturday,September,9,1,0,1,0,0,31,1870.0,57967.0
2025-09-28,V028,Douala,Marché Nkoulouloun,Charcoal & Firewood,Sunday,September,9,1,0,1,0,1,27,1699.0,45883.0
2025-09-29,V028,Douala,Marché Nkoulouloun,Charcoal & Firewood,Monday,September,9,0,0,1,0,1,14,1883.0,26357.0
2025-09-30,V028,Douala,Marché Nkoulouloun,Charcoal & Firewood,Tuesday,September,9,0,0,1,0,1,18,2023.0,36408.0
2025-10-01,V028,Douala,Marché Nkoulouloun,Charcoal & Firewood,Wednesday,October,10,0,0,1,0,0,12,2177.0,26122.0
2025-10-02,V028,Douala,Marché Nkoulouloun,Charcoal & Firewood,Thursday,October,10,0,0,1,0,0,14,1689.0,23643.0
2025-10-03,V028,Douala,Marché Nkoulouloun,Charcoal & Firewood,Friday,October,10,0,0,1,0,0,14,1787.0,25024.0
2025-10-04,V028,Douala,Marché Nkoulouloun,Charcoal & Firewood,Saturday,October,10,1,0,1,1,0,26,1743.0,45310.0
2025-10-05,V028,Douala,Marché Nkoulouloun,Charcoal & Firewood,Sunday,October,10,1,0,1,0,0,11,2556.0,28114.0
2025-10-06,V028,Douala,Marché Nkoulouloun,Charcoal & Firewood,Monday,October,10,0,0,1,0,0,17,2014.0,34233.0
2025-10-07,V028,Douala,Marché Nkoulouloun,Charcoal & Firewood,Tuesday,October,10,0,0,1,0,0,7,2538.0,17768.0
2025-10-08,V028,Douala,Marché Nkoulouloun,Charcoal & Firewood,Wednesday,October,10,0,0,1,0,0,17,1760.0,29923.0
2025-10-09,V028,Douala,Marché Nkoulouloun,Charcoal & Firewood,Thursday,October,10,0,0,1,0,0,14,2118.0,29649.0
2025-10-10,V028,Douala,Marché Nkoulouloun,Charcoal & Firewood,Friday,October,10,0,0,1,0,0,16,2069.0,33110.0
2025-10-11,V028,Douala,Marché Nkoulouloun,Charcoal & Firewood,Saturday,October,10,1,0,1,0,0,20,1951.0,39029.0
2025-10-12,V028,Douala,Marché Nkoulouloun,Charcoal & Firewood,Sunday,October,10,1,0,1,0,0,22,2036.0,44787.0
2025-10-13,V028,Douala,Marché Nkoulouloun,Charcoal & Firewood,Monday,October,10,0,0,1,0,0,10,2089.0,20887.0
2025-10-14,V028,Douala,Marché Nkoulouloun,Charcoal & Firewood,Tuesday,October,10,0,0,1,0,0,12,1544.0,18526.0
2025-10-15,V028,Douala,Marché Nkoulouloun,Charcoal & Firewood,Wednesday,October,10,0,0,1,0,0,19,1998.0,37964.0
2025-10-16,V028,Douala,Marché Nkoulouloun,Charcoal & Firewood,Thursday,October,10,0,0,1,0,0,20,1619.0,32386.0
2025-10-17,V028,Douala,Marché Nkoulouloun,Charcoal & Firewood,Friday,October,10,0,0,1,0,0,22,1819.0,40020.0
2025-10-18,V028,Douala,Marché Nkoulouloun,Charcoal & Firewood,Saturday,October,10,1,0,1,1,0,28,1928.0,53981.0
2025-10-19,V028,Douala,Marché Nkoulouloun,Charcoal & Firewood,Sunday,October,10,1,0,1,0,0,33,1647.0,54336.0
2025-10-20,V028,Douala,Marché Nkoulouloun,Charcoal & Firewood,Monday,October,10,0,0,1,0,0,20,1916.0,38316.0
2025-10-21,V028,Douala,Marché Nkoulouloun,Charcoal & Firewood,Tuesday,October,10,0,0,1,0,0,12,1627.0,19520.0
2025-10-22,V028,Douala,Marché Nkoulouloun,Charcoal & Firewood,Wednesday,October,10,0,0,1,0,0,18,1996.0,35927.0
2025-10-23,V028,Douala,Marché Nkoulouloun,Charcoal & Firewood,Thursday,October,10,0,0,1,0,0,19,2168.0,41193.0
2025-10-24,V028,Douala,Marché Nkoulouloun,Charcoal & Firewood,Friday,October,10,0,0,1,0,0,20,1916.0,38325.0
2025-10-25,V028,Douala,Marché Nkoulouloun,Charcoal & Firewood,Saturday,October,10,1,0,1,0,0,39,1759.0,68607.0
2025-10-26,V028,Douala,Marché Nkoulouloun,Charcoal & Firewood,Sunday,October,10,1,0,1,0,0,17,1846.0,31380.0
2025-10-27,V028,Douala,Marché Nkoulouloun,Charcoal & Firewood,Monday,October,10,0,0,1,0,0,10,1990.0,19895.0
2025-10-28,V028,Douala,Marché Nkoulouloun,Charcoal & Firewood,Tuesday,October,10,0,0,1,0,0,16,1751.0,28023.0
2025-10-29,V028,Douala,Marché Nkoulouloun,Charcoal & Firewood,Wednesday,October,10,0,0,1,0,1,24,1821.0,43710.0
2025-10-30,V028,Douala,Marché Nkoulouloun,Charcoal & Firewood,Thursday,October,10,0,0,1,0,1,23,1600.0,36793.0
2025-10-31,V028,Douala,Marché Nkoulouloun,Charcoal & Firewood,Friday,October,10,0,0,1,0,1,26,1725.0,44859.0
2025-11-01,V028,Douala,Marché Nkoulouloun,Charcoal & Firewood,Saturday,November,11,1,0,0,1,0,23,2017.0,46396.0
2025-11-02,V028,Douala,Marché Nkoulouloun,Charcoal & Firewood,Sunday,November,11,1,0,0,0,0,19,1786.0,33926.0
2025-11-03,V028,Douala,Marché Nkoulouloun,Charcoal & Firewood,Monday,November,11,0,0,0,0,0,21,1844.0,38718.0
2025-11-04,V028,Douala,Marché Nkoulouloun,Charcoal & Firewood,Tuesday,November,11,0,0,0,0,0,23,1795.0,41289.0
2025-11-05,V028,Douala,Marché Nkoulouloun,Charcoal & Firewood,Wednesday,November,11,0,0,0,0,0,17,1619.0,27519.0
2025-11-06,V028,Douala,Marché Nkoulouloun,Charcoal & Firewood,Thursday,November,11,0,0,0,0,0,17,1780.0,30264.0
2025-11-07,V028,Douala,Marché Nkoulouloun,Charcoal & Firewood,Friday,November,11,0,0,0,0,0,13,2337.0,30380.0
2025-11-08,V028,Douala,Marché Nkoulouloun,Charcoal & Firewood,Saturday,November,11,1,0,0,0,0,31,1690.0,52394.0
2025-11-09,V028,Douala,Marché Nkoulouloun,Charcoal & Firewood,Sunday,November,11,1,0,0,0,0,27,1939.0,52354.0
2025-11-10,V028,Douala,Marché Nkoulouloun,Charcoal & Firewood,Monday,November,11,0,0,0,0,0,22,1621.0,35660.0
2025-11-11,V028,Douala,Marché Nkoulouloun,Charcoal & Firewood,Tuesday,November,11,0,0,0,0,0,17,1551.0,26368.0
2025-11-12,V028,Douala,Marché Nkoulouloun,Charcoal & Firewood,Wednesday,November,11,0,0,0,0,0,21,1685.0,35391.0
2025-11-13,V028,Douala,Marché Nkoulouloun,Charcoal & Firewood,Thursday,November,11,0,0,0,0,0,28,1668.0,46702.0
2025-11-14,V028,Douala,Marché Nkoulouloun,Charcoal & Firewood,Friday,November,11,0,0,0,0,0,15,1754.0,26303.0
2025-11-15,V028,Douala,Marché Nkoulouloun,Charcoal & Firewood,Saturday,November,11,1,0,0,1,0,23,1835.0,42208.0
2025-11-16,V028,Douala,Marché Nkoulouloun,Charcoal & Firewood,Sunday,November,11,1,0,0,0,0,19,1974.0,37512.0
2025-11-17,V028,Douala,Marché Nkoulouloun,Charcoal & Firewood,Monday,November,11,0,0,0,0,0,11,2070.0,22773.0
2025-11-18,V028,Douala,Marché Nkoulouloun,Charcoal & Firewood,Tuesday,November,11,0,0,0,0,0,14,1936.0,27109.0
2025-11-19,V028,Douala,Marché Nkoulouloun,Charcoal & Firewood,Wednesday,November,11,0,0,0,0,0,18,1691.0,30432.0
2025-11-20,V028,Douala,Marché Nkoulouloun,Charcoal & Firewood,Thursday,November,11,0,0,0,0,0,19,1573.0,29886.0
2025-11-21,V028,Douala,Marché Nkoulouloun,Charcoal & Firewood,Friday,November,11,0,0,0,0,0,23,1669.0,38377.0
2025-11-22,V028,Douala,Marché Nkoulouloun,Charcoal & Firewood,Saturday,November,11,1,0,0,0,0,30,1496.0,44895.0
2025-11-23,V028,Douala,Marché Nkoulouloun,Charcoal & Firewood,Sunday,November,11,1,0,0,0,0,25,1605.0,40122.0
2025-11-24,V028,Douala,Marché Nkoulouloun,Charcoal & Firewood,Monday,November,11,0,0,0,0,0,12,2015.0,24183.0
2025-11-25,V028,Douala,Marché Nkoulouloun,Charcoal & Firewood,Tuesday,November,11,0,0,0,0,0,20,1376.0,27528.0
2025-11-26,V028,Douala,Marché Nkoulouloun,Charcoal & Firewood,Wednesday,November,11,0,0,0,0,0,14,2053.0,28738.0
2025-11-27,V028,Douala,Marché Nkoulouloun,Charcoal & Firewood,Thursday,November,11,0,0,0,0,0,22,1816.0,39958.0
2025-11-28,V028,Douala,Marché Nkoulouloun,Charcoal & Firewood,Friday,November,11,0,0,0,0,1,22,1942.0,42727.0
2025-11-29,V028,Douala,Marché Nkoulouloun,Charcoal & Firewood,Saturday,November,11,1,0,0,0,1,35,1702.0,59554.0
2025-11-30,V028,Douala,Marché Nkoulouloun,Charcoal & Firewood,Sunday,November,11,1,0,0,0,1,26,1880.0,48883.0
2025-12-01,V028,Douala,Marché Nkoulouloun,Charcoal & Firewood,Monday,December,12,0,0,0,0,0,4,5734.0,22938.0
2025-12-02,V028,Douala,Marché Nkoulouloun,Charcoal & Firewood,Tuesday,December,12,0,0,0,0,0,12,2025.0,24298.0
2025-12-03,V028,Douala,Marché Nkoulouloun,Charcoal & Firewood,Wednesday,December,12,0,0,0,0,0,15,1970.0,29544.0
2025-12-04,V028,Douala,Marché Nkoulouloun,Charcoal & Firewood,Thursday,December,12,0,0,0,0,0,30,1745.0,52343.0
2025-12-05,V028,Douala,Marché Nkoulouloun,Charcoal & Firewood,Friday,December,12,0,0,0,0,0,18,1718.0,30925.0
2025-12-06,V028,Douala,Marché Nkoulouloun,Charcoal & Firewood,Saturday,December,12,1,0,0,1,0,31,1937.0,60046.0
2025-12-07,V028,Douala,Marché Nkoulouloun,Charcoal & Firewood,Sunday,December,12,1,0,0,0,0,22,1766.0,38853.0
2025-12-08,V028,Douala,Marché Nkoulouloun,Charcoal & Firewood,Monday,December,12,0,0,0,0,0,14,2354.0,32949.0
2025-12-09,V028,Douala,Marché Nkoulouloun,Charcoal & Firewood,Tuesday,December,12,0,0,0,0,0,20,1618.0,32370.0
2025-12-10,V028,Douala,Marché Nkoulouloun,Charcoal & Firewood,Wednesday,December,12,0,0,0,0,0,20,2097.0,41942.0
2025-12-11,V028,Douala,Marché Nkoulouloun,Charcoal & Firewood,Thursday,December,12,0,0,0,0,0,17,1812.0,30796.0
2025-12-12,V028,Douala,Marché Nkoulouloun,Charcoal & Firewood,Friday,December,12,0,0,0,0,0,23,1897.0,43638.0
2025-12-13,V028,Douala,Marché Nkoulouloun,Charcoal & Firewood,Saturday,December,12,1,0,0,0,0,23,1813.0,41694.0
2025-12-14,V028,Douala,Marché Nkoulouloun,Charcoal & Firewood,Sunday,December,12,1,0,0,0,0,20,1736.0,34711.0
2025-12-15,V028,Douala,Marché Nkoulouloun,Charcoal & Firewood,Monday,December,12,0,0,0,0,0,11,2153.0,23685.0
2025-12-16,V028,Douala,Marché Nkoulouloun,Charcoal & Firewood,Tuesday,December,12,0,0,0,0,0,24,1521.0,36501.0
2025-12-17,V028,Douala,Marché Nkoulouloun,Charcoal & Firewood,Wednesday,December,12,0,0,0,0,0,22,1884.0,41451.0
2025-12-18,V028,Douala,Marché Nkoulouloun,Charcoal & Firewood,Thursday,December,12,0,0,0,0,0,19,2012.0,38229.0
2025-12-19,V028,Douala,Marché Nkoulouloun,Charcoal & Firewood,Friday,December,12,0,0,0,0,0,22,1925.0,42343.0
2025-12-20,V028,Douala,Marché Nkoulouloun,Charcoal & Firewood,Saturday,December,12,1,0,0,1,0,41,1711.0,70162.0
2025-12-21,V028,Douala,Marché Nkoulouloun,Charcoal & Firewood,Sunday,December,12,1,0,0,0,0,29,1848.0,53596.0
2025-12-22,V028,Douala,Marché Nkoulouloun,Charcoal & Firewood,Monday,December,12,0,0,0,0,0,21,1734.0,36408.0
2025-12-23,V028,Douala,Marché Nkoulouloun,Charcoal & Firewood,Tuesday,December,12,0,0,0,0,0,16,1825.0,29199.0
2025-12-24,V028,Douala,Marché Nkoulouloun,Charcoal & Firewood,Wednesday,December,12,0,0,0,0,0,22,1842.0,40534.0
2025-12-25,V028,Douala,Marché Nkoulouloun,Charcoal & Firewood,Thursday,December,12,0,1,0,0,0,17,2291.0,38947.0
2025-12-26,V028,Douala,Marché Nkoulouloun,Charcoal & Firewood,Friday,December,12,0,0,0,0,0,21,1792.0,37632.0
2025-12-27,V028,Douala,Marché Nkoulouloun,Charcoal & Firewood,Saturday,December,12,1,0,0,0,0,20,2067.0,41344.0
2025-12-28,V028,Douala,Marché Nkoulouloun,Charcoal & Firewood,Sunday,December,12,1,0,0,0,0,13,2033.0,26432.0
2025-12-29,V028,Douala,Marché Nkoulouloun,Charcoal & Firewood,Monday,December,12,0,0,0,0,1,19,2142.0,40696.0
2025-12-30,V028,Douala,Marché Nkoulouloun,Charcoal & Firewood,Tuesday,December,12,0,0,0,0,1,22,1736.0,38182.0
2025-12-31,V028,Douala,Marché Nkoulouloun,Charcoal & Firewood,Wednesday,December,12,0,0,0,0,1,31,1723.0,53398.0
2026-01-01,V028,Douala,Marché Nkoulouloun,Charcoal & Firewood,Thursday,January,1,0,1,0,0,0,26,1805.0,46929.0
2026-01-02,V028,Douala,Marché Nkoulouloun,Charcoal & Firewood,Friday,January,1,0,0,0,0,0,23,1680.0,38648.0
2026-01-03,V028,Douala,Marché Nkoulouloun,Charcoal & Firewood,Saturday,January,1,1,0,0,1,0,39,1797.0,70064.0
2026-01-04,V028,Douala,Marché Nkoulouloun,Charcoal & Firewood,Sunday,January,1,1,0,0,0,0,31,1501.0,46542.0
2026-01-05,V028,Douala,Marché Nkoulouloun,Charcoal & Firewood,Monday,January,1,0,0,0,0,0,15,1850.0,27752.0
2026-01-06,V028,Douala,Marché Nkoulouloun,Charcoal & Firewood,Tuesday,January,1,0,0,0,0,0,16,1771.0,28332.0
2026-01-07,V028,Douala,Marché Nkoulouloun,Charcoal & Firewood,Wednesday,January,1,0,0,0,0,0,20,1861.0,37213.0
2026-01-08,V028,Douala,Marché Nkoulouloun,Charcoal & Firewood,Thursday,January,1,0,0,0,0,0,17,1924.0,32711.0
2026-01-09,V028,Douala,Marché Nkoulouloun,Charcoal & Firewood,Friday,January,1,0,0,0,0,0,22,1918.0,42198.0
2026-01-10,V028,Douala,Marché Nkoulouloun,Charcoal & Firewood,Saturday,January,1,1,0,0,0,0,22,1729.0,38032.0
2026-01-11,V028,Douala,Marché Nkoulouloun,Charcoal & Firewood,Sunday,January,1,1,0,0,0,0,28,1881.0,52673.0
2026-01-12,V028,Douala,Marché Nkoulouloun,Charcoal & Firewood,Monday,January,1,0,0,0,0,0,16,1420.0,22718.0
2026-01-13,V028,Douala,Marché Nkoulouloun,Charcoal & Firewood,Tuesday,January,1,0,0,0,0,0,18,1613.0,29043.0
2026-01-14,V028,Douala,Marché Nkoulouloun,Charcoal & Firewood,Wednesday,January,1,0,0,0,0,0,14,1871.0,26188.0
2026-01-15,V028,Douala,Marché Nkoulouloun,Charcoal & Firewood,Thursday,January,1,0,0,0,0,0,22,1849.0,40681.0
2026-01-16,V028,Douala,Marché Nkoulouloun,Charcoal & Firewood,Friday,January,1,0,0,0,0,0,19,2087.0,39651.0
2026-01-17,V028,Douala,Marché Nkoulouloun,Charcoal & Firewood,Saturday,January,1,1,0,0,1,0,34,1896.0,64477.0
2026-01-18,V028,Douala,Marché Nkoulouloun,Charcoal & Firewood,Sunday,January,1,1,0,0,0,0,25,1805.0,45121.0
2026-01-19,V028,Douala,Marché Nkoulouloun,Charcoal & Firewood,Monday,January,1,0,0,0,0,0,17,1699.0,28875.0
2026-01-20,V028,Douala,Marché Nkoulouloun,Charcoal & Firewood,Tuesday,January,1,0,0,0,0,0,20,1541.0,30819.0
2026-01-21,V028,Douala,Marché Nkoulouloun,Charcoal & Firewood,Wednesday,January,1,0,0,0,0,0,19,2081.0,39540.0
2026-01-22,V028,Douala,Marché Nkoulouloun,Charcoal & Firewood,Thursday,January,1,0,0,0,0,0,18,1703.0,30659.0
2026-01-23,V028,Douala,Marché Nkoulouloun,Charcoal & Firewood,Friday,January,1,0,0,0,0,0,14,2329.0,32611.0
2026-01-24,V028,Douala,Marché Nkoulouloun,Charcoal & Firewood,Saturday,January,1,1,0,0,0,0,22,1880.0,41359.0
2026-01-25,V028,Douala,Marché Nkoulouloun,Charcoal & Firewood,Sunday,January,1,1,0,0,0,0,7,2535.0,17746.0
2026-01-26,V028,Douala,Marché Nkoulouloun,Charcoal & Firewood,Monday,January,1,0,0,0,0,0,13,1530.0,19894.0
2026-01-27,V028,Douala,Marché Nkoulouloun,Charcoal & Firewood,Tuesday,January,1,0,0,0,0,0,19,1793.0,34064.0
2026-01-28,V028,Douala,Marché Nkoulouloun,Charcoal & Firewood,Wednesday,January,1,0,0,0,0,0,17,1788.0,30402.0
2026-01-29,V028,Douala,Marché Nkoulouloun,Charcoal & Firewood,Thursday,January,1,0,0,0,0,1,19,1599.0,30378.0
2026-01-30,V028,Douala,Marché Nkoulouloun,Charcoal & Firewood,Friday,January,1,0,0,0,0,1,26,1738.0,45188.0
2026-01-31,V028,Douala,Marché Nkoulouloun,Charcoal & Firewood,Saturday,January,1,1,0,0,0,1,36,1774.0,63857.0
2026-02-01,V028,Douala,Marché Nkoulouloun,Charcoal & Firewood,Sunday,February,2,1,0,0,0,0,22,1774.0,39022.0
2026-02-02,V028,Douala,Marché Nkoulouloun,Charcoal & Firewood,Monday,February,2,0,0,0,0,0,16,1693.0,27092.0
2026-02-03,V028,Douala,Marché Nkoulouloun,Charcoal & Firewood,Tuesday,February,2,0,0,0,0,0,15,1993.0,29895.0
2026-02-04,V028,Douala,Marché Nkoulouloun,Charcoal & Firewood,Wednesday,February,2,0,0,0,0,0,19,1754.0,33323.0
2026-02-05,V028,Douala,Marché Nkoulouloun,Charcoal & Firewood,Thursday,February,2,0,0,0,0,0,18,2184.0,39308.0
2026-02-06,V028,Douala,Marché Nkoulouloun,Charcoal & Firewood,Friday,February,2,0,0,0,0,0,20,1945.0,38894.0
2026-02-07,V028,Douala,Marché Nkoulouloun,Charcoal & Firewood,Saturday,February,2,1,0,0,1,0,29,1758.0,50982.0
2026-02-08,V028,Douala,Marché Nkoulouloun,Charcoal & Firewood,Sunday,February,2,1,0,0,0,0,16,1780.0,28483.0
2026-02-09,V028,Douala,Marché Nkoulouloun,Charcoal & Firewood,Monday,February,2,0,0,0,0,0,13,2119.0,27551.0
2026-02-10,V028,Douala,Marché Nkoulouloun,Charcoal & Firewood,Tuesday,February,2,0,0,0,0,0,14,2117.0,29637.0
2026-02-11,V028,Douala,Marché Nkoulouloun,Charcoal & Firewood,Wednesday,February,2,0,1,0,0,0,33,1680.0,55434.0
2026-02-12,V028,Douala,Marché Nkoulouloun,Charcoal & Firewood,Thursday,February,2,0,0,0,0,0,16,2000.0,32001.0
2026-02-13,V028,Douala,Marché Nkoulouloun,Charcoal & Firewood,Friday,February,2,0,0,0,0,0,25,1692.0,42312.0
2026-02-14,V028,Douala,Marché Nkoulouloun,Charcoal & Firewood,Saturday,February,2,1,0,0,0,0,25,1986.0,49647.0
2026-02-15,V028,Douala,Marché Nkoulouloun,Charcoal & Firewood,Sunday,February,2,1,0,0,0,0,19,1869.0,35520.0
2026-02-16,V028,Douala,Marché Nkoulouloun,Charcoal & Firewood,Monday,February,2,0,0,0,0,0,16,1804.0,28870.0
2026-02-17,V028,Douala,Marché Nkoulouloun,Charcoal & Firewood,Tuesday,February,2,0,0,0,0,0,20,1643.0,32856.0
2026-02-18,V028,Douala,Marché Nkoulouloun,Charcoal & Firewood,Wednesday,February,2,0,0,0,0,0,21,1706.0,35829.0
2026-02-19,V028,Douala,Marché Nkoulouloun,Charcoal & Firewood,Thursday,February,2,0,0,0,0,0,16,1576.0,25211.0
2026-02-20,V028,Douala,Marché Nkoulouloun,Charcoal & Firewood,Friday,February,2,0,0,0,0,0,24,1866.0,44778.0
2026-02-21,V028,Douala,Marché Nkoulouloun,Charcoal & Firewood,Saturday,February,2,1,0,0,1,0,31,1815.0,56261.0
2026-02-22,V028,Douala,Marché Nkoulouloun,Charcoal & Firewood,Sunday,February,2,1,0,0,0,0,15,2273.0,34090.0
2026-02-23,V028,Douala,Marché Nkoulouloun,Charcoal & Firewood,Monday,February,2,0,0,0,0,0,10,2241.0,22412.0
2026-02-24,V028,Douala,Marché Nkoulouloun,Charcoal & Firewood,Tuesday,February,2,0,0,0,0,0,9,2246.0,20214.0
2026-02-25,V028,Douala,Marché Nkoulouloun,Charcoal & Firewood,Wednesday,February,2,0,0,0,0,0,21,1746.0,36669.0
2026-02-26,V028,Douala,Marché Nkoulouloun,Charcoal & Firewood,Thursday,February,2,0,0,0,0,1,15,2035.0,30528.0
2026-02-27,V028,Douala,Marché Nkoulouloun,Charcoal & Firewood,Friday,February,2,0,0,0,0,1,33,1680.0,55443.0
2026-02-28,V028,Douala,Marché Nkoulouloun,Charcoal & Firewood,Saturday,February,2,1,0,0,0,1,33,1674.0,55228.0
2026-03-01,V028,Douala,Marché Nkoulouloun,Charcoal & Firewood,Sunday,March,3,1,0,0,0,0,18,1785.0,32135.0
2026-03-02,V028,Douala,Marché Nkoulouloun,Charcoal & Firewood,Monday,March,3,0,0,0,0,0,10,2101.0,21014.0
2026-03-03,V028,Douala,Marché Nkoulouloun,Charcoal & Firewood,Tuesday,March,3,0,0,0,0,0,12,2413.0,28952.0
2026-03-04,V028,Douala,Marché Nkoulouloun,Charcoal & Firewood,Wednesday,March,3,0,0,0,0,0,19,1749.0,33224.0
2026-03-05,V028,Douala,Marché Nkoulouloun,Charcoal & Firewood,Thursday,March,3,0,0,0,0,0,25,1517.0,37927.0
2026-03-06,V028,Douala,Marché Nkoulouloun,Charcoal & Firewood,Friday,March,3,0,0,0,0,0,23,1811.0,41652.0
2026-03-07,V028,Douala,Marché Nkoulouloun,Charcoal & Firewood,Saturday,March,3,1,0,0,1,0,24,1748.0,41941.0
2026-03-08,V028,Douala,Marché Nkoulouloun,Charcoal & Firewood,Sunday,March,3,1,1,0,0,0,25,2040.0,50991.0
2026-03-09,V028,Douala,Marché Nkoulouloun,Charcoal & Firewood,Monday,March,3,0,0,0,0,0,14,1874.0,26242.0
2026-03-10,V028,Douala,Marché Nkoulouloun,Charcoal & Firewood,Tuesday,March,3,0,0,0,0,0,19,1668.0,31686.0
2026-03-11,V028,Douala,Marché Nkoulouloun,Charcoal & Firewood,Wednesday,March,3,0,0,0,0,0,15,1807.0,27111.0
2026-03-12,V028,Douala,Marché Nkoulouloun,Charcoal & Firewood,Thursday,March,3,0,0,0,0,0,19,1845.0,35056.0
2026-03-13,V028,Douala,Marché Nkoulouloun,Charcoal & Firewood,Friday,March,3,0,0,0,0,0,21,1706.0,35819.0
2026-03-14,V028,Douala,Marché Nkoulouloun,Charcoal & Firewood,Saturday,March,3,1,0,0,0,0,23,1997.0,45931.0
2026-03-15,V028,Douala,Marché Nkoulouloun,Charcoal & Firewood,Sunday,March,3,1,0,0,0,0,24,1968.0,47227.0
2026-03-16,V028,Douala,Marché Nkoulouloun,Charcoal & Firewood,Monday,March,3,0,0,0,0,0,15,1796.0,26938.0
2026-03-17,V028,Douala,Marché Nkoulouloun,Charcoal & Firewood,Tuesday,March,3,0,0,0,0,0,17,1839.0,31265.0
2026-03-18,V028,Douala,Marché Nkoulouloun,Charcoal & Firewood,Wednesday,March,3,0,0,0,0,0,8,2198.0,17583.0
2026-03-19,V028,Douala,Marché Nkoulouloun,Charcoal & Firewood,Thursday,March,3,0,0,0,0,0,18,1853.0,33348.0
2026-03-20,V028,Douala,Marché Nkoulouloun,Charcoal & Firewood,Friday,March,3,0,0,0,0,0,25,1695.0,42370.0
2026-03-21,V028,Douala,Marché Nkoulouloun,Charcoal & Firewood,Saturday,March,3,1,0,0,1,0,32,1916.0,61304.0
2026-03-22,V028,Douala,Marché Nkoulouloun,Charcoal & Firewood,Sunday,March,3,1,0,0,0,0,21,1594.0,33478.0
2026-03-23,V028,Douala,Marché Nkoulouloun,Charcoal & Firewood,Monday,March,3,0,0,0,0,0,14,1895.0,26531.0
2026-03-24,V028,Douala,Marché Nkoulouloun,Charcoal & Firewood,Tuesday,March,3,0,0,0,0,0,20,1579.0,31574.0
2026-03-25,V028,Douala,Marché Nkoulouloun,Charcoal & Firewood,Wednesday,March,3,0,0,0,0,0,13,1953.0,25388.0
2026-03-26,V028,Douala,Marché Nkoulouloun,Charcoal & Firewood,Thursday,March,3,0,0,0,0,0,12,1974.0,23688.0
2026-03-27,V028,Douala,Marché Nkoulouloun,Charcoal & Firewood,Friday,March,3,0,0,0,0,0,23,1861.0,42798.0
2026-03-28,V028,Douala,Marché Nkoulouloun,Charcoal & Firewood,Saturday,March,3,1,0,0,0,0,36,1808.0,65098.0
2026-03-29,V028,Douala,Marché Nkoulouloun,Charcoal & Firewood,Sunday,March,3,1,0,0,0,1,22,1893.0,41644.0
2026-03-30,V028,Douala,Marché Nkoulouloun,Charcoal & Firewood,Monday,March,3,0,0,0,0,1,13,1898.0,24669.0
2026-03-31,V028,Douala,Marché Nkoulouloun,Charcoal & Firewood,Tuesday,March,3,0,0,0,0,1,19,1860.0,35334.0
2025-09-01,V029,Douala,Marché Sandaga,Fresh Vegetables,Monday,September,9,0,0,1,0,0,15,1878.0,28177.0
2025-09-02,V029,Douala,Marché Sandaga,Fresh Vegetables,Tuesday,September,9,0,0,1,0,0,14,1848.0,25872.0
2025-09-03,V029,Douala,Marché Sandaga,Fresh Vegetables,Wednesday,September,9,0,0,1,0,0,22,1721.0,37854.0
2025-09-04,V029,Douala,Marché Sandaga,Fresh Vegetables,Thursday,September,9,0,0,1,0,0,24,1774.0,42574.0
2025-09-05,V029,Douala,Marché Sandaga,Fresh Vegetables,Friday,September,9,0,0,1,0,0,18,1815.0,32677.0
2025-09-06,V029,Douala,Marché Sandaga,Fresh Vegetables,Saturday,September,9,1,0,1,1,0,24,1874.0,44967.0
2025-09-07,V029,Douala,Marché Sandaga,Fresh Vegetables,Sunday,September,9,1,0,1,0,0,24,1847.0,44325.0
2025-09-08,V029,Douala,Marché Sandaga,Fresh Vegetables,Monday,September,9,0,0,1,0,0,13,1664.0,21634.0
2025-09-09,V029,Douala,Marché Sandaga,Fresh Vegetables,Tuesday,September,9,0,0,1,0,0,17,2003.0,34057.0
2025-09-10,V029,Douala,Marché Sandaga,Fresh Vegetables,Wednesday,September,9,0,0,1,0,0,19,1903.0,36161.0
2025-09-11,V029,Douala,Marché Sandaga,Fresh Vegetables,Thursday,September,9,0,0,1,0,0,14,2100.0,29401.0
2025-09-12,V029,Douala,Marché Sandaga,Fresh Vegetables,Friday,September,9,0,0,1,0,0,35,1960.0,68617.0
2025-09-13,V029,Douala,Marché Sandaga,Fresh Vegetables,Saturday,September,9,1,0,1,0,0,17,2104.0,35767.0
2025-09-14,V029,Douala,Marché Sandaga,Fresh Vegetables,Sunday,September,9,1,0,1,0,0,30,1736.0,52087.0
2025-09-15,V029,Douala,Marché Sandaga,Fresh Vegetables,Monday,September,9,0,0,1,0,0,18,1667.0,30008.0
2025-09-16,V029,Douala,Marché Sandaga,Fresh Vegetables,Tuesday,September,9,0,0,1,0,0,21,1830.0,38420.0
2025-09-17,V029,Douala,Marché Sandaga,Fresh Vegetables,Wednesday,September,9,0,0,1,0,0,10,2325.0,23248.0
2025-09-18,V029,Douala,Marché Sandaga,Fresh Vegetables,Thursday,September,9,0,0,1,0,0,21,1808.0,37959.0
2025-09-19,V029,Douala,Marché Sandaga,Fresh Vegetables,Friday,September,9,0,0,1,0,0,20,1842.0,36850.0
2025-09-20,V029,Douala,Marché Sandaga,Fresh Vegetables,Saturday,September,9,1,0,1,1,0,31,1875.0,58132.0
2025-09-21,V029,Douala,Marché Sandaga,Fresh Vegetables,Sunday,September,9,1,0,1,0,0,17,2038.0,34639.0
2025-09-22,V029,Douala,Marché Sandaga,Fresh Vegetables,Monday,September,9,0,0,1,0,0,19,1888.0,35864.0
2025-09-23,V029,Douala,Marché Sandaga,Fresh Vegetables,Tuesday,September,9,0,0,1,0,0,16,1611.0,25770.0
2025-09-24,V029,Douala,Marché Sandaga,Fresh Vegetables,Wednesday,September,9,0,0,1,0,0,11,2142.0,23563.0
2025-09-25,V029,Douala,Marché Sandaga,Fresh Vegetables,Thursday,September,9,0,0,1,0,0,24,1861.0,44675.0
2025-09-26,V029,Douala,Marché Sandaga,Fresh Vegetables,Friday,September,9,0,0,1,0,0,27,1491.0,40269.0
2025-09-27,V029,Douala,Marché Sandaga,Fresh Vegetables,Saturday,September,9,1,0,1,0,0,31,1950.0,60459.0
2025-09-28,V029,Douala,Marché Sandaga,Fresh Vegetables,Sunday,September,9,1,0,1,0,1,35,1643.0,57494.0
2025-09-29,V029,Douala,Marché Sandaga,Fresh Vegetables,Monday,September,9,0,0,1,0,1,16,1808.0,28920.0
2025-09-30,V029,Douala,Marché Sandaga,Fresh Vegetables,Tuesday,September,9,0,0,1,0,1,19,1964.0,37321.0
2025-10-01,V029,Douala,Marché Sandaga,Fresh Vegetables,Wednesday,October,10,0,0,1,0,0,18,1878.0,33798.0
2025-10-02,V029,Douala,Marché Sandaga,Fresh Vegetables,Thursday,October,10,0,0,1,0,0,23,1753.0,40329.0
2025-10-03,V029,Douala,Marché Sandaga,Fresh Vegetables,Friday,October,10,0,0,1,0,0,24,1669.0,40047.0
2025-10-04,V029,Douala,Marché Sandaga,Fresh Vegetables,Saturday,October,10,1,0,1,1,0,34,1720.0,58467.0
2025-10-05,V029,Douala,Marché Sandaga,Fresh Vegetables,Sunday,October,10,1,0,1,0,0,19,1649.0,31338.0
2025-10-06,V029,Douala,Marché Sandaga,Fresh Vegetables,Monday,October,10,0,0,1,0,0,14,1989.0,27847.0
2025-10-07,V029,Douala,Marché Sandaga,Fresh Vegetables,Tuesday,October,10,0,0,1,0,0,17,1784.0,30335.0
2025-10-08,V029,Douala,Marché Sandaga,Fresh Vegetables,Wednesday,October,10,0,0,1,0,0,16,1824.0,29181.0
2025-10-09,V029,Douala,Marché Sandaga,Fresh Vegetables,Thursday,October,10,0,0,1,0,0,26,1771.0,46040.0
2025-10-10,V029,Douala,Marché Sandaga,Fresh Vegetables,Friday,October,10,0,0,1,0,0,21,2144.0,45020.0
2025-10-11,V029,Douala,Marché Sandaga,Fresh Vegetables,Saturday,October,10,1,0,1,0,0,29,1928.0,55907.0
2025-10-12,V029,Douala,Marché Sandaga,Fresh Vegetables,Sunday,October,10,1,0,1,0,0,25,1903.0,47581.0
2025-10-13,V029,Douala,Marché Sandaga,Fresh Vegetables,Monday,October,10,0,0,1,0,0,16,1659.0,26537.0
2025-10-14,V029,Douala,Marché Sandaga,Fresh Vegetables,Tuesday,October,10,0,0,1,0,0,18,1695.0,30515.0
2025-10-15,V029,Douala,Marché Sandaga,Fresh Vegetables,Wednesday,October,10,0,0,1,0,0,16,1886.0,30178.0
2025-10-16,V029,Douala,Marché Sandaga,Fresh Vegetables,Thursday,October,10,0,0,1,0,0,21,1764.0,37038.0
2025-10-17,V029,Douala,Marché Sandaga,Fresh Vegetables,Friday,October,10,0,0,1,0,0,30,1647.0,49411.0
2025-10-18,V029,Douala,Marché Sandaga,Fresh Vegetables,Saturday,October,10,1,0,1,1,0,38,1738.0,66062.0
2025-10-19,V029,Douala,Marché Sandaga,Fresh Vegetables,Sunday,October,10,1,0,1,0,0,18,1941.0,34947.0
2025-10-20,V029,Douala,Marché Sandaga,Fresh Vegetables,Monday,October,10,0,0,1,0,0,13,2014.0,26180.0
2025-10-21,V029,Douala,Marché Sandaga,Fresh Vegetables,Tuesday,October,10,0,0,1,0,0,18,1951.0,35121.0
2025-10-22,V029,Douala,Marché Sandaga,Fresh Vegetables,Wednesday,October,10,0,0,1,0,0,15,1828.0,27424.0
2025-10-23,V029,Douala,Marché Sandaga,Fresh Vegetables,Thursday,October,10,0,0,1,0,0,21,1874.0,39349.0
2025-10-24,V029,Douala,Marché Sandaga,Fresh Vegetables,Friday,October,10,0,0,1,0,0,24,1998.0,47959.0
2025-10-25,V029,Douala,Marché Sandaga,Fresh Vegetables,Saturday,October,10,1,0,1,0,0,37,1747.0,64624.0
2025-10-26,V029,Douala,Marché Sandaga,Fresh Vegetables,Sunday,October,10,1,0,1,0,0,29,1700.0,49312.0
2025-10-27,V029,Douala,Marché Sandaga,Fresh Vegetables,Monday,October,10,0,0,1,0,0,25,1675.0,41886.0
2025-10-28,V029,Douala,Marché Sandaga,Fresh Vegetables,Tuesday,October,10,0,0,1,0,0,24,1674.0,40166.0
2025-10-29,V029,Douala,Marché Sandaga,Fresh Vegetables,Wednesday,October,10,0,0,1,0,1,15,1889.0,28334.0
2025-10-30,V029,Douala,Marché Sandaga,Fresh Vegetables,Thursday,October,10,0,0,1,0,1,23,1803.0,41472.0
2025-10-31,V029,Douala,Marché Sandaga,Fresh Vegetables,Friday,October,10,0,0,1,0,1,26,1710.0,44471.0
2025-11-01,V029,Douala,Marché Sandaga,Fresh Vegetables,Saturday,November,11,1,0,0,1,0,39,1730.0,67458.0
2025-11-02,V029,Douala,Marché Sandaga,Fresh Vegetables,Sunday,November,11,1,0,0,0,0,21,1624.0,34103.0
2025-11-03,V029,Douala,Marché Sandaga,Fresh Vegetables,Monday,November,11,0,0,0,0,0,26,1730.0,44981.0
2025-11-04,V029,Douala,Marché Sandaga,Fresh Vegetables,Tuesday,November,11,0,0,0,0,0,21,1777.0,37318.0
2025-11-05,V029,Douala,Marché Sandaga,Fresh Vegetables,Wednesday,November,11,0,0,0,0,0,18,1696.0,30530.0
2025-11-06,V029,Douala,Marché Sandaga,Fresh Vegetables,Thursday,November,11,0,0,0,0,0,14,1935.0,27091.0
2025-11-07,V029,Douala,Marché Sandaga,Fresh Vegetables,Friday,November,11,0,0,0,0,0,16,1973.0,31569.0
2025-11-08,V029,Douala,Marché Sandaga,Fresh Vegetables,Saturday,November,11,1,0,0,0,0,34,1759.0,59819.0
2025-11-09,V029,Douala,Marché Sandaga,Fresh Vegetables,Sunday,November,11,1,0,0,0,0,23,1819.0,41830.0
2025-11-10,V029,Douala,Marché Sandaga,Fresh Vegetables,Monday,November,11,0,0,0,0,0,11,1993.0,21927.0
2025-11-11,V029,Douala,Marché Sandaga,Fresh Vegetables,Tuesday,November,11,0,0,0,0,0,14,2045.0,28633.0
2025-11-12,V029,Douala,Marché Sandaga,Fresh Vegetables,Wednesday,November,11,0,0,0,0,0,19,1967.0,37377.0
2025-11-13,V029,Douala,Marché Sandaga,Fresh Vegetables,Thursday,November,11,0,0,0,0,0,13,2451.0,31863.0
2025-11-14,V029,Douala,Marché Sandaga,Fresh Vegetables,Friday,November,11,0,0,0,0,0,20,2059.0,41183.0
2025-11-15,V029,Douala,Marché Sandaga,Fresh Vegetables,Saturday,November,11,1,0,0,1,0,33,1933.0,63786.0
2025-11-16,V029,Douala,Marché Sandaga,Fresh Vegetables,Sunday,November,11,1,0,0,0,0,23,1836.0,42236.0
2025-11-17,V029,Douala,Marché Sandaga,Fresh Vegetables,Monday,November,11,0,0,0,0,0,24,1733.0,41603.0
2025-11-18,V029,Douala,Marché Sandaga,Fresh Vegetables,Tuesday,November,11,0,0,0,0,0,10,2324.0,23245.0
2025-11-19,V029,Douala,Marché Sandaga,Fresh Vegetables,Wednesday,November,11,0,0,0,0,0,16,2118.0,33888.0
2025-11-20,V029,Douala,Marché Sandaga,Fresh Vegetables,Thursday,November,11,0,0,0,0,0,14,1487.0,20822.0
2025-11-21,V029,Douala,Marché Sandaga,Fresh Vegetables,Friday,November,11,0,0,0,0,0,28,1765.0,49432.0
2025-11-22,V029,Douala,Marché Sandaga,Fresh Vegetables,Saturday,November,11,1,0,0,0,0,27,1769.0,47772.0
2025-11-23,V029,Douala,Marché Sandaga,Fresh Vegetables,Sunday,November,11,1,0,0,0,0,20,1826.0,36513.0
2025-11-24,V029,Douala,Marché Sandaga,Fresh Vegetables,Monday,November,11,0,0,0,0,0,17,1535.0,26088.0
2025-11-25,V029,Douala,Marché Sandaga,Fresh Vegetables,Tuesday,November,11,0,0,0,0,0,16,1525.0,24399.0
2025-11-26,V029,Douala,Marché Sandaga,Fresh Vegetables,Wednesday,November,11,0,0,0,0,0,17,1988.0,33789.0
2025-11-27,V029,Douala,Marché Sandaga,Fresh Vegetables,Thursday,November,11,0,0,0,0,0,21,1743.0,36611.0
2025-11-28,V029,Douala,Marché Sandaga,Fresh Vegetables,Friday,November,11,0,0,0,0,1,36,1774.0,63863.0
2025-11-29,V029,Douala,Marché Sandaga,Fresh Vegetables,Saturday,November,11,1,0,0,0,1,29,1800.0,52206.0
2025-11-30,V029,Douala,Marché Sandaga,Fresh Vegetables,Sunday,November,11,1,0,0,0,1,39,1695.0,66104.0
2025-12-01,V029,Douala,Marché Sandaga,Fresh Vegetables,Monday,December,12,0,0,0,0,0,21,1727.0,36262.0
2025-12-02,V029,Douala,Marché Sandaga,Fresh Vegetables,Tuesday,December,12,0,0,0,0,0,22,1669.0,36712.0
2025-12-03,V029,Douala,Marché Sandaga,Fresh Vegetables,Wednesday,December,12,0,0,0,0,0,14,2208.0,30906.0
2025-12-04,V029,Douala,Marché Sandaga,Fresh Vegetables,Thursday,December,12,0,0,0,0,0,18,1998.0,35971.0
2025-12-05,V029,Douala,Marché Sandaga,Fresh Vegetables,Friday,December,12,0,0,0,0,0,18,1995.0,35912.0
2025-12-06,V029,Douala,Marché Sandaga,Fresh Vegetables,Saturday,December,12,1,0,0,1,0,54,1821.0,98360.0
2025-12-07,V029,Douala,Marché Sandaga,Fresh Vegetables,Sunday,December,12,1,0,0,0,0,22,2011.0,44238.0
2025-12-08,V029,Douala,Marché Sandaga,Fresh Vegetables,Monday,December,12,0,0,0,0,0,10,2209.0,22094.0
2025-12-09,V029,Douala,Marché Sandaga,Fresh Vegetables,Tuesday,December,12,0,0,0,0,0,23,1823.0,41933.0
2025-12-10,V029,Douala,Marché Sandaga,Fresh Vegetables,Wednesday,December,12,0,0,0,0,0,22,1699.0,37371.0
2025-12-11,V029,Douala,Marché Sandaga,Fresh Vegetables,Thursday,December,12,0,0,0,0,0,20,1597.0,31940.0
2025-12-12,V029,Douala,Marché Sandaga,Fresh Vegetables,Friday,December,12,0,0,0,0,0,24,1614.0,38747.0
2025-12-13,V029,Douala,Marché Sandaga,Fresh Vegetables,Saturday,December,12,1,0,0,0,0,28,2061.0,57707.0
2025-12-14,V029,Douala,Marché Sandaga,Fresh Vegetables,Sunday,December,12,1,0,0,0,0,16,2264.0,36227.0
2025-12-15,V029,Douala,Marché Sandaga,Fresh Vegetables,Monday,December,12,0,0,0,0,0,21,1808.0,37962.0
2025-12-16,V029,Douala,Marché Sandaga,Fresh Vegetables,Tuesday,December,12,0,0,0,0,0,12,1806.0,21674.0
2025-12-17,V029,Douala,Marché Sandaga,Fresh Vegetables,Wednesday,December,12,0,0,0,0,0,13,2343.0,30461.0
2025-12-18,V029,Douala,Marché Sandaga,Fresh Vegetables,Thursday,December,12,0,0,0,0,0,26,1848.0,48054.0
2025-12-19,V029,Douala,Marché Sandaga,Fresh Vegetables,Friday,December,12,0,0,0,0,0,22,1872.0,41188.0
2025-12-20,V029,Douala,Marché Sandaga,Fresh Vegetables,Saturday,December,12,1,0,0,1,0,23,2082.0,47889.0
2025-12-21,V029,Douala,Marché Sandaga,Fresh Vegetables,Sunday,December,12,1,0,0,0,0,28,1865.0,52234.0
2025-12-22,V029,Douala,Marché Sandaga,Fresh Vegetables,Monday,December,12,0,0,0,0,0,13,2378.0,30913.0
2025-12-23,V029,Douala,Marché Sandaga,Fresh Vegetables,Tuesday,December,12,0,0,0,0,0,15,1702.0,25532.0
2025-12-24,V029,Douala,Marché Sandaga,Fresh Vegetables,Wednesday,December,12,0,0,0,0,0,23,1561.0,35914.0
2025-12-25,V029,Douala,Marché Sandaga,Fresh Vegetables,Thursday,December,12,0,1,0,0,0,30,1885.0,56553.0
2025-12-26,V029,Douala,Marché Sandaga,Fresh Vegetables,Friday,December,12,0,0,0,0,0,25,1891.0,47280.0
2025-12-27,V029,Douala,Marché Sandaga,Fresh Vegetables,Saturday,December,12,1,0,0,0,0,45,1714.0,77140.0
2025-12-28,V029,Douala,Marché Sandaga,Fresh Vegetables,Sunday,December,12,1,0,0,0,0,24,1781.0,42734.0
2025-12-29,V029,Douala,Marché Sandaga,Fresh Vegetables,Monday,December,12,0,0,0,0,1,26,1766.0,45926.0
2025-12-30,V029,Douala,Marché Sandaga,Fresh Vegetables,Tuesday,December,12,0,0,0,0,1,22,2240.0,49280.0
2025-12-31,V029,Douala,Marché Sandaga,Fresh Vegetables,Wednesday,December,12,0,0,0,0,1,22,1906.0,41927.0
2026-01-01,V029,Douala,Marché Sandaga,Fresh Vegetables,Thursday,January,1,0,1,0,0,0,36,1692.0,60922.0
2026-01-02,V029,Douala,Marché Sandaga,Fresh Vegetables,Friday,January,1,0,0,0,0,0,27,1618.0,43679.0
2026-01-03,V029,Douala,Marché Sandaga,Fresh Vegetables,Saturday,January,1,1,0,0,1,0,48,1806.0,86681.0
2026-01-04,V029,Douala,Marché Sandaga,Fresh Vegetables,Sunday,January,1,1,0,0,0,0,35,1848.0,64676.0
2026-01-05,V029,Douala,Marché Sandaga,Fresh Vegetables,Monday,January,1,0,0,0,0,0,18,1646.0,29624.0
2026-01-06,V029,Douala,Marché Sandaga,Fresh Vegetables,Tuesday,January,1,0,0,0,0,0,17,1787.0,30372.0
2026-01-07,V029,Douala,Marché Sandaga,Fresh Vegetables,Wednesday,January,1,0,0,0,0,0,24,1802.0,43243.0
2026-01-08,V029,Douala,Marché Sandaga,Fresh Vegetables,Thursday,January,1,0,0,0,0,0,15,1746.0,26185.0
2026-01-09,V029,Douala,Marché Sandaga,Fresh Vegetables,Friday,January,1,0,0,0,0,0,23,1666.0,38307.0
2026-01-10,V029,Douala,Marché Sandaga,Fresh Vegetables,Saturday,January,1,1,0,0,0,0,36,1678.0,60405.0
2026-01-11,V029,Douala,Marché Sandaga,Fresh Vegetables,Sunday,January,1,1,0,0,0,0,29,1683.0,48803.0
2026-01-12,V029,Douala,Marché Sandaga,Fresh Vegetables,Monday,January,1,0,0,0,0,0,16,1706.0,27296.0
2026-01-13,V029,Douala,Marché Sandaga,Fresh Vegetables,Tuesday,January,1,0,0,0,0,0,24,1922.0,46133.0
2026-01-14,V029,Douala,Marché Sandaga,Fresh Vegetables,Wednesday,January,1,0,0,0,0,0,24,1933.0,46390.0
2026-01-15,V029,Douala,Marché Sandaga,Fresh Vegetables,Thursday,January,1,0,0,0,0,0,17,1793.0,30476.0
2026-01-16,V029,Douala,Marché Sandaga,Fresh Vegetables,Friday,January,1,0,0,0,0,0,29,1703.0,49394.0
2026-01-17,V029,Douala,Marché Sandaga,Fresh Vegetables,Saturday,January,1,1,0,0,1,0,30,1763.0,52887.0
2026-01-18,V029,Douala,Marché Sandaga,Fresh Vegetables,Sunday,January,1,1,0,0,0,0,17,2155.0,36637.0
2026-01-19,V029,Douala,Marché Sandaga,Fresh Vegetables,Monday,January,1,0,0,0,0,0,12,2171.0,26050.0
2026-01-20,V029,Douala,Marché Sandaga,Fresh Vegetables,Tuesday,January,1,0,0,0,0,0,22,1616.0,35555.0
2026-01-21,V029,Douala,Marché Sandaga,Fresh Vegetables,Wednesday,January,1,0,0,0,0,0,15,1716.0,25738.0
2026-01-22,V029,Douala,Marché Sandaga,Fresh Vegetables,Thursday,January,1,0,0,0,0,0,17,1691.0,28746.0
2026-01-23,V029,Douala,Marché Sandaga,Fresh Vegetables,Friday,January,1,0,0,0,0,0,19,2043.0,38818.0
2026-01-24,V029,Douala,Marché Sandaga,Fresh Vegetables,Saturday,January,1,1,0,0,0,0,33,1865.0,61541.0
2026-01-25,V029,Douala,Marché Sandaga,Fresh Vegetables,Sunday,January,1,1,0,0,0,0,17,2303.0,39157.0
2026-01-26,V029,Douala,Marché Sandaga,Fresh Vegetables,Monday,January,1,0,0,0,0,0,21,1739.0,36510.0
2026-01-27,V029,Douala,Marché Sandaga,Fresh Vegetables,Tuesday,January,1,0,0,0,0,0,14,2314.0,32401.0
2026-01-28,V029,Douala,Marché Sandaga,Fresh Vegetables,Wednesday,January,1,0,0,0,0,0,21,1986.0,41713.0
2026-01-29,V029,Douala,Marché Sandaga,Fresh Vegetables,Thursday,January,1,0,0,0,0,1,25,1506.0,37655.0
2026-01-30,V029,Douala,Marché Sandaga,Fresh Vegetables,Friday,January,1,0,0,0,0,1,25,1760.0,43995.0
2026-01-31,V029,Douala,Marché Sandaga,Fresh Vegetables,Saturday,January,1,1,0,0,0,1,38,1784.0,67809.0
2026-02-01,V029,Douala,Marché Sandaga,Fresh Vegetables,Sunday,February,2,1,0,0,0,0,24,1817.0,43606.0
2026-02-02,V029,Douala,Marché Sandaga,Fresh Vegetables,Monday,February,2,0,0,0,0,0,17,1902.0,32335.0
2026-02-03,V029,Douala,Marché Sandaga,Fresh Vegetables,Tuesday,February,2,0,0,0,0,0,20,2124.0,42489.0
2026-02-04,V029,Douala,Marché Sandaga,Fresh Vegetables,Wednesday,February,2,0,0,0,0,0,24,1680.0,40326.0
2026-02-05,V029,Douala,Marché Sandaga,Fresh Vegetables,Thursday,February,2,0,0,0,0,0,24,1679.0,40286.0
2026-02-06,V029,Douala,Marché Sandaga,Fresh Vegetables,Friday,February,2,0,0,0,0,0,19,2248.0,42704.0
2026-02-07,V029,Douala,Marché Sandaga,Fresh Vegetables,Saturday,February,2,1,0,0,1,0,32,1940.0,62070.0
2026-02-08,V029,Douala,Marché Sandaga,Fresh Vegetables,Sunday,February,2,1,0,0,0,0,17,2137.0,36332.0
2026-02-09,V029,Douala,Marché Sandaga,Fresh Vegetables,Monday,February,2,0,0,0,0,0,14,2018.0,28255.0
2026-02-10,V029,Douala,Marché Sandaga,Fresh Vegetables,Tuesday,February,2,0,0,0,0,0,13,1623.0,21099.0
2026-02-11,V029,Douala,Marché Sandaga,Fresh Vegetables,Wednesday,February,2,0,1,0,0,0,35,1787.0,62548.0
2026-02-12,V029,Douala,Marché Sandaga,Fresh Vegetables,Thursday,February,2,0,0,0,0,0,18,1903.0,34253.0
2026-02-13,V029,Douala,Marché Sandaga,Fresh Vegetables,Friday,February,2,0,0,0,0,0,22,1830.0,40253.0
2026-02-14,V029,Douala,Marché Sandaga,Fresh Vegetables,Saturday,February,2,1,0,0,0,0,27,1961.0,52937.0
2026-02-15,V029,Douala,Marché Sandaga,Fresh Vegetables,Sunday,February,2,1,0,0,0,0,28,2004.0,56113.0
2026-02-16,V029,Douala,Marché Sandaga,Fresh Vegetables,Monday,February,2,0,0,0,0,0,19,1844.0,35040.0
2026-02-17,V029,Douala,Marché Sandaga,Fresh Vegetables,Tuesday,February,2,0,0,0,0,0,26,1753.0,45575.0
2026-02-18,V029,Douala,Marché Sandaga,Fresh Vegetables,Wednesday,February,2,0,0,0,0,0,16,1966.0,31449.0
2026-02-19,V029,Douala,Marché Sandaga,Fresh Vegetables,Thursday,February,2,0,0,0,0,0,17,2105.0,35783.0
2026-02-20,V029,Douala,Marché Sandaga,Fresh Vegetables,Friday,February,2,0,0,0,0,0,17,2225.0,37823.0
2026-02-21,V029,Douala,Marché Sandaga,Fresh Vegetables,Saturday,February,2,1,0,0,1,0,29,1836.0,53258.0
2026-02-22,V029,Douala,Marché Sandaga,Fresh Vegetables,Sunday,February,2,1,0,0,0,0,20,2187.0,43749.0
2026-02-23,V029,Douala,Marché Sandaga,Fresh Vegetables,Monday,February,2,0,0,0,0,0,17,1767.0,30039.0
2026-02-24,V029,Douala,Marché Sandaga,Fresh Vegetables,Tuesday,February,2,0,0,0,0,0,16,1965.0,31434.0
2026-02-25,V029,Douala,Marché Sandaga,Fresh Vegetables,Wednesday,February,2,0,0,0,0,0,16,1947.0,31154.0
2026-02-26,V029,Douala,Marché Sandaga,Fresh Vegetables,Thursday,February,2,0,0,0,0,1,20,1822.0,36432.0
2026-02-27,V029,Douala,Marché Sandaga,Fresh Vegetables,Friday,February,2,0,0,0,0,1,40,1891.0,75650.0
2026-02-28,V029,Douala,Marché Sandaga,Fresh Vegetables,Saturday,February,2,1,0,0,0,1,32,1809.0,57873.0
2026-03-01,V029,Douala,Marché Sandaga,Fresh Vegetables,Sunday,March,3,1,0,0,0,0,22,1665.0,36625.0
2026-03-02,V029,Douala,Marché Sandaga,Fresh Vegetables,Monday,March,3,0,0,0,0,0,10,2009.0,20094.0
2026-03-03,V029,Douala,Marché Sandaga,Fresh Vegetables,Tuesday,March,3,0,0,0,0,0,20,1875.0,37506.0
2026-03-04,V029,Douala,Marché Sandaga,Fresh Vegetables,Wednesday,March,3,0,0,0,0,0,16,1809.0,28945.0
2026-03-05,V029,Douala,Marché Sandaga,Fresh Vegetables,Thursday,March,3,0,0,0,0,0,23,1818.0,41823.0
2026-03-06,V029,Douala,Marché Sandaga,Fresh Vegetables,Friday,March,3,0,0,0,0,0,21,1790.0,37590.0
2026-03-07,V029,Douala,Marché Sandaga,Fresh Vegetables,Saturday,March,3,1,0,0,1,0,33,1773.0,58493.0
2026-03-08,V029,Douala,Marché Sandaga,Fresh Vegetables,Sunday,March,3,1,1,0,0,0,32,2115.0,67665.0
2026-03-09,V029,Douala,Marché Sandaga,Fresh Vegetables,Monday,March,3,0,0,0,0,0,13,2416.0,31412.0
2026-03-10,V029,Douala,Marché Sandaga,Fresh Vegetables,Tuesday,March,3,0,0,0,0,0,26,1932.0,50236.0
2026-03-11,V029,Douala,Marché Sandaga,Fresh Vegetables,Wednesday,March,3,0,0,0,0,0,21,1828.0,38378.0
2026-03-12,V029,Douala,Marché Sandaga,Fresh Vegetables,Thursday,March,3,0,0,0,0,0,15,2050.0,30745.0
2026-03-13,V029,Douala,Marché Sandaga,Fresh Vegetables,Friday,March,3,0,0,0,0,0,34,1699.0,57765.0
2026-03-14,V029,Douala,Marché Sandaga,Fresh Vegetables,Saturday,March,3,1,0,0,0,0,42,1800.0,75611.0
2026-03-15,V029,Douala,Marché Sandaga,Fresh Vegetables,Sunday,March,3,1,0,0,0,0,23,1898.0,43653.0
2026-03-16,V029,Douala,Marché Sandaga,Fresh Vegetables,Monday,March,3,0,0,0,0,0,14,2089.0,29239.0
2026-03-17,V029,Douala,Marché Sandaga,Fresh Vegetables,Tuesday,March,3,0,0,0,0,0,16,2054.0,32862.0
2026-03-18,V029,Douala,Marché Sandaga,Fresh Vegetables,Wednesday,March,3,0,0,0,0,0,20,1817.0,36331.0
2026-03-19,V029,Douala,Marché Sandaga,Fresh Vegetables,Thursday,March,3,0,0,0,0,0,24,1559.0,37415.0
2026-03-20,V029,Douala,Marché Sandaga,Fresh Vegetables,Friday,March,3,0,0,0,0,0,25,1725.0,43128.0
2026-03-21,V029,Douala,Marché Sandaga,Fresh Vegetables,Saturday,March,3,1,0,0,1,0,53,1716.0,90972.0
2026-03-22,V029,Douala,Marché Sandaga,Fresh Vegetables,Sunday,March,3,1,0,0,0,0,27,1889.0,51010.0
2026-03-23,V029,Douala,Marché Sandaga,Fresh Vegetables,Monday,March,3,0,0,0,0,0,15,2139.0,32090.0
2026-03-24,V029,Douala,Marché Sandaga,Fresh Vegetables,Tuesday,March,3,0,0,0,0,0,20,1771.0,35411.0
2026-03-25,V029,Douala,Marché Sandaga,Fresh Vegetables,Wednesday,March,3,0,0,0,0,0,20,1685.0,33695.0
2026-03-26,V029,Douala,Marché Sandaga,Fresh Vegetables,Thursday,March,3,0,0,0,0,0,19,1504.0,28585.0
2026-03-27,V029,Douala,Marché Sandaga,Fresh Vegetables,Friday,March,3,0,0,0,0,0,28,1824.0,51074.0
2026-03-28,V029,Douala,Marché Sandaga,Fresh Vegetables,Saturday,March,3,1,0,0,0,0,29,1789.0,51883.0
2026-03-29,V029,Douala,Marché Sandaga,Fresh Vegetables,Sunday,March,3,1,0,0,0,1,35,1791.0,62675.0
2026-03-30,V029,Douala,Marché Sandaga,Fresh Vegetables,Monday,March,3,0,0,0,0,1,20,1817.0,36339.0
2026-03-31,V029,Douala,Marché Sandaga,Fresh Vegetables,Tuesday,March,3,0,0,0,0,1,27,1900.0,51302.0
2025-09-01,V030,Douala,Marché Central (New Bell),Palm Oil & Condiments,Monday,September,9,0,0,1,0,0,14,1913.0,26781.0
2025-09-02,V030,Douala,Marché Central (New Bell),Palm Oil & Condiments,Tuesday,September,9,0,0,1,0,0,10,1939.0,19391.0
2025-09-03,V030,Douala,Marché Central (New Bell),Palm Oil & Condiments,Wednesday,September,9,0,0,1,0,0,12,1845.0,22140.0
2025-09-04,V030,Douala,Marché Central (New Bell),Palm Oil & Condiments,Thursday,September,9,0,0,1,0,0,9,2052.0,18468.0
2025-09-05,V030,Douala,Marché Central (New Bell),Palm Oil & Condiments,Friday,September,9,0,0,1,0,0,18,1738.0,31286.0
2025-09-06,V030,Douala,Marché Central (New Bell),Palm Oil & Condiments,Saturday,September,9,1,0,1,1,0,21,1812.0,38046.0
2025-09-07,V030,Douala,Marché Central (New Bell),Palm Oil & Condiments,Sunday,September,9,1,0,1,0,0,24,1643.0,39432.0
2025-09-08,V030,Douala,Marché Central (New Bell),Palm Oil & Condiments,Monday,September,9,0,0,1,0,0,14,1750.0,24503.0
2025-09-09,V030,Douala,Marché Central (New Bell),Palm Oil & Condiments,Tuesday,September,9,0,0,1,0,0,13,1766.0,22958.0
2025-09-10,V030,Douala,Marché Central (New Bell),Palm Oil & Condiments,Wednesday,September,9,0,0,1,0,0,14,1936.0,27101.0
2025-09-11,V030,Douala,Marché Central (New Bell),Palm Oil & Condiments,Thursday,September,9,0,0,1,0,0,15,1473.0,22102.0
2025-09-12,V030,Douala,Marché Central (New Bell),Palm Oil & Condiments,Friday,September,9,0,0,1,0,0,14,2034.0,28476.0
2025-09-13,V030,Douala,Marché Central (New Bell),Palm Oil & Condiments,Saturday,September,9,1,0,1,0,0,18,2135.0,38432.0
2025-09-14,V030,Douala,Marché Central (New Bell),Palm Oil & Condiments,Sunday,September,9,1,0,1,0,0,18,2084.0,37521.0
2025-09-15,V030,Douala,Marché Central (New Bell),Palm Oil & Condiments,Monday,September,9,0,0,1,0,0,10,1705.0,17050.0
2025-09-16,V030,Douala,Marché Central (New Bell),Palm Oil & Condiments,Tuesday,September,9,0,0,1,0,0,14,1631.0,22830.0
2025-09-17,V030,Douala,Marché Central (New Bell),Palm Oil & Condiments,Wednesday,September,9,0,0,1,0,0,12,1533.0,18398.0
2025-09-18,V030,Douala,Marché Central (New Bell),Palm Oil & Condiments,Thursday,September,9,0,0,1,0,0,11,2288.0,25167.0
2025-09-19,V030,Douala,Marché Central (New Bell),Palm Oil & Condiments,Friday,September,9,0,0,1,0,0,12,1981.0,23775.0
2025-09-20,V030,Douala,Marché Central (New Bell),Palm Oil & Condiments,Saturday,September,9,1,0,1,1,0,14,2426.0,33960.0
2025-09-21,V030,Douala,Marché Central (New Bell),Palm Oil & Condiments,Sunday,September,9,1,0,1,0,0,16,2031.0,32492.0
2025-09-22,V030,Douala,Marché Central (New Bell),Palm Oil & Condiments,Monday,September,9,0,0,1,0,0,11,1489.0,16384.0
2025-09-23,V030,Douala,Marché Central (New Bell),Palm Oil & Condiments,Tuesday,September,9,0,0,1,0,0,14,1820.0,25484.0
2025-09-24,V030,Douala,Marché Central (New Bell),Palm Oil & Condiments,Wednesday,September,9,0,0,1,0,0,10,2119.0,21190.0
2025-09-25,V030,Douala,Marché Central (New Bell),Palm Oil & Condiments,Thursday,September,9,0,0,1,0,0,14,1788.0,25034.0
2025-09-26,V030,Douala,Marché Central (New Bell),Palm Oil & Condiments,Friday,September,9,0,0,1,0,0,23,1532.0,35236.0
2025-09-27,V030,Douala,Marché Central (New Bell),Palm Oil & Condiments,Saturday,September,9,1,0,1,0,0,23,1747.0,40170.0
2025-09-28,V030,Douala,Marché Central (New Bell),Palm Oil & Condiments,Sunday,September,9,1,0,1,0,1,26,1905.0,49526.0
2025-09-29,V030,Douala,Marché Central (New Bell),Palm Oil & Condiments,Monday,September,9,0,0,1,0,1,12,1959.0,23503.0
2025-09-30,V030,Douala,Marché Central (New Bell),Palm Oil & Condiments,Tuesday,September,9,0,0,1,0,1,16,1833.0,29332.0
2025-10-01,V030,Douala,Marché Central (New Bell),Palm Oil & Condiments,Wednesday,October,10,0,0,1,0,0,8,1775.0,14199.0
2025-10-02,V030,Douala,Marché Central (New Bell),Palm Oil & Condiments,Thursday,October,10,0,0,1,0,0,11,2083.0,22908.0
2025-10-03,V030,Douala,Marché Central (New Bell),Palm Oil & Condiments,Friday,October,10,0,0,1,0,0,13,2228.0,28958.0
2025-10-04,V030,Douala,Marché Central (New Bell),Palm Oil & Condiments,Saturday,October,10,1,0,1,1,0,25,1982.0,49555.0
2025-10-05,V030,Douala,Marché Central (New Bell),Palm Oil & Condiments,Sunday,October,10,1,0,1,0,0,15,1710.0,25656.0
2025-10-06,V030,Douala,Marché Central (New Bell),Palm Oil & Condiments,Monday,October,10,0,0,1,0,0,11,1690.0,18594.0
2025-10-07,V030,Douala,Marché Central (New Bell),Palm Oil & Condiments,Tuesday,October,10,0,0,1,0,0,22,1352.0,29754.0
2025-10-08,V030,Douala,Marché Central (New Bell),Palm Oil & Condiments,Wednesday,October,10,0,0,1,0,0,12,1762.0,21144.0
2025-10-09,V030,Douala,Marché Central (New Bell),Palm Oil & Condiments,Thursday,October,10,0,0,1,0,0,20,1739.0,34785.0
2025-10-10,V030,Douala,Marché Central (New Bell),Palm Oil & Condiments,Friday,October,10,0,0,1,0,0,13,1604.0,20853.0
2025-10-11,V030,Douala,Marché Central (New Bell),Palm Oil & Condiments,Saturday,October,10,1,0,1,0,0,25,1719.0,42980.0
2025-10-12,V030,Douala,Marché Central (New Bell),Palm Oil & Condiments,Sunday,October,10,1,0,1,0,0,15,1850.0,27754.0
2025-10-13,V030,Douala,Marché Central (New Bell),Palm Oil & Condiments,Monday,October,10,0,0,1,0,0,13,1596.0,20745.0
2025-10-14,V030,Douala,Marché Central (New Bell),Palm Oil & Condiments,Tuesday,October,10,0,0,1,0,0,8,2393.0,19142.0
2025-10-15,V030,Douala,Marché Central (New Bell),Palm Oil & Condiments,Wednesday,October,10,0,0,1,0,0,11,1947.0,21421.0
2025-10-16,V030,Douala,Marché Central (New Bell),Palm Oil & Condiments,Thursday,October,10,0,0,1,0,0,13,2022.0,26285.0
2025-10-17,V030,Douala,Marché Central (New Bell),Palm Oil & Condiments,Friday,October,10,0,0,1,0,0,18,1796.0,32334.0
2025-10-18,V030,Douala,Marché Central (New Bell),Palm Oil & Condiments,Saturday,October,10,1,0,1,1,0,26,1903.0,49490.0
2025-10-19,V030,Douala,Marché Central (New Bell),Palm Oil & Condiments,Sunday,October,10,1,0,1,0,0,19,1726.0,32792.0
2025-10-20,V030,Douala,Marché Central (New Bell),Palm Oil & Condiments,Monday,October,10,0,0,1,0,0,7,2623.0,18360.0
2025-10-21,V030,Douala,Marché Central (New Bell),Palm Oil & Condiments,Tuesday,October,10,0,0,1,0,0,7,2337.0,16357.0
2025-10-22,V030,Douala,Marché Central (New Bell),Palm Oil & Condiments,Wednesday,October,10,0,0,1,0,0,13,1727.0,22446.0
2025-10-23,V030,Douala,Marché Central (New Bell),Palm Oil & Condiments,Thursday,October,10,0,0,1,0,0,14,1724.0,24138.0
2025-10-24,V030,Douala,Marché Central (New Bell),Palm Oil & Condiments,Friday,October,10,0,0,1,0,0,15,1962.0,29436.0
2025-10-25,V030,Douala,Marché Central (New Bell),Palm Oil & Condiments,Saturday,October,10,1,0,1,0,0,24,1455.0,34922.0
2025-10-26,V030,Douala,Marché Central (New Bell),Palm Oil & Condiments,Sunday,October,10,1,0,1,0,0,13,2216.0,28811.0
2025-10-27,V030,Douala,Marché Central (New Bell),Palm Oil & Condiments,Monday,October,10,0,0,1,0,0,15,2015.0,30232.0
2025-10-28,V030,Douala,Marché Central (New Bell),Palm Oil & Condiments,Tuesday,October,10,0,0,1,0,0,8,2283.0,18265.0
2025-10-29,V030,Douala,Marché Central (New Bell),Palm Oil & Condiments,Wednesday,October,10,0,0,1,0,1,16,1579.0,25264.0
2025-10-30,V030,Douala,Marché Central (New Bell),Palm Oil & Condiments,Thursday,October,10,0,0,1,0,1,11,2178.0,23960.0
2025-10-31,V030,Douala,Marché Central (New Bell),Palm Oil & Condiments,Friday,October,10,0,0,1,0,1,18,2189.0,39399.0
2025-11-01,V030,Douala,Marché Central (New Bell),Palm Oil & Condiments,Saturday,November,11,1,0,0,1,0,20,1865.0,37300.0
2025-11-02,V030,Douala,Marché Central (New Bell),Palm Oil & Condiments,Sunday,November,11,1,0,0,0,0,18,2020.0,36368.0
2025-11-03,V030,Douala,Marché Central (New Bell),Palm Oil & Condiments,Monday,November,11,0,0,0,0,0,10,1840.0,18401.0
2025-11-04,V030,Douala,Marché Central (New Bell),Palm Oil & Condiments,Tuesday,November,11,0,0,0,0,0,11,2245.0,24698.0
2025-11-05,V030,Douala,Marché Central (New Bell),Palm Oil & Condiments,Wednesday,November,11,0,0,0,0,0,14,1540.0,21559.0
2025-11-06,V030,Douala,Marché Central (New Bell),Palm Oil & Condiments,Thursday,November,11,0,0,0,0,0,11,1843.0,20277.0
2025-11-07,V030,Douala,Marché Central (New Bell),Palm Oil & Condiments,Friday,November,11,0,0,0,0,0,18,1551.0,27922.0
2025-11-08,V030,Douala,Marché Central (New Bell),Palm Oil & Condiments,Saturday,November,11,1,0,0,0,0,24,1740.0,41756.0
2025-11-09,V030,Douala,Marché Central (New Bell),Palm Oil & Condiments,Sunday,November,11,1,0,0,0,0,16,1660.0,26557.0
2025-11-10,V030,Douala,Marché Central (New Bell),Palm Oil & Condiments,Monday,November,11,0,0,0,0,0,14,1792.0,25092.0
2025-11-11,V030,Douala,Marché Central (New Bell),Palm Oil & Condiments,Tuesday,November,11,0,0,0,0,0,12,1809.0,21714.0
2025-11-12,V030,Douala,Marché Central (New Bell),Palm Oil & Condiments,Wednesday,November,11,0,0,0,0,0,12,1414.0,16967.0
2025-11-13,V030,Douala,Marché Central (New Bell),Palm Oil & Condiments,Thursday,November,11,0,0,0,0,0,11,2045.0,22493.0
2025-11-14,V030,Douala,Marché Central (New Bell),Palm Oil & Condiments,Friday,November,11,0,0,0,0,0,14,1727.0,24176.0
2025-11-15,V030,Douala,Marché Central (New Bell),Palm Oil & Condiments,Saturday,November,11,1,0,0,1,0,26,1878.0,48820.0
2025-11-16,V030,Douala,Marché Central (New Bell),Palm Oil & Condiments,Sunday,November,11,1,0,0,0,0,9,2135.0,19217.0
2025-11-17,V030,Douala,Marché Central (New Bell),Palm Oil & Condiments,Monday,November,11,0,0,0,0,0,13,1816.0,23609.0
2025-11-18,V030,Douala,Marché Central (New Bell),Palm Oil & Condiments,Tuesday,November,11,0,0,0,0,0,11,2060.0,22658.0
2025-11-19,V030,Douala,Marché Central (New Bell),Palm Oil & Condiments,Wednesday,November,11,0,0,0,0,0,11,1620.0,17825.0
2025-11-20,V030,Douala,Marché Central (New Bell),Palm Oil & Condiments,Thursday,November,11,0,0,0,0,0,10,1935.0,19350.0
2025-11-21,V030,Douala,Marché Central (New Bell),Palm Oil & Condiments,Friday,November,11,0,0,0,0,0,16,1590.0,25439.0
2025-11-22,V030,Douala,Marché Central (New Bell),Palm Oil & Condiments,Saturday,November,11,1,0,0,0,0,22,1899.0,41768.0
2025-11-23,V030,Douala,Marché Central (New Bell),Palm Oil & Condiments,Sunday,November,11,1,0,0,0,0,15,2209.0,33131.0
2025-11-24,V030,Douala,Marché Central (New Bell),Palm Oil & Condiments,Monday,November,11,0,0,0,0,0,9,2380.0,21424.0
2025-11-25,V030,Douala,Marché Central (New Bell),Palm Oil & Condiments,Tuesday,November,11,0,0,0,0,0,16,1717.0,27476.0
2025-11-26,V030,Douala,Marché Central (New Bell),Palm Oil & Condiments,Wednesday,November,11,0,0,0,0,0,13,2048.0,26622.0
2025-11-27,V030,Douala,Marché Central (New Bell),Palm Oil & Condiments,Thursday,November,11,0,0,0,0,0,13,2206.0,28674.0
2025-11-28,V030,Douala,Marché Central (New Bell),Palm Oil & Condiments,Friday,November,11,0,0,0,0,1,16,1849.0,29580.0
2025-11-29,V030,Douala,Marché Central (New Bell),Palm Oil & Condiments,Saturday,November,11,1,0,0,0,1,21,1741.0,36557.0
2025-11-30,V030,Douala,Marché Central (New Bell),Palm Oil & Condiments,Sunday,November,11,1,0,0,0,1,15,2060.0,30895.0
2025-12-01,V030,Douala,Marché Central (New Bell),Palm Oil & Condiments,Monday,December,12,0,0,0,0,0,11,1589.0,17479.0
2025-12-02,V030,Douala,Marché Central (New Bell),Palm Oil & Condiments,Tuesday,December,12,0,0,0,0,0,6,2409.0,14453.0
2025-12-03,V030,Douala,Marché Central (New Bell),Palm Oil & Condiments,Wednesday,December,12,0,0,0,0,0,16,1905.0,30486.0
2025-12-04,V030,Douala,Marché Central (New Bell),Palm Oil & Condiments,Thursday,December,12,0,0,0,0,0,16,1783.0,28528.0
2025-12-05,V030,Douala,Marché Central (New Bell),Palm Oil & Condiments,Friday,December,12,0,0,0,0,0,13,2278.0,29613.0
2025-12-06,V030,Douala,Marché Central (New Bell),Palm Oil & Condiments,Saturday,December,12,1,0,0,1,0,16,2185.0,34961.0
2025-12-07,V030,Douala,Marché Central (New Bell),Palm Oil & Condiments,Sunday,December,12,1,0,0,0,0,19,1679.0,31907.0
2025-12-08,V030,Douala,Marché Central (New Bell),Palm Oil & Condiments,Monday,December,12,0,0,0,0,0,10,1855.0,18553.0
2025-12-09,V030,Douala,Marché Central (New Bell),Palm Oil & Condiments,Tuesday,December,12,0,0,0,0,0,12,1907.0,22880.0
2025-12-10,V030,Douala,Marché Central (New Bell),Palm Oil & Condiments,Wednesday,December,12,0,0,0,0,0,14,1475.0,20647.0
2025-12-11,V030,Douala,Marché Central (New Bell),Palm Oil & Condiments,Thursday,December,12,0,0,0,0,0,15,1889.0,28330.0
2025-12-12,V030,Douala,Marché Central (New Bell),Palm Oil & Condiments,Friday,December,12,0,0,0,0,0,13,2147.0,27916.0
2025-12-13,V030,Douala,Marché Central (New Bell),Palm Oil & Condiments,Saturday,December,12,1,0,0,0,0,21,1924.0,40407.0
2025-12-14,V030,Douala,Marché Central (New Bell),Palm Oil & Condiments,Sunday,December,12,1,0,0,0,0,12,2497.0,29968.0
2025-12-15,V030,Douala,Marché Central (New Bell),Palm Oil & Condiments,Monday,December,12,0,0,0,0,0,10,1976.0,19756.0
2025-12-16,V030,Douala,Marché Central (New Bell),Palm Oil & Condiments,Tuesday,December,12,0,0,0,0,0,13,2092.0,27195.0
2025-12-17,V030,Douala,Marché Central (New Bell),Palm Oil & Condiments,Wednesday,December,12,0,0,0,0,0,10,1813.0,18125.0
2025-12-18,V030,Douala,Marché Central (New Bell),Palm Oil & Condiments,Thursday,December,12,0,0,0,0,0,10,2479.0,24788.0
2025-12-19,V030,Douala,Marché Central (New Bell),Palm Oil & Condiments,Friday,December,12,0,0,0,0,0,11,2062.0,22682.0
2025-12-20,V030,Douala,Marché Central (New Bell),Palm Oil & Condiments,Saturday,December,12,1,0,0,1,0,27,1619.0,43720.0
2025-12-21,V030,Douala,Marché Central (New Bell),Palm Oil & Condiments,Sunday,December,12,1,0,0,0,0,14,1720.0,24082.0
2025-12-22,V030,Douala,Marché Central (New Bell),Palm Oil & Condiments,Monday,December,12,0,0,0,0,0,9,1697.0,15269.0
2025-12-23,V030,Douala,Marché Central (New Bell),Palm Oil & Condiments,Tuesday,December,12,0,0,0,0,0,16,1873.0,29964.0
2025-12-24,V030,Douala,Marché Central (New Bell),Palm Oil & Condiments,Wednesday,December,12,0,0,0,0,0,14,1500.0,20999.0
2025-12-25,V030,Douala,Marché Central (New Bell),Palm Oil & Condiments,Thursday,December,12,0,1,0,0,0,18,1854.0,33376.0
2025-12-26,V030,Douala,Marché Central (New Bell),Palm Oil & Condiments,Friday,December,12,0,0,0,0,0,14,1823.0,25518.0
2025-12-27,V030,Douala,Marché Central (New Bell),Palm Oil & Condiments,Saturday,December,12,1,0,0,0,0,19,1750.0,33252.0
2025-12-28,V030,Douala,Marché Central (New Bell),Palm Oil & Condiments,Sunday,December,12,1,0,0,0,0,18,1640.0,29512.0
2025-12-29,V030,Douala,Marché Central (New Bell),Palm Oil & Condiments,Monday,December,12,0,0,0,0,1,12,1878.0,22531.0
2025-12-30,V030,Douala,Marché Central (New Bell),Palm Oil & Condiments,Tuesday,December,12,0,0,0,0,1,16,1896.0,30334.0
2025-12-31,V030,Douala,Marché Central (New Bell),Palm Oil & Condiments,Wednesday,December,12,0,0,0,0,1,14,1938.0,27130.0
2026-01-01,V030,Douala,Marché Central (New Bell),Palm Oil & Condiments,Thursday,January,1,0,1,0,0,0,18,1691.0,30435.0
2026-01-02,V030,Douala,Marché Central (New Bell),Palm Oil & Condiments,Friday,January,1,0,0,0,0,0,20,2133.0,42651.0
2026-01-03,V030,Douala,Marché Central (New Bell),Palm Oil & Condiments,Saturday,January,1,1,0,0,1,0,19,1860.0,35346.0
2026-01-04,V030,Douala,Marché Central (New Bell),Palm Oil & Condiments,Sunday,January,1,1,0,0,0,0,15,1968.0,29518.0
2026-01-05,V030,Douala,Marché Central (New Bell),Palm Oil & Condiments,Monday,January,1,0,0,0,0,0,8,2459.0,19672.0
2026-01-06,V030,Douala,Marché Central (New Bell),Palm Oil & Condiments,Tuesday,January,1,0,0,0,0,0,13,1574.0,20468.0
2026-01-07,V030,Douala,Marché Central (New Bell),Palm Oil & Condiments,Wednesday,January,1,0,0,0,0,0,14,1720.0,24083.0
2026-01-08,V030,Douala,Marché Central (New Bell),Palm Oil & Condiments,Thursday,January,1,0,0,0,0,0,14,1442.0,20192.0
2026-01-09,V030,Douala,Marché Central (New Bell),Palm Oil & Condiments,Friday,January,1,0,0,0,0,0,16,1731.0,27700.0
2026-01-10,V030,Douala,Marché Central (New Bell),Palm Oil & Condiments,Saturday,January,1,1,0,0,0,0,19,1936.0,36777.0
2026-01-11,V030,Douala,Marché Central (New Bell),Palm Oil & Condiments,Sunday,January,1,1,0,0,0,0,18,1757.0,31626.0
2026-01-12,V030,Douala,Marché Central (New Bell),Palm Oil & Condiments,Monday,January,1,0,0,0,0,0,20,1763.0,35257.0
2026-01-13,V030,Douala,Marché Central (New Bell),Palm Oil & Condiments,Tuesday,January,1,0,0,0,0,0,16,1598.0,25564.0
2026-01-14,V030,Douala,Marché Central (New Bell),Palm Oil & Condiments,Wednesday,January,1,0,0,0,0,0,14,1862.0,26062.0
2026-01-15,V030,Douala,Marché Central (New Bell),Palm Oil & Condiments,Thursday,January,1,0,0,0,0,0,16,1662.0,26590.0
2026-01-16,V030,Douala,Marché Central (New Bell),Palm Oil & Condiments,Friday,January,1,0,0,0,0,0,18,2187.0,39367.0
2026-01-17,V030,Douala,Marché Central (New Bell),Palm Oil & Condiments,Saturday,January,1,1,0,0,1,0,20,1579.0,31584.0
2026-01-18,V030,Douala,Marché Central (New Bell),Palm Oil & Condiments,Sunday,January,1,1,0,0,0,0,10,2534.0,25343.0
2026-01-19,V030,Douala,Marché Central (New Bell),Palm Oil & Condiments,Monday,January,1,0,0,0,0,0,12,1321.0,15855.0
2026-01-20,V030,Douala,Marché Central (New Bell),Palm Oil & Condiments,Tuesday,January,1,0,0,0,0,0,13,2058.0,26757.0
2026-01-21,V030,Douala,Marché Central (New Bell),Palm Oil & Condiments,Wednesday,January,1,0,0,0,0,0,11,1880.0,20678.0
2026-01-22,V030,Douala,Marché Central (New Bell),Palm Oil & Condiments,Thursday,January,1,0,0,0,0,0,15,1951.0,29271.0
2026-01-23,V030,Douala,Marché Central (New Bell),Palm Oil & Condiments,Friday,January,1,0,0,0,0,0,17,1565.0,26605.0
2026-01-24,V030,Douala,Marché Central (New Bell),Palm Oil & Condiments,Saturday,January,1,1,0,0,0,0,20,1872.0,37439.0
2026-01-25,V030,Douala,Marché Central (New Bell),Palm Oil & Condiments,Sunday,January,1,1,0,0,0,0,13,2504.0,32546.0
2026-01-26,V030,Douala,Marché Central (New Bell),Palm Oil & Condiments,Monday,January,1,0,0,0,0,0,13,1821.0,23669.0
2026-01-27,V030,Douala,Marché Central (New Bell),Palm Oil & Condiments,Tuesday,January,1,0,0,0,0,0,6,2971.0,17825.0
2026-01-28,V030,Douala,Marché Central (New Bell),Palm Oil & Condiments,Wednesday,January,1,0,0,0,0,0,12,1783.0,21395.0
2026-01-29,V030,Douala,Marché Central (New Bell),Palm Oil & Condiments,Thursday,January,1,0,0,0,0,1,20,1518.0,30355.0
2026-01-30,V030,Douala,Marché Central (New Bell),Palm Oil & Condiments,Friday,January,1,0,0,0,0,1,17,2143.0,36429.0
2026-01-31,V030,Douala,Marché Central (New Bell),Palm Oil & Condiments,Saturday,January,1,1,0,0,0,1,20,2067.0,41345.0
2026-02-01,V030,Douala,Marché Central (New Bell),Palm Oil & Condiments,Sunday,February,2,1,0,0,0,0,18,1574.0,28327.0
2026-02-02,V030,Douala,Marché Central (New Bell),Palm Oil & Condiments,Monday,February,2,0,0,0,0,0,11,2146.0,23605.0
2026-02-03,V030,Douala,Marché Central (New Bell),Palm Oil & Condiments,Tuesday,February,2,0,0,0,0,0,12,2118.0,25418.0
2026-02-04,V030,Douala,Marché Central (New Bell),Palm Oil & Condiments,Wednesday,February,2,0,0,0,0,0,5,2880.0,14401.0
2026-02-05,V030,Douala,Marché Central (New Bell),Palm Oil & Condiments,Thursday,February,2,0,0,0,0,0,16,1702.0,27233.0
2026-02-06,V030,Douala,Marché Central (New Bell),Palm Oil & Condiments,Friday,February,2,0,0,0,0,0,23,1815.0,41752.0
2026-02-07,V030,Douala,Marché Central (New Bell),Palm Oil & Condiments,Saturday,February,2,1,0,0,1,0,32,1768.0,56564.0
2026-02-08,V030,Douala,Marché Central (New Bell),Palm Oil & Condiments,Sunday,February,2,1,0,0,0,0,21,1649.0,34632.0
2026-02-09,V030,Douala,Marché Central (New Bell),Palm Oil & Condiments,Monday,February,2,0,0,0,0,0,15,1582.0,23724.0
2026-02-10,V030,Douala,Marché Central (New Bell),Palm Oil & Condiments,Tuesday,February,2,0,0,0,0,0,6,3358.0,20147.0
2026-02-11,V030,Douala,Marché Central (New Bell),Palm Oil & Condiments,Wednesday,February,2,0,1,0,0,0,19,1752.0,33282.0
2026-02-12,V030,Douala,Marché Central (New Bell),Palm Oil & Condiments,Thursday,February,2,0,0,0,0,0,9,2380.0,21421.0
2026-02-13,V030,Douala,Marché Central (New Bell),Palm Oil & Condiments,Friday,February,2,0,0,0,0,0,18,1743.0,31378.0
2026-02-14,V030,Douala,Marché Central (New Bell),Palm Oil & Condiments,Saturday,February,2,1,0,0,0,0,20,2065.0,41304.0
2026-02-15,V030,Douala,Marché Central (New Bell),Palm Oil & Condiments,Sunday,February,2,1,0,0,0,0,15,1690.0,25353.0
2026-02-16,V030,Douala,Marché Central (New Bell),Palm Oil & Condiments,Monday,February,2,0,0,0,0,0,14,1573.0,22019.0
2026-02-17,V030,Douala,Marché Central (New Bell),Palm Oil & Condiments,Tuesday,February,2,0,0,0,0,0,13,1658.0,21555.0
2026-02-18,V030,Douala,Marché Central (New Bell),Palm Oil & Condiments,Wednesday,February,2,0,0,0,0,0,11,2138.0,23514.0
2026-02-19,V030,Douala,Marché Central (New Bell),Palm Oil & Condiments,Thursday,February,2,0,0,0,0,0,14,2117.0,29636.0
2026-02-20,V030,Douala,Marché Central (New Bell),Palm Oil & Condiments,Friday,February,2,0,0,0,0,0,17,1827.0,31060.0
2026-02-21,V030,Douala,Marché Central (New Bell),Palm Oil & Condiments,Saturday,February,2,1,0,0,1,0,26,1671.0,43434.0
2026-02-22,V030,Douala,Marché Central (New Bell),Palm Oil & Condiments,Sunday,February,2,1,0,0,0,0,18,1802.0,32432.0
2026-02-23,V030,Douala,Marché Central (New Bell),Palm Oil & Condiments,Monday,February,2,0,0,0,0,0,15,1467.0,22002.0
2026-02-24,V030,Douala,Marché Central (New Bell),Palm Oil & Condiments,Tuesday,February,2,0,0,0,0,0,18,1652.0,29739.0
2026-02-25,V030,Douala,Marché Central (New Bell),Palm Oil & Condiments,Wednesday,February,2,0,0,0,0,0,13,2087.0,27131.0
2026-02-26,V030,Douala,Marché Central (New Bell),Palm Oil & Condiments,Thursday,February,2,0,0,0,0,1,17,1681.0,28584.0
2026-02-27,V030,Douala,Marché Central (New Bell),Palm Oil & Condiments,Friday,February,2,0,0,0,0,1,25,1704.0,42590.0
2026-02-28,V030,Douala,Marché Central (New Bell),Palm Oil & Condiments,Saturday,February,2,1,0,0,0,1,30,1601.0,48024.0
2026-03-01,V030,Douala,Marché Central (New Bell),Palm Oil & Condiments,Sunday,March,3,1,0,0,0,0,17,1679.0,28550.0
2026-03-02,V030,Douala,Marché Central (New Bell),Palm Oil & Condiments,Monday,March,3,0,0,0,0,0,15,1701.0,25515.0
2026-03-03,V030,Douala,Marché Central (New Bell),Palm Oil & Condiments,Tuesday,March,3,0,0,0,0,0,14,1779.0,24911.0
2026-03-04,V030,Douala,Marché Central (New Bell),Palm Oil & Condiments,Wednesday,March,3,0,0,0,0,0,12,1737.0,20848.0
2026-03-05,V030,Douala,Marché Central (New Bell),Palm Oil & Condiments,Thursday,March,3,0,0,0,0,0,16,1793.0,28691.0
2026-03-06,V030,Douala,Marché Central (New Bell),Palm Oil & Condiments,Friday,March,3,0,0,0,0,0,9,2444.0,21999.0
2026-03-07,V030,Douala,Marché Central (New Bell),Palm Oil & Condiments,Saturday,March,3,1,0,0,1,0,21,1824.0,38306.0
2026-03-08,V030,Douala,Marché Central (New Bell),Palm Oil & Condiments,Sunday,March,3,1,1,0,0,0,18,1770.0,31867.0
2026-03-09,V030,Douala,Marché Central (New Bell),Palm Oil & Condiments,Monday,March,3,0,0,0,0,0,17,1584.0,26933.0
2026-03-10,V030,Douala,Marché Central (New Bell),Palm Oil & Condiments,Tuesday,March,3,0,0,0,0,0,15,1618.0,24275.0
2026-03-11,V030,Douala,Marché Central (New Bell),Palm Oil & Condiments,Wednesday,March,3,0,0,0,0,0,11,1946.0,21402.0
2026-03-12,V030,Douala,Marché Central (New Bell),Palm Oil & Condiments,Thursday,March,3,0,0,0,0,0,13,1563.0,20325.0
2026-03-13,V030,Douala,Marché Central (New Bell),Palm Oil & Condiments,Friday,March,3,0,0,0,0,0,23,1898.0,43661.0
2026-03-14,V030,Douala,Marché Central (New Bell),Palm Oil & Condiments,Saturday,March,3,1,0,0,0,0,12,2121.0,25451.0
2026-03-15,V030,Douala,Marché Central (New Bell),Palm Oil & Condiments,Sunday,March,3,1,0,0,0,0,11,2366.0,26024.0
2026-03-16,V030,Douala,Marché Central (New Bell),Palm Oil & Condiments,Monday,March,3,0,0,0,0,0,10,1805.0,18054.0
2026-03-17,V030,Douala,Marché Central (New Bell),Palm Oil & Condiments,Tuesday,March,3,0,0,0,0,0,10,2573.0,25728.0
2026-03-18,V030,Douala,Marché Central (New Bell),Palm Oil & Condiments,Wednesday,March,3,0,0,0,0,0,12,1793.0,21520.0
2026-03-19,V030,Douala,Marché Central (New Bell),Palm Oil & Condiments,Thursday,March,3,0,0,0,0,0,11,1881.0,20695.0
2026-03-20,V030,Douala,Marché Central (New Bell),Palm Oil & Condiments,Friday,March,3,0,0,0,0,0,15,2000.0,30005.0
2026-03-21,V030,Douala,Marché Central (New Bell),Palm Oil & Condiments,Saturday,March,3,1,0,0,1,0,21,1809.0,37988.0
2026-03-22,V030,Douala,Marché Central (New Bell),Palm Oil & Condiments,Sunday,March,3,1,0,0,0,0,10,2550.0,25499.0
2026-03-23,V030,Douala,Marché Central (New Bell),Palm Oil & Condiments,Monday,March,3,0,0,0,0,0,9,2424.0,21819.0
2026-03-24,V030,Douala,Marché Central (New Bell),Palm Oil & Condiments,Tuesday,March,3,0,0,0,0,0,9,1888.0,16988.0
2026-03-25,V030,Douala,Marché Central (New Bell),Palm Oil & Condiments,Wednesday,March,3,0,0,0,0,0,11,2091.0,22998.0
2026-03-26,V030,Douala,Marché Central (New Bell),Palm Oil & Condiments,Thursday,March,3,0,0,0,0,0,15,1742.0,26131.0
2026-03-27,V030,Douala,Marché Central (New Bell),Palm Oil & Condiments,Friday,March,3,0,0,0,0,0,18,1778.0,32000.0
2026-03-28,V030,Douala,Marché Central (New Bell),Palm Oil & Condiments,Saturday,March,3,1,0,0,0,0,18,1565.0,28174.0
2026-03-29,V030,Douala,Marché Central (New Bell),Palm Oil & Condiments,Sunday,March,3,1,0,0,0,1,18,2066.0,37195.0
2026-03-30,V030,Douala,Marché Central (New Bell),Palm Oil & Condiments,Monday,March,3,0,0,0,0,1,14,1781.0,24940.0
2026-03-31,V030,Douala,Marché Central (New Bell),Palm Oil & Condiments,Tuesday,March,3,0,0,0,0,1,18,1449.0,26089.0
2025-09-01,V031,Douala,Marché Nkoulouloun,Fresh Vegetables,Monday,September,9,0,0,1,0,0,10,2830.0,28303.0
2025-09-02,V031,Douala,Marché Nkoulouloun,Fresh Vegetables,Tuesday,September,9,0,0,1,0,0,16,1762.0,28184.0
2025-09-03,V031,Douala,Marché Nkoulouloun,Fresh Vegetables,Wednesday,September,9,0,0,1,0,0,17,1879.0,31937.0
2025-09-04,V031,Douala,Marché Nkoulouloun,Fresh Vegetables,Thursday,September,9,0,0,1,0,0,17,2014.0,34235.0
2025-09-05,V031,Douala,Marché Nkoulouloun,Fresh Vegetables,Friday,September,9,0,0,1,0,0,17,1964.0,33383.0
2025-09-06,V031,Douala,Marché Nkoulouloun,Fresh Vegetables,Saturday,September,9,1,0,1,1,0,35,1964.0,68740.0
2025-09-07,V031,Douala,Marché Nkoulouloun,Fresh Vegetables,Sunday,September,9,1,0,1,0,0,23,1767.0,40632.0
2025-09-08,V031,Douala,Marché Nkoulouloun,Fresh Vegetables,Monday,September,9,0,0,1,0,0,12,2103.0,25242.0
2025-09-09,V031,Douala,Marché Nkoulouloun,Fresh Vegetables,Tuesday,September,9,0,0,1,0,0,18,1951.0,35126.0
2025-09-10,V031,Douala,Marché Nkoulouloun,Fresh Vegetables,Wednesday,September,9,0,0,1,0,0,20,1740.0,34805.0
2025-09-11,V031,Douala,Marché Nkoulouloun,Fresh Vegetables,Thursday,September,9,0,0,1,0,0,19,1502.0,28532.0
2025-09-12,V031,Douala,Marché Nkoulouloun,Fresh Vegetables,Friday,September,9,0,0,1,0,0,17,1791.0,30448.0
2025-09-13,V031,Douala,Marché Nkoulouloun,Fresh Vegetables,Saturday,September,9,1,0,1,0,0,25,1834.0,45847.0
2025-09-14,V031,Douala,Marché Nkoulouloun,Fresh Vegetables,Sunday,September,9,1,0,1,0,0,18,1745.0,31402.0
2025-09-15,V031,Douala,Marché Nkoulouloun,Fresh Vegetables,Monday,September,9,0,0,1,0,0,13,1488.0,19341.0
2025-09-16,V031,Douala,Marché Nkoulouloun,Fresh Vegetables,Tuesday,September,9,0,0,1,0,0,12,2144.0,25724.0
2025-09-17,V031,Douala,Marché Nkoulouloun,Fresh Vegetables,Wednesday,September,9,0,0,1,0,0,16,2150.0,34393.0
2025-09-18,V031,Douala,Marché Nkoulouloun,Fresh Vegetables,Thursday,September,9,0,0,1,0,0,13,2333.0,30326.0
2025-09-19,V031,Douala,Marché Nkoulouloun,Fresh Vegetables,Friday,September,9,0,0,1,0,0,26,1715.0,44599.0
2025-09-20,V031,Douala,Marché Nkoulouloun,Fresh Vegetables,Saturday,September,9,1,0,1,1,0,37,1815.0,67159.0
2025-09-21,V031,Douala,Marché Nkoulouloun,Fresh Vegetables,Sunday,September,9,1,0,1,0,0,19,1920.0,36486.0
2025-09-22,V031,Douala,Marché Nkoulouloun,Fresh Vegetables,Monday,September,9,0,0,1,0,0,19,1561.0,29653.0
2025-09-23,V031,Douala,Marché Nkoulouloun,Fresh Vegetables,Tuesday,September,9,0,0,1,0,0,12,2077.0,24928.0
2025-09-24,V031,Douala,Marché Nkoulouloun,Fresh Vegetables,Wednesday,September,9,0,0,1,0,0,21,1736.0,36449.0
2025-09-25,V031,Douala,Marché Nkoulouloun,Fresh Vegetables,Thursday,September,9,0,0,1,0,0,14,1816.0,25428.0
2025-09-26,V031,Douala,Marché Nkoulouloun,Fresh Vegetables,Friday,September,9,0,0,1,0,0,18,1610.0,28972.0
2025-09-27,V031,Douala,Marché Nkoulouloun,Fresh Vegetables,Saturday,September,9,1,0,1,0,0,28,1790.0,50115.0
2025-09-28,V031,Douala,Marché Nkoulouloun,Fresh Vegetables,Sunday,September,9,1,0,1,0,1,28,1838.0,51455.0
2025-09-29,V031,Douala,Marché Nkoulouloun,Fresh Vegetables,Monday,September,9,0,0,1,0,1,17,1655.0,28130.0
2025-09-30,V031,Douala,Marché Nkoulouloun,Fresh Vegetables,Tuesday,September,9,0,0,1,0,1,22,1758.0,38686.0
2025-10-01,V031,Douala,Marché Nkoulouloun,Fresh Vegetables,Wednesday,October,10,0,0,1,0,0,14,2001.0,28008.0
2025-10-02,V031,Douala,Marché Nkoulouloun,Fresh Vegetables,Thursday,October,10,0,0,1,0,0,14,1915.0,26806.0
2025-10-03,V031,Douala,Marché Nkoulouloun,Fresh Vegetables,Friday,October,10,0,0,1,0,0,16,1566.0,25055.0
2025-10-04,V031,Douala,Marché Nkoulouloun,Fresh Vegetables,Saturday,October,10,1,0,1,1,0,25,1886.0,47158.0
2025-10-05,V031,Douala,Marché Nkoulouloun,Fresh Vegetables,Sunday,October,10,1,0,1,0,0,19,2006.0,38109.0
2025-10-06,V031,Douala,Marché Nkoulouloun,Fresh Vegetables,Monday,October,10,0,0,1,0,0,11,2001.0,22006.0
2025-10-07,V031,Douala,Marché Nkoulouloun,Fresh Vegetables,Tuesday,October,10,0,0,1,0,0,17,1392.0,23661.0
2025-10-08,V031,Douala,Marché Nkoulouloun,Fresh Vegetables,Wednesday,October,10,0,0,1,0,0,18,2019.0,36343.0
2025-10-09,V031,Douala,Marché Nkoulouloun,Fresh Vegetables,Thursday,October,10,0,0,1,0,0,10,2083.0,20833.0
2025-10-10,V031,Douala,Marché Nkoulouloun,Fresh Vegetables,Friday,October,10,0,0,1,0,0,20,1738.0,34760.0
2025-10-11,V031,Douala,Marché Nkoulouloun,Fresh Vegetables,Saturday,October,10,1,0,1,0,0,31,1596.0,49491.0
2025-10-12,V031,Douala,Marché Nkoulouloun,Fresh Vegetables,Sunday,October,10,1,0,1,0,0,16,1708.0,27332.0
2025-10-13,V031,Douala,Marché Nkoulouloun,Fresh Vegetables,Monday,October,10,0,0,1,0,0,20,1732.0,34631.0
2025-10-14,V031,Douala,Marché Nkoulouloun,Fresh Vegetables,Tuesday,October,10,0,0,1,0,0,14,1766.0,24729.0
2025-10-15,V031,Douala,Marché Nkoulouloun,Fresh Vegetables,Wednesday,October,10,0,0,1,0,0,12,2187.0,26245.0
2025-10-16,V031,Douala,Marché Nkoulouloun,Fresh Vegetables,Thursday,October,10,0,0,1,0,0,16,1788.0,28602.0
2025-10-17,V031,Douala,Marché Nkoulouloun,Fresh Vegetables,Friday,October,10,0,0,1,0,0,21,1800.0,37795.0
2025-10-18,V031,Douala,Marché Nkoulouloun,Fresh Vegetables,Saturday,October,10,1,0,1,1,0,19,2027.0,38504.0
2025-10-19,V031,Douala,Marché Nkoulouloun,Fresh Vegetables,Sunday,October,10,1,0,1,0,0,24,1686.0,40475.0
2025-10-20,V031,Douala,Marché Nkoulouloun,Fresh Vegetables,Monday,October,10,0,0,1,0,0,18,1542.0,27755.0
2025-10-21,V031,Douala,Marché Nkoulouloun,Fresh Vegetables,Tuesday,October,10,0,0,1,0,0,14,1872.0,26214.0
2025-10-22,V031,Douala,Marché Nkoulouloun,Fresh Vegetables,Wednesday,October,10,0,0,1,0,0,21,1448.0,30413.0
2025-10-23,V031,Douala,Marché Nkoulouloun,Fresh Vegetables,Thursday,October,10,0,0,1,0,0,12,1909.0,22905.0
2025-10-24,V031,Douala,Marché Nkoulouloun,Fresh Vegetables,Friday,October,10,0,0,1,0,0,20,1683.0,33661.0
2025-10-25,V031,Douala,Marché Nkoulouloun,Fresh Vegetables,Saturday,October,10,1,0,1,0,0,21,1717.0,36057.0
2025-10-26,V031,Douala,Marché Nkoulouloun,Fresh Vegetables,Sunday,October,10,1,0,1,0,0,23,1711.0,39354.0
2025-10-27,V031,Douala,Marché Nkoulouloun,Fresh Vegetables,Monday,October,10,0,0,1,0,0,9,2314.0,20827.0
2025-10-28,V031,Douala,Marché Nkoulouloun,Fresh Vegetables,Tuesday,October,10,0,0,1,0,0,20,1763.0,35269.0
2025-10-29,V031,Douala,Marché Nkoulouloun,Fresh Vegetables,Wednesday,October,10,0,0,1,0,1,12,2421.0,29051.0
2025-10-30,V031,Douala,Marché Nkoulouloun,Fresh Vegetables,Thursday,October,10,0,0,1,0,1,13,2266.0,29464.0
2025-10-31,V031,Douala,Marché Nkoulouloun,Fresh Vegetables,Friday,October,10,0,0,1,0,1,26,1532.0,39835.0
2025-11-01,V031,Douala,Marché Nkoulouloun,Fresh Vegetables,Saturday,November,11,1,0,0,1,0,36,1741.0,62662.0
2025-11-02,V031,Douala,Marché Nkoulouloun,Fresh Vegetables,Sunday,November,11,1,0,0,0,0,25,1837.0,45926.0
2025-11-03,V031,Douala,Marché Nkoulouloun,Fresh Vegetables,Monday,November,11,0,0,0,0,0,19,1678.0,31883.0
2025-11-04,V031,Douala,Marché Nkoulouloun,Fresh Vegetables,Tuesday,November,11,0,0,0,0,0,17,1882.0,31999.0
2025-11-05,V031,Douala,Marché Nkoulouloun,Fresh Vegetables,Wednesday,November,11,0,0,0,0,0,16,1941.0,31049.0
2025-11-06,V031,Douala,Marché Nkoulouloun,Fresh Vegetables,Thursday,November,11,0,0,0,0,0,15,2130.0,31947.0
2025-11-07,V031,Douala,Marché Nkoulouloun,Fresh Vegetables,Friday,November,11,0,0,0,0,0,18,1877.0,33789.0
2025-11-08,V031,Douala,Marché Nkoulouloun,Fresh Vegetables,Saturday,November,11,1,0,0,0,0,21,1921.0,40341.0
2025-11-09,V031,Douala,Marché Nkoulouloun,Fresh Vegetables,Sunday,November,11,1,0,0,0,0,20,1805.0,36104.0
2025-11-10,V031,Douala,Marché Nkoulouloun,Fresh Vegetables,Monday,November,11,0,0,0,0,0,17,1928.0,32771.0
2025-11-11,V031,Douala,Marché Nkoulouloun,Fresh Vegetables,Tuesday,November,11,0,0,0,0,0,22,1679.0,36929.0
2025-11-12,V031,Douala,Marché Nkoulouloun,Fresh Vegetables,Wednesday,November,11,0,0,0,0,0,18,1831.0,32962.0
2025-11-13,V031,Douala,Marché Nkoulouloun,Fresh Vegetables,Thursday,November,11,0,0,0,0,0,21,1608.0,33758.0
2025-11-14,V031,Douala,Marché Nkoulouloun,Fresh Vegetables,Friday,November,11,0,0,0,0,0,29,1674.0,48554.0
2025-11-15,V031,Douala,Marché Nkoulouloun,Fresh Vegetables,Saturday,November,11,1,0,0,1,0,32,1776.0,56837.0
2025-11-16,V031,Douala,Marché Nkoulouloun,Fresh Vegetables,Sunday,November,11,1,0,0,0,0,25,1894.0,47359.0
2025-11-17,V031,Douala,Marché Nkoulouloun,Fresh Vegetables,Monday,November,11,0,0,0,0,0,14,1863.0,26085.0
2025-11-18,V031,Douala,Marché Nkoulouloun,Fresh Vegetables,Tuesday,November,11,0,0,0,0,0,20,1707.0,34145.0
2025-11-19,V031,Douala,Marché Nkoulouloun,Fresh Vegetables,Wednesday,November,11,0,0,0,0,0,13,2221.0,28877.0
2025-11-20,V031,Douala,Marché Nkoulouloun,Fresh Vegetables,Thursday,November,11,0,0,0,0,0,16,2082.0,33318.0
2025-11-21,V031,Douala,Marché Nkoulouloun,Fresh Vegetables,Friday,November,11,0,0,0,0,0,14,2128.0,29792.0
2025-11-22,V031,Douala,Marché Nkoulouloun,Fresh Vegetables,Saturday,November,11,1,0,0,0,0,30,1690.0,50703.0
2025-11-23,V031,Douala,Marché Nkoulouloun,Fresh Vegetables,Sunday,November,11,1,0,0,0,0,21,1783.0,37447.0
2025-11-24,V031,Douala,Marché Nkoulouloun,Fresh Vegetables,Monday,November,11,0,0,0,0,0,15,2279.0,34178.0
2025-11-25,V031,Douala,Marché Nkoulouloun,Fresh Vegetables,Tuesday,November,11,0,0,0,0,0,17,1876.0,31891.0
2025-11-26,V031,Douala,Marché Nkoulouloun,Fresh Vegetables,Wednesday,November,11,0,0,0,0,0,17,1961.0,33331.0
2025-11-27,V031,Douala,Marché Nkoulouloun,Fresh Vegetables,Thursday,November,11,0,0,0,0,0,15,1834.0,27510.0
2025-11-28,V031,Douala,Marché Nkoulouloun,Fresh Vegetables,Friday,November,11,0,0,0,0,1,35,1722.0,60283.0
2025-11-29,V031,Douala,Marché Nkoulouloun,Fresh Vegetables,Saturday,November,11,1,0,0,0,1,25,2007.0,50180.0
2025-11-30,V031,Douala,Marché Nkoulouloun,Fresh Vegetables,Sunday,November,11,1,0,0,0,1,20,1580.0,31592.0
2025-12-01,V031,Douala,Marché Nkoulouloun,Fresh Vegetables,Monday,December,12,0,0,0,0,0,12,1938.0,23260.0
2025-12-02,V031,Douala,Marché Nkoulouloun,Fresh Vegetables,Tuesday,December,12,0,0,0,0,0,17,2167.0,36837.0
2025-12-03,V031,Douala,Marché Nkoulouloun,Fresh Vegetables,Wednesday,December,12,0,0,0,0,0,21,1875.0,39378.0
2025-12-04,V031,Douala,Marché Nkoulouloun,Fresh Vegetables,Thursday,December,12,0,0,0,0,0,13,1994.0,25920.0
2025-12-05,V031,Douala,Marché Nkoulouloun,Fresh Vegetables,Friday,December,12,0,0,0,0,0,19,1800.0,34205.0
2025-12-06,V031,Douala,Marché Nkoulouloun,Fresh Vegetables,Saturday,December,12,1,0,0,1,0,24,2092.0,50204.0
2025-12-07,V031,Douala,Marché Nkoulouloun,Fresh Vegetables,Sunday,December,12,1,0,0,0,0,17,2102.0,35738.0
2025-12-08,V031,Douala,Marché Nkoulouloun,Fresh Vegetables,Monday,December,12,0,0,0,0,0,13,2204.0,28658.0
2025-12-09,V031,Douala,Marché Nkoulouloun,Fresh Vegetables,Tuesday,December,12,0,0,0,0,0,15,1773.0,26598.0
2025-12-10,V031,Douala,Marché Nkoulouloun,Fresh Vegetables,Wednesday,December,12,0,0,0,0,0,16,1811.0,28973.0
2025-12-11,V031,Douala,Marché Nkoulouloun,Fresh Vegetables,Thursday,December,12,0,0,0,0,0,17,2119.0,36025.0
2025-12-12,V031,Douala,Marché Nkoulouloun,Fresh Vegetables,Friday,December,12,0,0,0,0,0,14,2751.0,38507.0
2025-12-13,V031,Douala,Marché Nkoulouloun,Fresh Vegetables,Saturday,December,12,1,0,0,0,0,27,1851.0,49987.0
2025-12-14,V031,Douala,Marché Nkoulouloun,Fresh Vegetables,Sunday,December,12,1,0,0,0,0,17,1833.0,31153.0
2025-12-15,V031,Douala,Marché Nkoulouloun,Fresh Vegetables,Monday,December,12,0,0,0,0,0,18,1895.0,34116.0
2025-12-16,V031,Douala,Marché Nkoulouloun,Fresh Vegetables,Tuesday,December,12,0,0,0,0,0,13,1885.0,24499.0
2025-12-17,V031,Douala,Marché Nkoulouloun,Fresh Vegetables,Wednesday,December,12,0,0,0,0,0,11,2152.0,23670.0
2025-12-18,V031,Douala,Marché Nkoulouloun,Fresh Vegetables,Thursday,December,12,0,0,0,0,0,22,1805.0,39718.0
2025-12-19,V031,Douala,Marché Nkoulouloun,Fresh Vegetables,Friday,December,12,0,0,0,0,0,11,2525.0,27775.0
2025-12-20,V031,Douala,Marché Nkoulouloun,Fresh Vegetables,Saturday,December,12,1,0,0,1,0,33,1760.0,58086.0
2025-12-21,V031,Douala,Marché Nkoulouloun,Fresh Vegetables,Sunday,December,12,1,0,0,0,0,16,1737.0,27792.0
2025-12-22,V031,Douala,Marché Nkoulouloun,Fresh Vegetables,Monday,December,12,0,0,0,0,0,23,1526.0,35098.0
2025-12-23,V031,Douala,Marché Nkoulouloun,Fresh Vegetables,Tuesday,December,12,0,0,0,0,0,18,1712.0,30824.0
2025-12-24,V031,Douala,Marché Nkoulouloun,Fresh Vegetables,Wednesday,December,12,0,0,0,0,0,15,1367.0,20504.0
2025-12-25,V031,Douala,Marché Nkoulouloun,Fresh Vegetables,Thursday,December,12,0,1,0,0,0,18,1996.0,35921.0
2025-12-26,V031,Douala,Marché Nkoulouloun,Fresh Vegetables,Friday,December,12,0,0,0,0,0,23,1618.0,37207.0
2025-12-27,V031,Douala,Marché Nkoulouloun,Fresh Vegetables,Saturday,December,12,1,0,0,0,0,39,1824.0,71142.0
2025-12-28,V031,Douala,Marché Nkoulouloun,Fresh Vegetables,Sunday,December,12,1,0,0,0,0,24,1854.0,44504.0
2025-12-29,V031,Douala,Marché Nkoulouloun,Fresh Vegetables,Monday,December,12,0,0,0,0,1,17,1550.0,26354.0
2025-12-30,V031,Douala,Marché Nkoulouloun,Fresh Vegetables,Tuesday,December,12,0,0,0,0,1,19,1571.0,29858.0
2025-12-31,V031,Douala,Marché Nkoulouloun,Fresh Vegetables,Wednesday,December,12,0,0,0,0,1,25,1749.0,43733.0
2026-01-01,V031,Douala,Marché Nkoulouloun,Fresh Vegetables,Thursday,January,1,0,1,0,0,0,35,1582.0,55375.0
2026-01-02,V031,Douala,Marché Nkoulouloun,Fresh Vegetables,Friday,January,1,0,0,0,0,0,19,1987.0,37747.0
2026-01-03,V031,Douala,Marché Nkoulouloun,Fresh Vegetables,Saturday,January,1,1,0,0,1,0,26,1551.0,40333.0
2026-01-04,V031,Douala,Marché Nkoulouloun,Fresh Vegetables,Sunday,January,1,1,0,0,0,0,21,1636.0,34356.0
2026-01-05,V031,Douala,Marché Nkoulouloun,Fresh Vegetables,Monday,January,1,0,0,0,0,0,16,1511.0,24173.0
2026-01-06,V031,Douala,Marché Nkoulouloun,Fresh Vegetables,Tuesday,January,1,0,0,0,0,0,11,2327.0,25602.0
2026-01-07,V031,Douala,Marché Nkoulouloun,Fresh Vegetables,Wednesday,January,1,0,0,0,0,0,15,1933.0,28994.0
2026-01-08,V031,Douala,Marché Nkoulouloun,Fresh Vegetables,Thursday,January,1,0,0,0,0,0,19,1868.0,35485.0
2026-01-09,V031,Douala,Marché Nkoulouloun,Fresh Vegetables,Friday,January,1,0,0,0,0,0,23,1896.0,43616.0
2026-01-10,V031,Douala,Marché Nkoulouloun,Fresh Vegetables,Saturday,January,1,1,0,0,0,0,22,1928.0,42416.0
2026-01-11,V031,Douala,Marché Nkoulouloun,Fresh Vegetables,Sunday,January,1,1,0,0,0,0,30,1791.0,53732.0
2026-01-12,V031,Douala,Marché Nkoulouloun,Fresh Vegetables,Monday,January,1,0,0,0,0,0,9,2148.0,19329.0
2026-01-13,V031,Douala,Marché Nkoulouloun,Fresh Vegetables,Tuesday,January,1,0,0,0,0,0,20,1478.0,29551.0
2026-01-14,V031,Douala,Marché Nkoulouloun,Fresh Vegetables,Wednesday,January,1,0,0,0,0,0,18,2013.0,36226.0
2026-01-15,V031,Douala,Marché Nkoulouloun,Fresh Vegetables,Thursday,January,1,0,0,0,0,0,27,1824.0,49258.0
2026-01-16,V031,Douala,Marché Nkoulouloun,Fresh Vegetables,Friday,January,1,0,0,0,0,0,24,2031.0,48754.0
2026-01-17,V031,Douala,Marché Nkoulouloun,Fresh Vegetables,Saturday,January,1,1,0,0,1,0,17,2155.0,36638.0
2026-01-18,V031,Douala,Marché Nkoulouloun,Fresh Vegetables,Sunday,January,1,1,0,0,0,0,15,1381.0,20715.0
2026-01-19,V031,Douala,Marché Nkoulouloun,Fresh Vegetables,Monday,January,1,0,0,0,0,0,14,2051.0,28711.0
2026-01-20,V031,Douala,Marché Nkoulouloun,Fresh Vegetables,Tuesday,January,1,0,0,0,0,0,17,1853.0,31505.0
2026-01-21,V031,Douala,Marché Nkoulouloun,Fresh Vegetables,Wednesday,January,1,0,0,0,0,0,21,1603.0,33662.0
2026-01-22,V031,Douala,Marché Nkoulouloun,Fresh Vegetables,Thursday,January,1,0,0,0,0,0,15,2017.0,30253.0
2026-01-23,V031,Douala,Marché Nkoulouloun,Fresh Vegetables,Friday,January,1,0,0,0,0,0,26,1739.0,45216.0
2026-01-24,V031,Douala,Marché Nkoulouloun,Fresh Vegetables,Saturday,January,1,1,0,0,0,0,31,1570.0,48685.0
2026-01-25,V031,Douala,Marché Nkoulouloun,Fresh Vegetables,Sunday,January,1,1,0,0,0,0,17,2022.0,34368.0
2026-01-26,V031,Douala,Marché Nkoulouloun,Fresh Vegetables,Monday,January,1,0,0,0,0,0,15,1986.0,29783.0
2026-01-27,V031,Douala,Marché Nkoulouloun,Fresh Vegetables,Tuesday,January,1,0,0,0,0,0,15,2117.0,31749.0
2026-01-28,V031,Douala,Marché Nkoulouloun,Fresh Vegetables,Wednesday,January,1,0,0,0,0,0,19,1474.0,28010.0
2026-01-29,V031,Douala,Marché Nkoulouloun,Fresh Vegetables,Thursday,January,1,0,0,0,0,1,17,2004.0,34074.0
2026-01-30,V031,Douala,Marché Nkoulouloun,Fresh Vegetables,Friday,January,1,0,0,0,0,1,28,1975.0,55308.0
2026-01-31,V031,Douala,Marché Nkoulouloun,Fresh Vegetables,Saturday,January,1,1,0,0,0,1,28,1733.0,48534.0
2026-02-01,V031,Douala,Marché Nkoulouloun,Fresh Vegetables,Sunday,February,2,1,0,0,0,0,26,1693.0,44028.0
2026-02-02,V031,Douala,Marché Nkoulouloun,Fresh Vegetables,Monday,February,2,0,0,0,0,0,14,1725.0,24147.0
2026-02-03,V031,Douala,Marché Nkoulouloun,Fresh Vegetables,Tuesday,February,2,0,0,0,0,0,13,2054.0,26703.0
2026-02-04,V031,Douala,Marché Nkoulouloun,Fresh Vegetables,Wednesday,February,2,0,0,0,0,0,19,1967.0,37382.0
2026-02-05,V031,Douala,Marché Nkoulouloun,Fresh Vegetables,Thursday,February,2,0,0,0,0,0,18,1862.0,33510.0
2026-02-06,V031,Douala,Marché Nkoulouloun,Fresh Vegetables,Friday,February,2,0,0,0,0,0,19,1691.0,32127.0
2026-02-07,V031,Douala,Marché Nkoulouloun,Fresh Vegetables,Saturday,February,2,1,0,0,1,0,30,2080.0,62402.0
2026-02-08,V031,Douala,Marché Nkoulouloun,Fresh Vegetables,Sunday,February,2,1,0,0,0,0,20,1954.0,39090.0
2026-02-09,V031,Douala,Marché Nkoulouloun,Fresh Vegetables,Monday,February,2,0,0,0,0,0,15,2244.0,33654.0
2026-02-10,V031,Douala,Marché Nkoulouloun,Fresh Vegetables,Tuesday,February,2,0,0,0,0,0,15,1816.0,27235.0
2026-02-11,V031,Douala,Marché Nkoulouloun,Fresh Vegetables,Wednesday,February,2,0,1,0,0,0,22,1727.0,37998.0
2026-02-12,V031,Douala,Marché Nkoulouloun,Fresh Vegetables,Thursday,February,2,0,0,0,0,0,16,1516.0,24251.0
2026-02-13,V031,Douala,Marché Nkoulouloun,Fresh Vegetables,Friday,February,2,0,0,0,0,0,26,1647.0,42818.0
2026-02-14,V031,Douala,Marché Nkoulouloun,Fresh Vegetables,Saturday,February,2,1,0,0,0,0,31,1805.0,55958.0
2026-02-15,V031,Douala,Marché Nkoulouloun,Fresh Vegetables,Sunday,February,2,1,0,0,0,0,15,1967.0,29511.0
2026-02-16,V031,Douala,Marché Nkoulouloun,Fresh Vegetables,Monday,February,2,0,0,0,0,0,23,1599.0,36774.0
2026-02-17,V031,Douala,Marché Nkoulouloun,Fresh Vegetables,Tuesday,February,2,0,0,0,0,0,8,3247.0,25975.0
2026-02-18,V031,Douala,Marché Nkoulouloun,Fresh Vegetables,Wednesday,February,2,0,0,0,0,0,15,1931.0,28972.0
2026-02-19,V031,Douala,Marché Nkoulouloun,Fresh Vegetables,Thursday,February,2,0,0,0,0,0,17,1792.0,30472.0
2026-02-20,V031,Douala,Marché Nkoulouloun,Fresh Vegetables,Friday,February,2,0,0,0,0,0,27,1689.0,45611.0
2026-02-21,V031,Douala,Marché Nkoulouloun,Fresh Vegetables,Saturday,February,2,1,0,0,1,0,30,2038.0,61128.0
2026-02-22,V031,Douala,Marché Nkoulouloun,Fresh Vegetables,Sunday,February,2,1,0,0,0,0,24,1457.0,34970.0
2026-02-23,V031,Douala,Marché Nkoulouloun,Fresh Vegetables,Monday,February,2,0,0,0,0,0,17,1738.0,29548.0
2026-02-24,V031,Douala,Marché Nkoulouloun,Fresh Vegetables,Tuesday,February,2,0,0,0,0,0,18,1721.0,30981.0
2026-02-25,V031,Douala,Marché Nkoulouloun,Fresh Vegetables,Wednesday,February,2,0,0,0,0,0,10,1960.0,19602.0
2026-02-26,V031,Douala,Marché Nkoulouloun,Fresh Vegetables,Thursday,February,2,0,0,0,0,1,22,1655.0,36405.0
2026-02-27,V031,Douala,Marché Nkoulouloun,Fresh Vegetables,Friday,February,2,0,0,0,0,1,21,2152.0,45186.0
2026-02-28,V031,Douala,Marché Nkoulouloun,Fresh Vegetables,Saturday,February,2,1,0,0,0,1,31,1916.0,59407.0
2026-03-01,V031,Douala,Marché Nkoulouloun,Fresh Vegetables,Sunday,March,3,1,0,0,0,0,14,2134.0,29871.0
2026-03-02,V031,Douala,Marché Nkoulouloun,Fresh Vegetables,Monday,March,3,0,0,0,0,0,19,1603.0,30457.0
2026-03-03,V031,Douala,Marché Nkoulouloun,Fresh Vegetables,Tuesday,March,3,0,0,0,0,0,18,1760.0,31678.0
2026-03-04,V031,Douala,Marché Nkoulouloun,Fresh Vegetables,Wednesday,March,3,0,0,0,0,0,18,1821.0,32778.0
2026-03-05,V031,Douala,Marché Nkoulouloun,Fresh Vegetables,Thursday,March,3,0,0,0,0,0,15,2409.0,36133.0
2026-03-06,V031,Douala,Marché Nkoulouloun,Fresh Vegetables,Friday,March,3,0,0,0,0,0,19,2092.0,39743.0
2026-03-07,V031,Douala,Marché Nkoulouloun,Fresh Vegetables,Saturday,March,3,1,0,0,1,0,38,1830.0,69552.0
2026-03-08,V031,Douala,Marché Nkoulouloun,Fresh Vegetables,Sunday,March,3,1,1,0,0,0,22,2125.0,46742.0
2026-03-09,V031,Douala,Marché Nkoulouloun,Fresh Vegetables,Monday,March,3,0,0,0,0,0,19,1746.0,33172.0
2026-03-10,V031,Douala,Marché Nkoulouloun,Fresh Vegetables,Tuesday,March,3,0,0,0,0,0,16,2006.0,32102.0
2026-03-11,V031,Douala,Marché Nkoulouloun,Fresh Vegetables,Wednesday,March,3,0,0,0,0,0,14,1871.0,26189.0
2026-03-12,V031,Douala,Marché Nkoulouloun,Fresh Vegetables,Thursday,March,3,0,0,0,0,0,16,1758.0,28128.0
2026-03-13,V031,Douala,Marché Nkoulouloun,Fresh Vegetables,Friday,March,3,0,0,0,0,0,13,2031.0,26403.0
2026-03-14,V031,Douala,Marché Nkoulouloun,Fresh Vegetables,Saturday,March,3,1,0,0,0,0,37,1786.0,66066.0
2026-03-15,V031,Douala,Marché Nkoulouloun,Fresh Vegetables,Sunday,March,3,1,0,0,0,0,25,1533.0,38319.0
2026-03-16,V031,Douala,Marché Nkoulouloun,Fresh Vegetables,Monday,March,3,0,0,0,0,0,8,2268.0,18141.0
2026-03-17,V031,Douala,Marché Nkoulouloun,Fresh Vegetables,Tuesday,March,3,0,0,0,0,0,16,1689.0,27017.0
2026-03-18,V031,Douala,Marché Nkoulouloun,Fresh Vegetables,Wednesday,March,3,0,0,0,0,0,17,2073.0,35242.0
2026-03-19,V031,Douala,Marché Nkoulouloun,Fresh Vegetables,Thursday,March,3,0,0,0,0,0,20,1907.0,38145.0
2026-03-20,V031,Douala,Marché Nkoulouloun,Fresh Vegetables,Friday,March,3,0,0,0,0,0,24,2019.0,48450.0
2026-03-21,V031,Douala,Marché Nkoulouloun,Fresh Vegetables,Saturday,March,3,1,0,0,1,0,29,1903.0,55177.0
2026-03-22,V031,Douala,Marché Nkoulouloun,Fresh Vegetables,Sunday,March,3,1,0,0,0,0,23,1955.0,44970.0
2026-03-23,V031,Douala,Marché Nkoulouloun,Fresh Vegetables,Monday,March,3,0,0,0,0,0,16,1713.0,27413.0
2026-03-24,V031,Douala,Marché Nkoulouloun,Fresh Vegetables,Tuesday,March,3,0,0,0,0,0,19,1686.0,32035.0
2026-03-25,V031,Douala,Marché Nkoulouloun,Fresh Vegetables,Wednesday,March,3,0,0,0,0,0,16,1954.0,31269.0
2026-03-26,V031,Douala,Marché Nkoulouloun,Fresh Vegetables,Thursday,March,3,0,0,0,0,0,16,1871.0,29929.0
2026-03-27,V031,Douala,Marché Nkoulouloun,Fresh Vegetables,Friday,March,3,0,0,0,0,0,22,1852.0,40746.0
2026-03-28,V031,Douala,Marché Nkoulouloun,Fresh Vegetables,Saturday,March,3,1,0,0,0,0,23,2086.0,47976.0
2026-03-29,V031,Douala,Marché Nkoulouloun,Fresh Vegetables,Sunday,March,3,1,0,0,0,1,27,1786.0,48222.0
2026-03-30,V031,Douala,Marché Nkoulouloun,Fresh Vegetables,Monday,March,3,0,0,0,0,1,21,1812.0,38045.0
2026-03-31,V031,Douala,Marché Nkoulouloun,Fresh Vegetables,Tuesday,March,3,0,0,0,0,1,12,2035.0,24423.0
2025-09-01,V032,Douala,Marché Sandaga,Fresh Vegetables,Monday,September,9,0,0,1,0,0,13,2487.0,32328.0
2025-09-02,V032,Douala,Marché Sandaga,Fresh Vegetables,Tuesday,September,9,0,0,1,0,0,16,2023.0,32369.0
2025-09-03,V032,Douala,Marché Sandaga,Fresh Vegetables,Wednesday,September,9,0,0,1,0,0,13,1704.0,22152.0
2025-09-04,V032,Douala,Marché Sandaga,Fresh Vegetables,Thursday,September,9,0,0,1,0,0,17,1676.0,28500.0
2025-09-05,V032,Douala,Marché Sandaga,Fresh Vegetables,Friday,September,9,0,0,1,0,0,21,2106.0,44220.0
2025-09-06,V032,Douala,Marché Sandaga,Fresh Vegetables,Saturday,September,9,1,0,1,1,0,24,1942.0,46599.0
2025-09-07,V032,Douala,Marché Sandaga,Fresh Vegetables,Sunday,September,9,1,0,1,0,0,28,1692.0,47382.0
2025-09-08,V032,Douala,Marché Sandaga,Fresh Vegetables,Monday,September,9,0,0,1,0,0,19,1714.0,32566.0
2025-09-09,V032,Douala,Marché Sandaga,Fresh Vegetables,Tuesday,September,9,0,0,1,0,0,22,1728.0,38014.0
2025-09-10,V032,Douala,Marché Sandaga,Fresh Vegetables,Wednesday,September,9,0,0,1,0,0,21,2018.0,42382.0
2025-09-11,V032,Douala,Marché Sandaga,Fresh Vegetables,Thursday,September,9,0,0,1,0,0,21,1732.0,36363.0
2025-09-12,V032,Douala,Marché Sandaga,Fresh Vegetables,Friday,September,9,0,0,1,0,0,19,1846.0,35069.0
2025-09-13,V032,Douala,Marché Sandaga,Fresh Vegetables,Saturday,September,9,1,0,1,0,0,30,1775.0,53258.0
2025-09-14,V032,Douala,Marché Sandaga,Fresh Vegetables,Sunday,September,9,1,0,1,0,0,24,1779.0,42705.0
2025-09-15,V032,Douala,Marché Sandaga,Fresh Vegetables,Monday,September,9,0,0,1,0,0,21,1732.0,36379.0
2025-09-16,V032,Douala,Marché Sandaga,Fresh Vegetables,Tuesday,September,9,0,0,1,0,0,17,2045.0,34769.0
2025-09-17,V032,Douala,Marché Sandaga,Fresh Vegetables,Wednesday,September,9,0,0,1,0,0,20,1741.0,34828.0
2025-09-18,V032,Douala,Marché Sandaga,Fresh Vegetables,Thursday,September,9,0,0,1,0,0,11,2413.0,26542.0
2025-09-19,V032,Douala,Marché Sandaga,Fresh Vegetables,Friday,September,9,0,0,1,0,0,26,1650.0,42897.0
2025-09-20,V032,Douala,Marché Sandaga,Fresh Vegetables,Saturday,September,9,1,0,1,1,0,34,1859.0,63220.0
2025-09-21,V032,Douala,Marché Sandaga,Fresh Vegetables,Sunday,September,9,1,0,1,0,0,22,1879.0,41341.0
2025-09-22,V032,Douala,Marché Sandaga,Fresh Vegetables,Monday,September,9,0,0,1,0,0,14,1892.0,26482.0
2025-09-23,V032,Douala,Marché Sandaga,Fresh Vegetables,Tuesday,September,9,0,0,1,0,0,13,2385.0,31010.0
2025-09-24,V032,Douala,Marché Sandaga,Fresh Vegetables,Wednesday,September,9,0,0,1,0,0,26,1607.0,41795.0
2025-09-25,V032,Douala,Marché Sandaga,Fresh Vegetables,Thursday,September,9,0,0,1,0,0,24,1774.0,42579.0
2025-09-26,V032,Douala,Marché Sandaga,Fresh Vegetables,Friday,September,9,0,0,1,0,0,27,1861.0,50243.0
2025-09-27,V032,Douala,Marché Sandaga,Fresh Vegetables,Saturday,September,9,1,0,1,0,0,33,1853.0,61147.0
2025-09-28,V032,Douala,Marché Sandaga,Fresh Vegetables,Sunday,September,9,1,0,1,0,1,26,1722.0,44774.0
2025-09-29,V032,Douala,Marché Sandaga,Fresh Vegetables,Monday,September,9,0,0,1,0,1,22,1773.0,38998.0
2025-09-30,V032,Douala,Marché Sandaga,Fresh Vegetables,Tuesday,September,9,0,0,1,0,1,18,2085.0,37538.0
2025-10-01,V032,Douala,Marché Sandaga,Fresh Vegetables,Wednesday,October,10,0,0,1,0,0,16,1735.0,27752.0
2025-10-02,V032,Douala,Marché Sandaga,Fresh Vegetables,Thursday,October,10,0,0,1,0,0,14,2322.0,32505.0
2025-10-03,V032,Douala,Marché Sandaga,Fresh Vegetables,Friday,October,10,0,0,1,0,0,19,1854.0,35220.0
2025-10-04,V032,Douala,Marché Sandaga,Fresh Vegetables,Saturday,October,10,1,0,1,1,0,29,1727.0,50087.0
2025-10-05,V032,Douala,Marché Sandaga,Fresh Vegetables,Sunday,October,10,1,0,1,0,0,19,1854.0,35225.0
2025-10-06,V032,Douala,Marché Sandaga,Fresh Vegetables,Monday,October,10,0,0,1,0,0,14,1817.0,25432.0
2025-10-07,V032,Douala,Marché Sandaga,Fresh Vegetables,Tuesday,October,10,0,0,1,0,0,23,1998.0,45958.0
2025-10-08,V032,Douala,Marché Sandaga,Fresh Vegetables,Wednesday,October,10,0,0,1,0,0,20,1677.0,33532.0
2025-10-09,V032,Douala,Marché Sandaga,Fresh Vegetables,Thursday,October,10,0,0,1,0,0,18,1826.0,32870.0
2025-10-10,V032,Douala,Marché Sandaga,Fresh Vegetables,Friday,October,10,0,0,1,0,0,16,2320.0,37114.0
2025-10-11,V032,Douala,Marché Sandaga,Fresh Vegetables,Saturday,October,10,1,0,1,0,0,22,1798.0,39546.0
2025-10-12,V032,Douala,Marché Sandaga,Fresh Vegetables,Sunday,October,10,1,0,1,0,0,32,1605.0,51376.0
2025-10-13,V032,Douala,Marché Sandaga,Fresh Vegetables,Monday,October,10,0,0,1,0,0,9,2102.0,18914.0
2025-10-14,V032,Douala,Marché Sandaga,Fresh Vegetables,Tuesday,October,10,0,0,1,0,0,20,1665.0,33307.0
2025-10-15,V032,Douala,Marché Sandaga,Fresh Vegetables,Wednesday,October,10,0,0,1,0,0,20,1927.0,38536.0
2025-10-16,V032,Douala,Marché Sandaga,Fresh Vegetables,Thursday,October,10,0,0,1,0,0,15,1820.0,27300.0
2025-10-17,V032,Douala,Marché Sandaga,Fresh Vegetables,Friday,October,10,0,0,1,0,0,34,1693.0,57550.0
2025-10-18,V032,Douala,Marché Sandaga,Fresh Vegetables,Saturday,October,10,1,0,1,1,0,43,1848.0,79471.0
2025-10-19,V032,Douala,Marché Sandaga,Fresh Vegetables,Sunday,October,10,1,0,1,0,0,24,1785.0,42830.0
2025-10-20,V032,Douala,Marché Sandaga,Fresh Vegetables,Monday,October,10,0,0,1,0,0,15,1779.0,26691.0
2025-10-21,V032,Douala,Marché Sandaga,Fresh Vegetables,Tuesday,October,10,0,0,1,0,0,19,1962.0,37272.0
2025-10-22,V032,Douala,Marché Sandaga,Fresh Vegetables,Wednesday,October,10,0,0,1,0,0,18,1960.0,35280.0
2025-10-23,V032,Douala,Marché Sandaga,Fresh Vegetables,Thursday,October,10,0,0,1,0,0,22,1673.0,36801.0
2025-10-24,V032,Douala,Marché Sandaga,Fresh Vegetables,Friday,October,10,0,0,1,0,0,26,1963.0,51031.0
2025-10-25,V032,Douala,Marché Sandaga,Fresh Vegetables,Saturday,October,10,1,0,1,0,0,42,1852.0,77792.0
2025-10-26,V032,Douala,Marché Sandaga,Fresh Vegetables,Sunday,October,10,1,0,1,0,0,23,1840.0,42317.0
2025-10-27,V032,Douala,Marché Sandaga,Fresh Vegetables,Monday,October,10,0,0,1,0,0,23,1548.0,35602.0
2025-10-28,V032,Douala,Marché Sandaga,Fresh Vegetables,Tuesday,October,10,0,0,1,0,0,20,1773.0,35469.0
2025-10-29,V032,Douala,Marché Sandaga,Fresh Vegetables,Wednesday,October,10,0,0,1,0,1,20,1710.0,34201.0
2025-10-30,V032,Douala,Marché Sandaga,Fresh Vegetables,Thursday,October,10,0,0,1,0,1,27,1896.0,51180.0
2025-10-31,V032,Douala,Marché Sandaga,Fresh Vegetables,Friday,October,10,0,0,1,0,1,28,1980.0,55454.0
2025-11-01,V032,Douala,Marché Sandaga,Fresh Vegetables,Saturday,November,11,1,0,0,1,0,31,1968.0,61000.0
2025-11-02,V032,Douala,Marché Sandaga,Fresh Vegetables,Sunday,November,11,1,0,0,0,0,21,2114.0,44392.0
2025-11-03,V032,Douala,Marché Sandaga,Fresh Vegetables,Monday,November,11,0,0,0,0,0,11,3057.0,33632.0
2025-11-04,V032,Douala,Marché Sandaga,Fresh Vegetables,Tuesday,November,11,0,0,0,0,0,19,2042.0,38798.0
2025-11-05,V032,Douala,Marché Sandaga,Fresh Vegetables,Wednesday,November,11,0,0,0,0,0,19,1541.0,29277.0
2025-11-06,V032,Douala,Marché Sandaga,Fresh Vegetables,Thursday,November,11,0,0,0,0,0,23,1695.0,38987.0
2025-11-07,V032,Douala,Marché Sandaga,Fresh Vegetables,Friday,November,11,0,0,0,0,0,22,1706.0,37539.0
2025-11-08,V032,Douala,Marché Sandaga,Fresh Vegetables,Saturday,November,11,1,0,0,0,0,30,1795.0,53860.0
2025-11-09,V032,Douala,Marché Sandaga,Fresh Vegetables,Sunday,November,11,1,0,0,0,0,28,2005.0,56153.0
2025-11-10,V032,Douala,Marché Sandaga,Fresh Vegetables,Monday,November,11,0,0,0,0,0,21,1790.0,37597.0
2025-11-11,V032,Douala,Marché Sandaga,Fresh Vegetables,Tuesday,November,11,0,0,0,0,0,15,2152.0,32273.0
2025-11-12,V032,Douala,Marché Sandaga,Fresh Vegetables,Wednesday,November,11,0,0,0,0,0,16,2087.0,33386.0
2025-11-13,V032,Douala,Marché Sandaga,Fresh Vegetables,Thursday,November,11,0,0,0,0,0,25,1823.0,45572.0
2025-11-14,V032,Douala,Marché Sandaga,Fresh Vegetables,Friday,November,11,0,0,0,0,0,19,2096.0,39825.0
2025-11-15,V032,Douala,Marché Sandaga,Fresh Vegetables,Saturday,November,11,1,0,0,1,0,35,1712.0,59937.0
2025-11-16,V032,Douala,Marché Sandaga,Fresh Vegetables,Sunday,November,11,1,0,0,0,0,23,1905.0,43811.0
2025-11-17,V032,Douala,Marché Sandaga,Fresh Vegetables,Monday,November,11,0,0,0,0,0,23,1883.0,43308.0
2025-11-18,V032,Douala,Marché Sandaga,Fresh Vegetables,Tuesday,November,11,0,0,0,0,0,16,1812.0,28994.0
2025-11-19,V032,Douala,Marché Sandaga,Fresh Vegetables,Wednesday,November,11,0,0,0,0,0,19,1973.0,37488.0
2025-11-20,V032,Douala,Marché Sandaga,Fresh Vegetables,Thursday,November,11,0,0,0,0,0,20,1594.0,31883.0
2025-11-21,V032,Douala,Marché Sandaga,Fresh Vegetables,Friday,November,11,0,0,0,0,0,20,2081.0,41612.0
2025-11-22,V032,Douala,Marché Sandaga,Fresh Vegetables,Saturday,November,11,1,0,0,0,0,33,1732.0,57160.0
2025-11-23,V032,Douala,Marché Sandaga,Fresh Vegetables,Sunday,November,11,1,0,0,0,0,24,1729.0,41492.0
2025-11-24,V032,Douala,Marché Sandaga,Fresh Vegetables,Monday,November,11,0,0,0,0,0,15,1761.0,26418.0
2025-11-25,V032,Douala,Marché Sandaga,Fresh Vegetables,Tuesday,November,11,0,0,0,0,0,16,1765.0,28237.0
2025-11-26,V032,Douala,Marché Sandaga,Fresh Vegetables,Wednesday,November,11,0,0,0,0,0,22,1814.0,39912.0
2025-11-27,V032,Douala,Marché Sandaga,Fresh Vegetables,Thursday,November,11,0,0,0,0,0,13,2267.0,29467.0
2025-11-28,V032,Douala,Marché Sandaga,Fresh Vegetables,Friday,November,11,0,0,0,0,1,36,1914.0,68914.0
2025-11-29,V032,Douala,Marché Sandaga,Fresh Vegetables,Saturday,November,11,1,0,0,0,1,40,1822.0,72866.0
2025-11-30,V032,Douala,Marché Sandaga,Fresh Vegetables,Sunday,November,11,1,0,0,0,1,21,1963.0,41217.0
2025-12-01,V032,Douala,Marché Sandaga,Fresh Vegetables,Monday,December,12,0,0,0,0,0,31,1397.0,43317.0
2025-12-02,V032,Douala,Marché Sandaga,Fresh Vegetables,Tuesday,December,12,0,0,0,0,0,16,1980.0,31673.0
2025-12-03,V032,Douala,Marché Sandaga,Fresh Vegetables,Wednesday,December,12,0,0,0,0,0,11,2353.0,25884.0
2025-12-04,V032,Douala,Marché Sandaga,Fresh Vegetables,Thursday,December,12,0,0,0,0,0,16,1971.0,31543.0
2025-12-05,V032,Douala,Marché Sandaga,Fresh Vegetables,Friday,December,12,0,0,0,0,0,26,1722.0,44780.0
2025-12-06,V032,Douala,Marché Sandaga,Fresh Vegetables,Saturday,December,12,1,0,0,1,0,39,1738.0,67789.0
2025-12-07,V032,Douala,Marché Sandaga,Fresh Vegetables,Sunday,December,12,1,0,0,0,0,21,1831.0,38448.0
2025-12-08,V032,Douala,Marché Sandaga,Fresh Vegetables,Monday,December,12,0,0,0,0,0,14,2134.0,29875.0
2025-12-09,V032,Douala,Marché Sandaga,Fresh Vegetables,Tuesday,December,12,0,0,0,0,0,11,2137.0,23506.0
2025-12-10,V032,Douala,Marché Sandaga,Fresh Vegetables,Wednesday,December,12,0,0,0,0,0,10,2224.0,22241.0
2025-12-11,V032,Douala,Marché Sandaga,Fresh Vegetables,Thursday,December,12,0,0,0,0,0,22,1846.0,40601.0
2025-12-12,V032,Douala,Marché Sandaga,Fresh Vegetables,Friday,December,12,0,0,0,0,0,27,1673.0,45159.0
2025-12-13,V032,Douala,Marché Sandaga,Fresh Vegetables,Saturday,December,12,1,0,0,0,0,28,1729.0,48425.0
2025-12-14,V032,Douala,Marché Sandaga,Fresh Vegetables,Sunday,December,12,1,0,0,0,0,21,1768.0,37134.0
2025-12-15,V032,Douala,Marché Sandaga,Fresh Vegetables,Monday,December,12,0,0,0,0,0,18,1822.0,32793.0
2025-12-16,V032,Douala,Marché Sandaga,Fresh Vegetables,Tuesday,December,12,0,0,0,0,0,18,1738.0,31280.0
2025-12-17,V032,Douala,Marché Sandaga,Fresh Vegetables,Wednesday,December,12,0,0,0,0,0,17,2196.0,37340.0
2025-12-18,V032,Douala,Marché Sandaga,Fresh Vegetables,Thursday,December,12,0,0,0,0,0,21,2042.0,42880.0
2025-12-19,V032,Douala,Marché Sandaga,Fresh Vegetables,Friday,December,12,0,0,0,0,0,21,1829.0,38414.0
2025-12-20,V032,Douala,Marché Sandaga,Fresh Vegetables,Saturday,December,12,1,0,0,1,0,40,1814.0,72550.0
2025-12-21,V032,Douala,Marché Sandaga,Fresh Vegetables,Sunday,December,12,1,0,0,0,0,23,1980.0,45532.0
2025-12-22,V032,Douala,Marché Sandaga,Fresh Vegetables,Monday,December,12,0,0,0,0,0,12,2419.0,29029.0
2025-12-23,V032,Douala,Marché Sandaga,Fresh Vegetables,Tuesday,December,12,0,0,0,0,0,13,2186.0,28423.0
2025-12-24,V032,Douala,Marché Sandaga,Fresh Vegetables,Wednesday,December,12,0,0,0,0,0,24,1452.0,34845.0
2025-12-25,V032,Douala,Marché Sandaga,Fresh Vegetables,Thursday,December,12,0,1,0,0,0,24,2198.0,52754.0
2025-12-26,V032,Douala,Marché Sandaga,Fresh Vegetables,Friday,December,12,0,0,0,0,0,16,2140.0,34232.0
2025-12-27,V032,Douala,Marché Sandaga,Fresh Vegetables,Saturday,December,12,1,0,0,0,0,21,1917.0,40254.0
2025-12-28,V032,Douala,Marché Sandaga,Fresh Vegetables,Sunday,December,12,1,0,0,0,0,22,2034.0,44746.0
2025-12-29,V032,Douala,Marché Sandaga,Fresh Vegetables,Monday,December,12,0,0,0,0,1,20,1762.0,35240.0
2025-12-30,V032,Douala,Marché Sandaga,Fresh Vegetables,Tuesday,December,12,0,0,0,0,1,24,1822.0,43735.0
2025-12-31,V032,Douala,Marché Sandaga,Fresh Vegetables,Wednesday,December,12,0,0,0,0,1,23,1845.0,42425.0
2026-01-01,V032,Douala,Marché Sandaga,Fresh Vegetables,Thursday,January,1,0,1,0,0,0,19,2017.0,38331.0
2026-01-02,V032,Douala,Marché Sandaga,Fresh Vegetables,Friday,January,1,0,0,0,0,0,22,1612.0,35454.0
2026-01-03,V032,Douala,Marché Sandaga,Fresh Vegetables,Saturday,January,1,1,0,0,1,0,29,1724.0,50008.0
2026-01-04,V032,Douala,Marché Sandaga,Fresh Vegetables,Sunday,January,1,1,0,0,0,0,19,1738.0,33020.0
2026-01-05,V032,Douala,Marché Sandaga,Fresh Vegetables,Monday,January,1,0,0,0,0,0,23,1652.0,37999.0
2026-01-06,V032,Douala,Marché Sandaga,Fresh Vegetables,Tuesday,January,1,0,0,0,0,0,15,1853.0,27802.0
2026-01-07,V032,Douala,Marché Sandaga,Fresh Vegetables,Wednesday,January,1,0,0,0,0,0,15,2080.0,31199.0
2026-01-08,V032,Douala,Marché Sandaga,Fresh Vegetables,Thursday,January,1,0,0,0,0,0,22,1686.0,37098.0
2026-01-09,V032,Douala,Marché Sandaga,Fresh Vegetables,Friday,January,1,0,0,0,0,0,23,1757.0,40415.0
2026-01-10,V032,Douala,Marché Sandaga,Fresh Vegetables,Saturday,January,1,1,0,0,0,0,23,2039.0,46887.0
2026-01-11,V032,Douala,Marché Sandaga,Fresh Vegetables,Sunday,January,1,1,0,0,0,0,21,1929.0,40505.0
2026-01-12,V032,Douala,Marché Sandaga,Fresh Vegetables,Monday,January,1,0,0,0,0,0,17,2116.0,35973.0
2026-01-13,V032,Douala,Marché Sandaga,Fresh Vegetables,Tuesday,January,1,0,0,0,0,0,23,2150.0,49458.0
2026-01-14,V032,Douala,Marché Sandaga,Fresh Vegetables,Wednesday,January,1,0,0,0,0,0,19,1906.0,36218.0
2026-01-15,V032,Douala,Marché Sandaga,Fresh Vegetables,Thursday,January,1,0,0,0,0,0,17,1927.0,32752.0
2026-01-16,V032,Douala,Marché Sandaga,Fresh Vegetables,Friday,January,1,0,0,0,0,0,29,1751.0,50771.0
2026-01-17,V032,Douala,Marché Sandaga,Fresh Vegetables,Saturday,January,1,1,0,0,1,0,35,1790.0,62645.0
2026-01-18,V032,Douala,Marché Sandaga,Fresh Vegetables,Sunday,January,1,1,0,0,0,0,18,1878.0,33797.0
2026-01-19,V032,Douala,Marché Sandaga,Fresh Vegetables,Monday,January,1,0,0,0,0,0,14,2446.0,34245.0
2026-01-20,V032,Douala,Marché Sandaga,Fresh Vegetables,Tuesday,January,1,0,0,0,0,0,18,1890.0,34027.0
2026-01-21,V032,Douala,Marché Sandaga,Fresh Vegetables,Wednesday,January,1,0,0,0,0,0,24,1820.0,43688.0
2026-01-22,V032,Douala,Marché Sandaga,Fresh Vegetables,Thursday,January,1,0,0,0,0,0,21,1911.0,40126.0
2026-01-23,V032,Douala,Marché Sandaga,Fresh Vegetables,Friday,January,1,0,0,0,0,0,29,1738.0,50406.0
2026-01-24,V032,Douala,Marché Sandaga,Fresh Vegetables,Saturday,January,1,1,0,0,0,0,24,1818.0,43639.0
2026-01-25,V032,Douala,Marché Sandaga,Fresh Vegetables,Sunday,January,1,1,0,0,0,0,31,1714.0,53124.0
2026-01-26,V032,Douala,Marché Sandaga,Fresh Vegetables,Monday,January,1,0,0,0,0,0,18,1781.0,32056.0
2026-01-27,V032,Douala,Marché Sandaga,Fresh Vegetables,Tuesday,January,1,0,0,0,0,0,19,2081.0,39538.0
2026-01-28,V032,Douala,Marché Sandaga,Fresh Vegetables,Wednesday,January,1,0,0,0,0,0,17,2227.0,37860.0
2026-01-29,V032,Douala,Marché Sandaga,Fresh Vegetables,Thursday,January,1,0,0,0,0,1,26,1901.0,49435.0
2026-01-30,V032,Douala,Marché Sandaga,Fresh Vegetables,Friday,January,1,0,0,0,0,1,27,1886.0,50934.0
2026-01-31,V032,Douala,Marché Sandaga,Fresh Vegetables,Saturday,January,1,1,0,0,0,1,35,1801.0,63023.0
2026-02-01,V032,Douala,Marché Sandaga,Fresh Vegetables,Sunday,February,2,1,0,0,0,0,29,1696.0,49185.0
2026-02-02,V032,Douala,Marché Sandaga,Fresh Vegetables,Monday,February,2,0,0,0,0,0,14,2298.0,32179.0
2026-02-03,V032,Douala,Marché Sandaga,Fresh Vegetables,Tuesday,February,2,0,0,0,0,0,20,2121.0,42419.0
2026-02-04,V032,Douala,Marché Sandaga,Fresh Vegetables,Wednesday,February,2,0,0,0,0,0,16,2014.0,32217.0
2026-02-05,V032,Douala,Marché Sandaga,Fresh Vegetables,Thursday,February,2,0,0,0,0,0,17,2170.0,36883.0
2026-02-06,V032,Douala,Marché Sandaga,Fresh Vegetables,Friday,February,2,0,0,0,0,0,19,1870.0,35523.0
2026-02-07,V032,Douala,Marché Sandaga,Fresh Vegetables,Saturday,February,2,1,0,0,1,0,34,1660.0,56432.0
2026-02-08,V032,Douala,Marché Sandaga,Fresh Vegetables,Sunday,February,2,1,0,0,0,0,19,2047.0,38887.0
2026-02-09,V032,Douala,Marché Sandaga,Fresh Vegetables,Monday,February,2,0,0,0,0,0,24,1796.0,43099.0
2026-02-10,V032,Douala,Marché Sandaga,Fresh Vegetables,Tuesday,February,2,0,0,0,0,0,26,2103.0,54687.0
2026-02-11,V032,Douala,Marché Sandaga,Fresh Vegetables,Wednesday,February,2,0,1,0,0,0,26,1735.0,45108.0
2026-02-12,V032,Douala,Marché Sandaga,Fresh Vegetables,Thursday,February,2,0,0,0,0,0,19,1947.0,36991.0
2026-02-13,V032,Douala,Marché Sandaga,Fresh Vegetables,Friday,February,2,0,0,0,0,0,32,1759.0,56292.0
2026-02-14,V032,Douala,Marché Sandaga,Fresh Vegetables,Saturday,February,2,1,0,0,0,0,20,2037.0,40734.0
2026-02-15,V032,Douala,Marché Sandaga,Fresh Vegetables,Sunday,February,2,1,0,0,0,0,19,1833.0,34824.0
2026-02-16,V032,Douala,Marché Sandaga,Fresh Vegetables,Monday,February,2,0,0,0,0,0,20,1892.0,37840.0
2026-02-17,V032,Douala,Marché Sandaga,Fresh Vegetables,Tuesday,February,2,0,0,0,0,0,15,2136.0,32041.0
2026-02-18,V032,Douala,Marché Sandaga,Fresh Vegetables,Wednesday,February,2,0,0,0,0,0,24,1661.0,39867.0
2026-02-19,V032,Douala,Marché Sandaga,Fresh Vegetables,Thursday,February,2,0,0,0,0,0,23,1591.0,36592.0
2026-02-20,V032,Douala,Marché Sandaga,Fresh Vegetables,Friday,February,2,0,0,0,0,0,19,2147.0,40789.0
2026-02-21,V032,Douala,Marché Sandaga,Fresh Vegetables,Saturday,February,2,1,0,0,1,0,41,1836.0,75296.0
2026-02-22,V032,Douala,Marché Sandaga,Fresh Vegetables,Sunday,February,2,1,0,0,0,0,21,1842.0,38675.0
2026-02-23,V032,Douala,Marché Sandaga,Fresh Vegetables,Monday,February,2,0,0,0,0,0,9,2665.0,23984.0
2026-02-24,V032,Douala,Marché Sandaga,Fresh Vegetables,Tuesday,February,2,0,0,0,0,0,19,1795.0,34098.0
2026-02-25,V032,Douala,Marché Sandaga,Fresh Vegetables,Wednesday,February,2,0,0,0,0,0,26,1718.0,44675.0
2026-02-26,V032,Douala,Marché Sandaga,Fresh Vegetables,Thursday,February,2,0,0,0,0,1,28,1695.0,47456.0
2026-02-27,V032,Douala,Marché Sandaga,Fresh Vegetables,Friday,February,2,0,0,0,0,1,30,1883.0,56502.0
2026-02-28,V032,Douala,Marché Sandaga,Fresh Vegetables,Saturday,February,2,1,0,0,0,1,43,1740.0,74823.0
2026-03-01,V032,Douala,Marché Sandaga,Fresh Vegetables,Sunday,March,3,1,0,0,0,0,21,2042.0,42880.0
2026-03-02,V032,Douala,Marché Sandaga,Fresh Vegetables,Monday,March,3,0,0,0,0,0,14,1652.0,23133.0
2026-03-03,V032,Douala,Marché Sandaga,Fresh Vegetables,Tuesday,March,3,0,0,0,0,0,21,1741.0,36552.0
2026-03-04,V032,Douala,Marché Sandaga,Fresh Vegetables,Wednesday,March,3,0,0,0,0,0,20,2036.0,40726.0
2026-03-05,V032,Douala,Marché Sandaga,Fresh Vegetables,Thursday,March,3,0,0,0,0,0,15,1750.0,26255.0
2026-03-06,V032,Douala,Marché Sandaga,Fresh Vegetables,Friday,March,3,0,0,0,0,0,31,1800.0,55809.0
2026-03-07,V032,Douala,Marché Sandaga,Fresh Vegetables,Saturday,March,3,1,0,0,1,0,28,1781.0,49854.0
2026-03-08,V032,Douala,Marché Sandaga,Fresh Vegetables,Sunday,March,3,1,1,0,0,0,21,2088.0,43838.0
2026-03-09,V032,Douala,Marché Sandaga,Fresh Vegetables,Monday,March,3,0,0,0,0,0,18,1770.0,31855.0
2026-03-10,V032,Douala,Marché Sandaga,Fresh Vegetables,Tuesday,March,3,0,0,0,0,0,19,1734.0,32945.0
2026-03-11,V032,Douala,Marché Sandaga,Fresh Vegetables,Wednesday,March,3,0,0,0,0,0,16,1884.0,30150.0
2026-03-12,V032,Douala,Marché Sandaga,Fresh Vegetables,Thursday,March,3,0,0,0,0,0,18,1874.0,33727.0
2026-03-13,V032,Douala,Marché Sandaga,Fresh Vegetables,Friday,March,3,0,0,0,0,0,28,1686.0,47212.0
2026-03-14,V032,Douala,Marché Sandaga,Fresh Vegetables,Saturday,March,3,1,0,0,0,0,33,1763.0,58192.0
2026-03-15,V032,Douala,Marché Sandaga,Fresh Vegetables,Sunday,March,3,1,0,0,0,0,24,1792.0,43020.0
2026-03-16,V032,Douala,Marché Sandaga,Fresh Vegetables,Monday,March,3,0,0,0,0,0,25,1537.0,38423.0
2026-03-17,V032,Douala,Marché Sandaga,Fresh Vegetables,Tuesday,March,3,0,0,0,0,0,23,1813.0,41701.0
2026-03-18,V032,Douala,Marché Sandaga,Fresh Vegetables,Wednesday,March,3,0,0,0,0,0,24,1780.0,42715.0
2026-03-19,V032,Douala,Marché Sandaga,Fresh Vegetables,Thursday,March,3,0,0,0,0,0,19,1737.0,32995.0
2026-03-20,V032,Douala,Marché Sandaga,Fresh Vegetables,Friday,March,3,0,0,0,0,0,21,1748.0,36715.0
2026-03-21,V032,Douala,Marché Sandaga,Fresh Vegetables,Saturday,March,3,1,0,0,1,0,51,1751.0,89297.0
2026-03-22,V032,Douala,Marché Sandaga,Fresh Vegetables,Sunday,March,3,1,0,0,0,0,28,1902.0,53261.0
2026-03-23,V032,Douala,Marché Sandaga,Fresh Vegetables,Monday,March,3,0,0,0,0,0,20,1739.0,34783.0
2026-03-24,V032,Douala,Marché Sandaga,Fresh Vegetables,Tuesday,March,3,0,0,0,0,0,19,1671.0,31742.0
2026-03-25,V032,Douala,Marché Sandaga,Fresh Vegetables,Wednesday,March,3,0,0,0,0,0,22,1715.0,37726.0
2026-03-26,V032,Douala,Marché Sandaga,Fresh Vegetables,Thursday,March,3,0,0,0,0,0,19,1609.0,30577.0
2026-03-27,V032,Douala,Marché Sandaga,Fresh Vegetables,Friday,March,3,0,0,0,0,0,26,1876.0,48787.0
2026-03-28,V032,Douala,Marché Sandaga,Fresh Vegetables,Saturday,March,3,1,0,0,0,0,30,1809.0,54283.0
2026-03-29,V032,Douala,Marché Sandaga,Fresh Vegetables,Sunday,March,3,1,0,0,0,1,26,1636.0,42537.0
2026-03-30,V032,Douala,Marché Sandaga,Fresh Vegetables,Monday,March,3,0,0,0,0,1,26,1678.0,43628.0
2026-03-31,V032,Douala,Marché Sandaga,Fresh Vegetables,Tuesday,March,3,0,0,0,0,1,28,1809.0,50639.0
2025-09-01,V033,Douala,Marché Deido,Fruits (Mango/Avocado/Pineapple),Monday,September,9,0,0,1,0,0,19,2061.0,39165.0
2025-09-02,V033,Douala,Marché Deido,Fruits (Mango/Avocado/Pineapple),Tuesday,September,9,0,0,1,0,0,23,1817.0,41796.0
2025-09-03,V033,Douala,Marché Deido,Fruits (Mango/Avocado/Pineapple),Wednesday,September,9,0,0,1,0,0,15,2559.0,38379.0
2025-09-04,V033,Douala,Marché Deido,Fruits (Mango/Avocado/Pineapple),Thursday,September,9,0,0,1,0,0,24,1865.0,44761.0
2025-09-05,V033,Douala,Marché Deido,Fruits (Mango/Avocado/Pineapple),Friday,September,9,0,0,1,0,0,25,1942.0,48558.0
2025-09-06,V033,Douala,Marché Deido,Fruits (Mango/Avocado/Pineapple),Saturday,September,9,1,0,1,1,0,48,1775.0,85199.0
2025-09-07,V033,Douala,Marché Deido,Fruits (Mango/Avocado/Pineapple),Sunday,September,9,1,0,1,0,0,16,2196.0,35140.0
2025-09-08,V033,Douala,Marché Deido,Fruits (Mango/Avocado/Pineapple),Monday,September,9,0,0,1,0,0,30,1805.0,54150.0
2025-09-09,V033,Douala,Marché Deido,Fruits (Mango/Avocado/Pineapple),Tuesday,September,9,0,0,1,0,0,18,1676.0,30163.0
2025-09-10,V033,Douala,Marché Deido,Fruits (Mango/Avocado/Pineapple),Wednesday,September,9,0,0,1,0,0,13,2443.0,31763.0
2025-09-11,V033,Douala,Marché Deido,Fruits (Mango/Avocado/Pineapple),Thursday,September,9,0,0,1,0,0,16,1854.0,29663.0
2025-09-12,V033,Douala,Marché Deido,Fruits (Mango/Avocado/Pineapple),Friday,September,9,0,0,1,0,0,24,2134.0,51212.0
2025-09-13,V033,Douala,Marché Deido,Fruits (Mango/Avocado/Pineapple),Saturday,September,9,1,0,1,0,0,34,1830.0,62210.0
2025-09-14,V033,Douala,Marché Deido,Fruits (Mango/Avocado/Pineapple),Sunday,September,9,1,0,1,0,0,24,1773.0,42556.0
2025-09-15,V033,Douala,Marché Deido,Fruits (Mango/Avocado/Pineapple),Monday,September,9,0,0,1,0,0,9,2083.0,18747.0
2025-09-16,V033,Douala,Marché Deido,Fruits (Mango/Avocado/Pineapple),Tuesday,September,9,0,0,1,0,0,9,2324.0,20912.0
2025-09-17,V033,Douala,Marché Deido,Fruits (Mango/Avocado/Pineapple),Wednesday,September,9,0,0,1,0,0,13,2453.0,31885.0
2025-09-18,V033,Douala,Marché Deido,Fruits (Mango/Avocado/Pineapple),Thursday,September,9,0,0,1,0,0,22,1624.0,35727.0
2025-09-19,V033,Douala,Marché Deido,Fruits (Mango/Avocado/Pineapple),Friday,September,9,0,0,1,0,0,25,1821.0,45534.0
2025-09-20,V033,Douala,Marché Deido,Fruits (Mango/Avocado/Pineapple),Saturday,September,9,1,0,1,1,0,30,1802.0,54070.0
2025-09-21,V033,Douala,Marché Deido,Fruits (Mango/Avocado/Pineapple),Sunday,September,9,1,0,1,0,0,17,2124.0,36116.0
2025-09-22,V033,Douala,Marché Deido,Fruits (Mango/Avocado/Pineapple),Monday,September,9,0,0,1,0,0,14,1821.0,25498.0
2025-09-23,V033,Douala,Marché Deido,Fruits (Mango/Avocado/Pineapple),Tuesday,September,9,0,0,1,0,0,19,2093.0,39768.0
2025-09-24,V033,Douala,Marché Deido,Fruits (Mango/Avocado/Pineapple),Wednesday,September,9,0,0,1,0,0,20,2218.0,44353.0
2025-09-25,V033,Douala,Marché Deido,Fruits (Mango/Avocado/Pineapple),Thursday,September,9,0,0,1,0,0,16,1946.0,31135.0
2025-09-26,V033,Douala,Marché Deido,Fruits (Mango/Avocado/Pineapple),Friday,September,9,0,0,1,0,0,27,1720.0,46452.0
2025-09-27,V033,Douala,Marché Deido,Fruits (Mango/Avocado/Pineapple),Saturday,September,9,1,0,1,0,0,30,1739.0,52172.0
2025-09-28,V033,Douala,Marché Deido,Fruits (Mango/Avocado/Pineapple),Sunday,September,9,1,0,1,0,1,17,2244.0,38140.0
2025-09-29,V033,Douala,Marché Deido,Fruits (Mango/Avocado/Pineapple),Monday,September,9,0,0,1,0,1,17,2063.0,35070.0
2025-09-30,V033,Douala,Marché Deido,Fruits (Mango/Avocado/Pineapple),Tuesday,September,9,0,0,1,0,1,19,1712.0,32519.0
2025-10-01,V033,Douala,Marché Deido,Fruits (Mango/Avocado/Pineapple),Wednesday,October,10,0,0,1,0,0,13,2102.0,27321.0
2025-10-02,V033,Douala,Marché Deido,Fruits (Mango/Avocado/Pineapple),Thursday,October,10,0,0,1,0,0,18,2115.0,38071.0
2025-10-03,V033,Douala,Marché Deido,Fruits (Mango/Avocado/Pineapple),Friday,October,10,0,0,1,0,0,22,1666.0,36656.0
2025-10-04,V033,Douala,Marché Deido,Fruits (Mango/Avocado/Pineapple),Saturday,October,10,1,0,1,1,0,39,1851.0,72188.0
2025-10-05,V033,Douala,Marché Deido,Fruits (Mango/Avocado/Pineapple),Sunday,October,10,1,0,1,0,0,32,1908.0,61043.0
2025-10-06,V033,Douala,Marché Deido,Fruits (Mango/Avocado/Pineapple),Monday,October,10,0,0,1,0,0,20,2058.0,41160.0
2025-10-07,V033,Douala,Marché Deido,Fruits (Mango/Avocado/Pineapple),Tuesday,October,10,0,0,1,0,0,17,1836.0,31217.0
2025-10-08,V033,Douala,Marché Deido,Fruits (Mango/Avocado/Pineapple),Wednesday,October,10,0,0,1,0,0,24,1593.0,38241.0
2025-10-09,V033,Douala,Marché Deido,Fruits (Mango/Avocado/Pineapple),Thursday,October,10,0,0,1,0,0,25,1637.0,40920.0
2025-10-10,V033,Douala,Marché Deido,Fruits (Mango/Avocado/Pineapple),Friday,October,10,0,0,1,0,0,29,1813.0,52578.0
2025-10-11,V033,Douala,Marché Deido,Fruits (Mango/Avocado/Pineapple),Saturday,October,10,1,0,1,0,0,20,2050.0,41000.0
2025-10-12,V033,Douala,Marché Deido,Fruits (Mango/Avocado/Pineapple),Sunday,October,10,1,0,1,0,0,30,1650.0,49501.0
2025-10-13,V033,Douala,Marché Deido,Fruits (Mango/Avocado/Pineapple),Monday,October,10,0,0,1,0,0,17,1723.0,29292.0
2025-10-14,V033,Douala,Marché Deido,Fruits (Mango/Avocado/Pineapple),Tuesday,October,10,0,0,1,0,0,14,2194.0,30723.0
2025-10-15,V033,Douala,Marché Deido,Fruits (Mango/Avocado/Pineapple),Wednesday,October,10,0,0,1,0,0,18,1987.0,35771.0
2025-10-16,V033,Douala,Marché Deido,Fruits (Mango/Avocado/Pineapple),Thursday,October,10,0,0,1,0,0,19,1709.0,32475.0
2025-10-17,V033,Douala,Marché Deido,Fruits (Mango/Avocado/Pineapple),Friday,October,10,0,0,1,0,0,24,1731.0,41544.0
2025-10-18,V033,Douala,Marché Deido,Fruits (Mango/Avocado/Pineapple),Saturday,October,10,1,0,1,1,0,32,1993.0,63765.0
2025-10-19,V033,Douala,Marché Deido,Fruits (Mango/Avocado/Pineapple),Sunday,October,10,1,0,1,0,0,26,1791.0,46564.0
2025-10-20,V033,Douala,Marché Deido,Fruits (Mango/Avocado/Pineapple),Monday,October,10,0,0,1,0,0,20,1869.0,37380.0
2025-10-21,V033,Douala,Marché Deido,Fruits (Mango/Avocado/Pineapple),Tuesday,October,10,0,0,1,0,0,18,1767.0,31815.0
2025-10-22,V033,Douala,Marché Deido,Fruits (Mango/Avocado/Pineapple),Wednesday,October,10,0,0,1,0,0,13,2200.0,28598.0
2025-10-23,V033,Douala,Marché Deido,Fruits (Mango/Avocado/Pineapple),Thursday,October,10,0,0,1,0,0,16,1962.0,31393.0
2025-10-24,V033,Douala,Marché Deido,Fruits (Mango/Avocado/Pineapple),Friday,October,10,0,0,1,0,0,23,1679.0,38628.0
2025-10-25,V033,Douala,Marché Deido,Fruits (Mango/Avocado/Pineapple),Saturday,October,10,1,0,1,0,0,30,1946.0,58385.0
2025-10-26,V033,Douala,Marché Deido,Fruits (Mango/Avocado/Pineapple),Sunday,October,10,1,0,1,0,0,31,1864.0,57786.0
2025-10-27,V033,Douala,Marché Deido,Fruits (Mango/Avocado/Pineapple),Monday,October,10,0,0,1,0,0,14,1791.0,25072.0
2025-10-28,V033,Douala,Marché Deido,Fruits (Mango/Avocado/Pineapple),Tuesday,October,10,0,0,1,0,0,17,2035.0,34602.0
2025-10-29,V033,Douala,Marché Deido,Fruits (Mango/Avocado/Pineapple),Wednesday,October,10,0,0,1,0,1,26,1606.0,41757.0
2025-10-30,V033,Douala,Marché Deido,Fruits (Mango/Avocado/Pineapple),Thursday,October,10,0,0,1,0,1,25,1745.0,43626.0
2025-10-31,V033,Douala,Marché Deido,Fruits (Mango/Avocado/Pineapple),Friday,October,10,0,0,1,0,1,39,1795.0,70009.0
2025-11-01,V033,Douala,Marché Deido,Fruits (Mango/Avocado/Pineapple),Saturday,November,11,1,0,0,1,0,34,1751.0,59525.0
2025-11-02,V033,Douala,Marché Deido,Fruits (Mango/Avocado/Pineapple),Sunday,November,11,1,0,0,0,0,19,2199.0,41787.0
2025-11-03,V033,Douala,Marché Deido,Fruits (Mango/Avocado/Pineapple),Monday,November,11,0,0,0,0,0,23,1684.0,38725.0
2025-11-04,V033,Douala,Marché Deido,Fruits (Mango/Avocado/Pineapple),Tuesday,November,11,0,0,0,0,0,27,1774.0,47887.0
2025-11-05,V033,Douala,Marché Deido,Fruits (Mango/Avocado/Pineapple),Wednesday,November,11,0,0,0,0,0,20,1705.0,34096.0
2025-11-06,V033,Douala,Marché Deido,Fruits (Mango/Avocado/Pineapple),Thursday,November,11,0,0,0,0,0,27,1629.0,43995.0
2025-11-07,V033,Douala,Marché Deido,Fruits (Mango/Avocado/Pineapple),Friday,November,11,0,0,0,0,0,25,1831.0,45775.0
2025-11-08,V033,Douala,Marché Deido,Fruits (Mango/Avocado/Pineapple),Saturday,November,11,1,0,0,0,0,28,1778.0,49788.0
2025-11-09,V033,Douala,Marché Deido,Fruits (Mango/Avocado/Pineapple),Sunday,November,11,1,0,0,0,0,20,1667.0,33334.0
2025-11-10,V033,Douala,Marché Deido,Fruits (Mango/Avocado/Pineapple),Monday,November,11,0,0,0,0,0,21,1732.0,36373.0
2025-11-11,V033,Douala,Marché Deido,Fruits (Mango/Avocado/Pineapple),Tuesday,November,11,0,0,0,0,0,22,1603.0,35265.0
2025-11-12,V033,Douala,Marché Deido,Fruits (Mango/Avocado/Pineapple),Wednesday,November,11,0,0,0,0,0,21,1987.0,41717.0
2025-11-13,V033,Douala,Marché Deido,Fruits (Mango/Avocado/Pineapple),Thursday,November,11,0,0,0,0,0,17,1997.0,33956.0
2025-11-14,V033,Douala,Marché Deido,Fruits (Mango/Avocado/Pineapple),Friday,November,11,0,0,0,0,0,26,1960.0,50958.0
2025-11-15,V033,Douala,Marché Deido,Fruits (Mango/Avocado/Pineapple),Saturday,November,11,1,0,0,1,0,47,1728.0,81215.0
2025-11-16,V033,Douala,Marché Deido,Fruits (Mango/Avocado/Pineapple),Sunday,November,11,1,0,0,0,0,20,1880.0,37601.0
2025-11-17,V033,Douala,Marché Deido,Fruits (Mango/Avocado/Pineapple),Monday,November,11,0,0,0,0,0,20,1641.0,32819.0
2025-11-18,V033,Douala,Marché Deido,Fruits (Mango/Avocado/Pineapple),Tuesday,November,11,0,0,0,0,0,22,2089.0,45957.0
2025-11-19,V033,Douala,Marché Deido,Fruits (Mango/Avocado/Pineapple),Wednesday,November,11,0,0,0,0,0,18,1871.0,33672.0
2025-11-20,V033,Douala,Marché Deido,Fruits (Mango/Avocado/Pineapple),Thursday,November,11,0,0,0,0,0,15,1956.0,29341.0
2025-11-21,V033,Douala,Marché Deido,Fruits (Mango/Avocado/Pineapple),Friday,November,11,0,0,0,0,0,27,1846.0,49838.0
2025-11-22,V033,Douala,Marché Deido,Fruits (Mango/Avocado/Pineapple),Saturday,November,11,1,0,0,0,0,29,1479.0,42886.0
2025-11-23,V033,Douala,Marché Deido,Fruits (Mango/Avocado/Pineapple),Sunday,November,11,1,0,0,0,0,25,1848.0,46209.0
2025-11-24,V033,Douala,Marché Deido,Fruits (Mango/Avocado/Pineapple),Monday,November,11,0,0,0,0,0,15,1790.0,26853.0
2025-11-25,V033,Douala,Marché Deido,Fruits (Mango/Avocado/Pineapple),Tuesday,November,11,0,0,0,0,0,14,2385.0,33397.0
2025-11-26,V033,Douala,Marché Deido,Fruits (Mango/Avocado/Pineapple),Wednesday,November,11,0,0,0,0,0,17,1730.0,29409.0
2025-11-27,V033,Douala,Marché Deido,Fruits (Mango/Avocado/Pineapple),Thursday,November,11,0,0,0,0,0,30,1786.0,53572.0
2025-11-28,V033,Douala,Marché Deido,Fruits (Mango/Avocado/Pineapple),Friday,November,11,0,0,0,0,1,35,1849.0,64722.0
2025-11-29,V033,Douala,Marché Deido,Fruits (Mango/Avocado/Pineapple),Saturday,November,11,1,0,0,0,1,37,1733.0,64120.0
2025-11-30,V033,Douala,Marché Deido,Fruits (Mango/Avocado/Pineapple),Sunday,November,11,1,0,0,0,1,40,1708.0,68328.0
2025-12-01,V033,Douala,Marché Deido,Fruits (Mango/Avocado/Pineapple),Monday,December,12,0,0,0,0,0,14,1929.0,27006.0
2025-12-02,V033,Douala,Marché Deido,Fruits (Mango/Avocado/Pineapple),Tuesday,December,12,0,0,0,0,0,19,1903.0,36161.0
2025-12-03,V033,Douala,Marché Deido,Fruits (Mango/Avocado/Pineapple),Wednesday,December,12,0,0,0,0,0,22,1738.0,38235.0
2025-12-04,V033,Douala,Marché Deido,Fruits (Mango/Avocado/Pineapple),Thursday,December,12,0,0,0,0,0,28,1615.0,45223.0
2025-12-05,V033,Douala,Marché Deido,Fruits (Mango/Avocado/Pineapple),Friday,December,12,0,0,0,0,0,21,2071.0,43488.0
2025-12-06,V033,Douala,Marché Deido,Fruits (Mango/Avocado/Pineapple),Saturday,December,12,1,0,0,1,0,43,1658.0,71277.0
2025-12-07,V033,Douala,Marché Deido,Fruits (Mango/Avocado/Pineapple),Sunday,December,12,1,0,0,0,0,23,1758.0,40423.0
2025-12-08,V033,Douala,Marché Deido,Fruits (Mango/Avocado/Pineapple),Monday,December,12,0,0,0,0,0,20,1854.0,37086.0
2025-12-09,V033,Douala,Marché Deido,Fruits (Mango/Avocado/Pineapple),Tuesday,December,12,0,0,0,0,0,17,2026.0,34442.0
2025-12-10,V033,Douala,Marché Deido,Fruits (Mango/Avocado/Pineapple),Wednesday,December,12,0,0,0,0,0,10,2365.0,23647.0
2025-12-11,V033,Douala,Marché Deido,Fruits (Mango/Avocado/Pineapple),Thursday,December,12,0,0,0,0,0,21,1676.0,35193.0
2025-12-12,V033,Douala,Marché Deido,Fruits (Mango/Avocado/Pineapple),Friday,December,12,0,0,0,0,0,24,1887.0,45296.0
2025-12-13,V033,Douala,Marché Deido,Fruits (Mango/Avocado/Pineapple),Saturday,December,12,1,0,0,0,0,28,1723.0,48240.0
2025-12-14,V033,Douala,Marché Deido,Fruits (Mango/Avocado/Pineapple),Sunday,December,12,1,0,0,0,0,33,1704.0,56248.0
2025-12-15,V033,Douala,Marché Deido,Fruits (Mango/Avocado/Pineapple),Monday,December,12,0,0,0,0,0,17,2147.0,36493.0
2025-12-16,V033,Douala,Marché Deido,Fruits (Mango/Avocado/Pineapple),Tuesday,December,12,0,0,0,0,0,21,1538.0,32289.0
2025-12-17,V033,Douala,Marché Deido,Fruits (Mango/Avocado/Pineapple),Wednesday,December,12,0,0,0,0,0,21,2078.0,43637.0
2025-12-18,V033,Douala,Marché Deido,Fruits (Mango/Avocado/Pineapple),Thursday,December,12,0,0,0,0,0,21,1780.0,37379.0
2025-12-19,V033,Douala,Marché Deido,Fruits (Mango/Avocado/Pineapple),Friday,December,12,0,0,0,0,0,17,2366.0,40229.0
2025-12-20,V033,Douala,Marché Deido,Fruits (Mango/Avocado/Pineapple),Saturday,December,12,1,0,0,1,0,36,1890.0,68025.0
2025-12-21,V033,Douala,Marché Deido,Fruits (Mango/Avocado/Pineapple),Sunday,December,12,1,0,0,0,0,20,1913.0,38251.0
2025-12-22,V033,Douala,Marché Deido,Fruits (Mango/Avocado/Pineapple),Monday,December,12,0,0,0,0,0,17,1879.0,31943.0
2025-12-23,V033,Douala,Marché Deido,Fruits (Mango/Avocado/Pineapple),Tuesday,December,12,0,0,0,0,0,15,1956.0,29338.0
2025-12-24,V033,Douala,Marché Deido,Fruits (Mango/Avocado/Pineapple),Wednesday,December,12,0,0,0,0,0,15,1732.0,25987.0
2025-12-25,V033,Douala,Marché Deido,Fruits (Mango/Avocado/Pineapple),Thursday,December,12,0,1,0,0,0,15,1882.0,28223.0
2025-12-26,V033,Douala,Marché Deido,Fruits (Mango/Avocado/Pineapple),Friday,December,12,0,0,0,0,0,28,1945.0,54447.0
2025-12-27,V033,Douala,Marché Deido,Fruits (Mango/Avocado/Pineapple),Saturday,December,12,1,0,0,0,0,38,1695.0,64427.0
2025-12-28,V033,Douala,Marché Deido,Fruits (Mango/Avocado/Pineapple),Sunday,December,12,1,0,0,0,0,13,1868.0,24284.0
2025-12-29,V033,Douala,Marché Deido,Fruits (Mango/Avocado/Pineapple),Monday,December,12,0,0,0,0,1,12,1869.0,22424.0
2025-12-30,V033,Douala,Marché Deido,Fruits (Mango/Avocado/Pineapple),Tuesday,December,12,0,0,0,0,1,16,2469.0,39507.0
2025-12-31,V033,Douala,Marché Deido,Fruits (Mango/Avocado/Pineapple),Wednesday,December,12,0,0,0,0,1,32,1812.0,57985.0
2026-01-01,V033,Douala,Marché Deido,Fruits (Mango/Avocado/Pineapple),Thursday,January,1,0,1,0,0,0,25,1620.0,40505.0
2026-01-02,V033,Douala,Marché Deido,Fruits (Mango/Avocado/Pineapple),Friday,January,1,0,0,0,0,0,16,2088.0,33400.0
2026-01-03,V033,Douala,Marché Deido,Fruits (Mango/Avocado/Pineapple),Saturday,January,1,1,0,0,1,0,28,1578.0,44176.0
2026-01-04,V033,Douala,Marché Deido,Fruits (Mango/Avocado/Pineapple),Sunday,January,1,1,0,0,0,0,27,1732.0,46762.0
2026-01-05,V033,Douala,Marché Deido,Fruits (Mango/Avocado/Pineapple),Monday,January,1,0,0,0,0,0,20,1727.0,34542.0
2026-01-06,V033,Douala,Marché Deido,Fruits (Mango/Avocado/Pineapple),Tuesday,January,1,0,0,0,0,0,19,1836.0,34886.0
2026-01-07,V033,Douala,Marché Deido,Fruits (Mango/Avocado/Pineapple),Wednesday,January,1,0,0,0,0,0,18,2020.0,36355.0
2026-01-08,V033,Douala,Marché Deido,Fruits (Mango/Avocado/Pineapple),Thursday,January,1,0,0,0,0,0,21,1783.0,37439.0
2026-01-09,V033,Douala,Marché Deido,Fruits (Mango/Avocado/Pineapple),Friday,January,1,0,0,0,0,0,23,2047.0,47072.0
2026-01-10,V033,Douala,Marché Deido,Fruits (Mango/Avocado/Pineapple),Saturday,January,1,1,0,0,0,0,26,1710.0,44455.0
2026-01-11,V033,Douala,Marché Deido,Fruits (Mango/Avocado/Pineapple),Sunday,January,1,1,0,0,0,0,24,1737.0,41679.0
2026-01-12,V033,Douala,Marché Deido,Fruits (Mango/Avocado/Pineapple),Monday,January,1,0,0,0,0,0,11,2444.0,26881.0
2026-01-13,V033,Douala,Marché Deido,Fruits (Mango/Avocado/Pineapple),Tuesday,January,1,0,0,0,0,0,15,1970.0,29553.0
2026-01-14,V033,Douala,Marché Deido,Fruits (Mango/Avocado/Pineapple),Wednesday,January,1,0,0,0,0,0,20,1582.0,31634.0
2026-01-15,V033,Douala,Marché Deido,Fruits (Mango/Avocado/Pineapple),Thursday,January,1,0,0,0,0,0,25,1560.0,38995.0
2026-01-16,V033,Douala,Marché Deido,Fruits (Mango/Avocado/Pineapple),Friday,January,1,0,0,0,0,0,22,2256.0,49629.0
2026-01-17,V033,Douala,Marché Deido,Fruits (Mango/Avocado/Pineapple),Saturday,January,1,1,0,0,1,0,41,1971.0,80816.0
2026-01-18,V033,Douala,Marché Deido,Fruits (Mango/Avocado/Pineapple),Sunday,January,1,1,0,0,0,0,23,1996.0,45913.0
2026-01-19,V033,Douala,Marché Deido,Fruits (Mango/Avocado/Pineapple),Monday,January,1,0,0,0,0,0,29,1659.0,48120.0
2026-01-20,V033,Douala,Marché Deido,Fruits (Mango/Avocado/Pineapple),Tuesday,January,1,0,0,0,0,0,16,1881.0,30099.0
2026-01-21,V033,Douala,Marché Deido,Fruits (Mango/Avocado/Pineapple),Wednesday,January,1,0,0,0,0,0,22,1694.0,37262.0
2026-01-22,V033,Douala,Marché Deido,Fruits (Mango/Avocado/Pineapple),Thursday,January,1,0,0,0,0,0,19,1998.0,37953.0
2026-01-23,V033,Douala,Marché Deido,Fruits (Mango/Avocado/Pineapple),Friday,January,1,0,0,0,0,0,22,1843.0,40553.0
2026-01-24,V033,Douala,Marché Deido,Fruits (Mango/Avocado/Pineapple),Saturday,January,1,1,0,0,0,0,40,1768.0,70723.0
2026-01-25,V033,Douala,Marché Deido,Fruits (Mango/Avocado/Pineapple),Sunday,January,1,1,0,0,0,0,22,1742.0,38323.0
2026-01-26,V033,Douala,Marché Deido,Fruits (Mango/Avocado/Pineapple),Monday,January,1,0,0,0,0,0,18,1696.0,30519.0
2026-01-27,V033,Douala,Marché Deido,Fruits (Mango/Avocado/Pineapple),Tuesday,January,1,0,0,0,0,0,29,1869.0,54211.0
2026-01-28,V033,Douala,Marché Deido,Fruits (Mango/Avocado/Pineapple),Wednesday,January,1,0,0,0,0,0,21,1962.0,41192.0
2026-01-29,V033,Douala,Marché Deido,Fruits (Mango/Avocado/Pineapple),Thursday,January,1,0,0,0,0,1,23,1850.0,42549.0
2026-01-30,V033,Douala,Marché Deido,Fruits (Mango/Avocado/Pineapple),Friday,January,1,0,0,0,0,1,33,1553.0,51248.0
2026-01-31,V033,Douala,Marché Deido,Fruits (Mango/Avocado/Pineapple),Saturday,January,1,1,0,0,0,1,35,1761.0,61630.0
2026-02-01,V033,Douala,Marché Deido,Fruits (Mango/Avocado/Pineapple),Sunday,February,2,1,0,0,0,0,18,1729.0,31120.0
2026-02-02,V033,Douala,Marché Deido,Fruits (Mango/Avocado/Pineapple),Monday,February,2,0,0,0,0,0,21,1914.0,40188.0
2026-02-03,V033,Douala,Marché Deido,Fruits (Mango/Avocado/Pineapple),Tuesday,February,2,0,0,0,0,0,12,1824.0,21893.0
2026-02-04,V033,Douala,Marché Deido,Fruits (Mango/Avocado/Pineapple),Wednesday,February,2,0,0,0,0,0,21,1703.0,35768.0
2026-02-05,V033,Douala,Marché Deido,Fruits (Mango/Avocado/Pineapple),Thursday,February,2,0,0,0,0,0,29,1870.0,54221.0
2026-02-06,V033,Douala,Marché Deido,Fruits (Mango/Avocado/Pineapple),Friday,February,2,0,0,0,0,0,19,2082.0,39553.0
2026-02-07,V033,Douala,Marché Deido,Fruits (Mango/Avocado/Pineapple),Saturday,February,2,1,0,0,1,0,39,1776.0,69251.0
2026-02-08,V033,Douala,Marché Deido,Fruits (Mango/Avocado/Pineapple),Sunday,February,2,1,0,0,0,0,23,1736.0,39927.0
2026-02-09,V033,Douala,Marché Deido,Fruits (Mango/Avocado/Pineapple),Monday,February,2,0,0,0,0,0,19,1873.0,35580.0
2026-02-10,V033,Douala,Marché Deido,Fruits (Mango/Avocado/Pineapple),Tuesday,February,2,0,0,0,0,0,15,1949.0,29241.0
2026-02-11,V033,Douala,Marché Deido,Fruits (Mango/Avocado/Pineapple),Wednesday,February,2,0,1,0,0,0,16,1799.0,28782.0
2026-02-12,V033,Douala,Marché Deido,Fruits (Mango/Avocado/Pineapple),Thursday,February,2,0,0,0,0,0,21,1806.0,37934.0
2026-02-13,V033,Douala,Marché Deido,Fruits (Mango/Avocado/Pineapple),Friday,February,2,0,0,0,0,0,28,1805.0,50529.0
2026-02-14,V033,Douala,Marché Deido,Fruits (Mango/Avocado/Pineapple),Saturday,February,2,1,0,0,0,0,30,1851.0,55518.0
2026-02-15,V033,Douala,Marché Deido,Fruits (Mango/Avocado/Pineapple),Sunday,February,2,1,0,0,0,0,17,2012.0,34209.0
2026-02-16,V033,Douala,Marché Deido,Fruits (Mango/Avocado/Pineapple),Monday,February,2,0,0,0,0,0,16,2064.0,33019.0
2026-02-17,V033,Douala,Marché Deido,Fruits (Mango/Avocado/Pineapple),Tuesday,February,2,0,0,0,0,0,20,2008.0,40159.0
2026-02-18,V033,Douala,Marché Deido,Fruits (Mango/Avocado/Pineapple),Wednesday,February,2,0,0,0,0,0,20,1854.0,37073.0
2026-02-19,V033,Douala,Marché Deido,Fruits (Mango/Avocado/Pineapple),Thursday,February,2,0,0,0,0,0,25,1727.0,43183.0
2026-02-20,V033,Douala,Marché Deido,Fruits (Mango/Avocado/Pineapple),Friday,February,2,0,0,0,0,0,24,2179.0,52285.0
2026-02-21,V033,Douala,Marché Deido,Fruits (Mango/Avocado/Pineapple),Saturday,February,2,1,0,0,1,0,49,1691.0,82850.0
2026-02-22,V033,Douala,Marché Deido,Fruits (Mango/Avocado/Pineapple),Sunday,February,2,1,0,0,0,0,22,1836.0,40386.0
2026-02-23,V033,Douala,Marché Deido,Fruits (Mango/Avocado/Pineapple),Monday,February,2,0,0,0,0,0,11,2534.0,27873.0
2026-02-24,V033,Douala,Marché Deido,Fruits (Mango/Avocado/Pineapple),Tuesday,February,2,0,0,0,0,0,15,2008.0,30116.0
2026-02-25,V033,Douala,Marché Deido,Fruits (Mango/Avocado/Pineapple),Wednesday,February,2,0,0,0,0,0,16,2091.0,33451.0
2026-02-26,V033,Douala,Marché Deido,Fruits (Mango/Avocado/Pineapple),Thursday,February,2,0,0,0,0,1,21,1812.0,38048.0
2026-02-27,V033,Douala,Marché Deido,Fruits (Mango/Avocado/Pineapple),Friday,February,2,0,0,0,0,1,26,1777.0,46196.0
2026-02-28,V033,Douala,Marché Deido,Fruits (Mango/Avocado/Pineapple),Saturday,February,2,1,0,0,0,1,45,1636.0,73629.0
2026-03-01,V033,Douala,Marché Deido,Fruits (Mango/Avocado/Pineapple),Sunday,March,3,1,0,0,0,0,30,1798.0,53940.0
2026-03-02,V033,Douala,Marché Deido,Fruits (Mango/Avocado/Pineapple),Monday,March,3,0,0,0,0,0,16,1829.0,29264.0
2026-03-03,V033,Douala,Marché Deido,Fruits (Mango/Avocado/Pineapple),Tuesday,March,3,0,0,0,0,0,19,1920.0,36481.0
2026-03-04,V033,Douala,Marché Deido,Fruits (Mango/Avocado/Pineapple),Wednesday,March,3,0,0,0,0,0,20,2053.0,41059.0
2026-03-05,V033,Douala,Marché Deido,Fruits (Mango/Avocado/Pineapple),Thursday,March,3,0,0,0,0,0,21,1720.0,36130.0
2026-03-06,V033,Douala,Marché Deido,Fruits (Mango/Avocado/Pineapple),Friday,March,3,0,0,0,0,0,23,1905.0,43817.0
2026-03-07,V033,Douala,Marché Deido,Fruits (Mango/Avocado/Pineapple),Saturday,March,3,1,0,0,1,0,34,1917.0,65189.0
2026-03-08,V033,Douala,Marché Deido,Fruits (Mango/Avocado/Pineapple),Sunday,March,3,1,1,0,0,0,35,1943.0,68013.0
2026-03-09,V033,Douala,Marché Deido,Fruits (Mango/Avocado/Pineapple),Monday,March,3,0,0,0,0,0,20,1732.0,34649.0
2026-03-10,V033,Douala,Marché Deido,Fruits (Mango/Avocado/Pineapple),Tuesday,March,3,0,0,0,0,0,16,1812.0,28999.0
2026-03-11,V033,Douala,Marché Deido,Fruits (Mango/Avocado/Pineapple),Wednesday,March,3,0,0,0,0,0,19,1593.0,30272.0
2026-03-12,V033,Douala,Marché Deido,Fruits (Mango/Avocado/Pineapple),Thursday,March,3,0,0,0,0,0,15,2050.0,30757.0
2026-03-13,V033,Douala,Marché Deido,Fruits (Mango/Avocado/Pineapple),Friday,March,3,0,0,0,0,0,17,2178.0,37019.0
2026-03-14,V033,Douala,Marché Deido,Fruits (Mango/Avocado/Pineapple),Saturday,March,3,1,0,0,0,0,42,1796.0,75414.0
2026-03-15,V033,Douala,Marché Deido,Fruits (Mango/Avocado/Pineapple),Sunday,March,3,1,0,0,0,0,23,1964.0,45174.0
2026-03-16,V033,Douala,Marché Deido,Fruits (Mango/Avocado/Pineapple),Monday,March,3,0,0,0,0,0,19,2028.0,38528.0
2026-03-17,V033,Douala,Marché Deido,Fruits (Mango/Avocado/Pineapple),Tuesday,March,3,0,0,0,0,0,20,1984.0,39681.0
2026-03-18,V033,Douala,Marché Deido,Fruits (Mango/Avocado/Pineapple),Wednesday,March,3,0,0,0,0,0,19,1671.0,31751.0
2026-03-19,V033,Douala,Marché Deido,Fruits (Mango/Avocado/Pineapple),Thursday,March,3,0,0,0,0,0,25,1764.0,44106.0
2026-03-20,V033,Douala,Marché Deido,Fruits (Mango/Avocado/Pineapple),Friday,March,3,0,0,0,0,0,20,1910.0,38200.0
2026-03-21,V033,Douala,Marché Deido,Fruits (Mango/Avocado/Pineapple),Saturday,March,3,1,0,0,1,0,36,1909.0,68740.0
2026-03-22,V033,Douala,Marché Deido,Fruits (Mango/Avocado/Pineapple),Sunday,March,3,1,0,0,0,0,26,2168.0,56375.0
2026-03-23,V033,Douala,Marché Deido,Fruits (Mango/Avocado/Pineapple),Monday,March,3,0,0,0,0,0,14,2032.0,28441.0
2026-03-24,V033,Douala,Marché Deido,Fruits (Mango/Avocado/Pineapple),Tuesday,March,3,0,0,0,0,0,8,2577.0,20617.0
2026-03-25,V033,Douala,Marché Deido,Fruits (Mango/Avocado/Pineapple),Wednesday,March,3,0,0,0,0,0,22,1814.0,39905.0
2026-03-26,V033,Douala,Marché Deido,Fruits (Mango/Avocado/Pineapple),Thursday,March,3,0,0,0,0,0,30,1670.0,50113.0
2026-03-27,V033,Douala,Marché Deido,Fruits (Mango/Avocado/Pineapple),Friday,March,3,0,0,0,0,0,28,1782.0,49885.0
2026-03-28,V033,Douala,Marché Deido,Fruits (Mango/Avocado/Pineapple),Saturday,March,3,1,0,0,0,0,26,2204.0,57308.0
2026-03-29,V033,Douala,Marché Deido,Fruits (Mango/Avocado/Pineapple),Sunday,March,3,1,0,0,0,1,22,1791.0,39409.0
2026-03-30,V033,Douala,Marché Deido,Fruits (Mango/Avocado/Pineapple),Monday,March,3,0,0,0,0,1,23,1828.0,42041.0
2026-03-31,V033,Douala,Marché Deido,Fruits (Mango/Avocado/Pineapple),Tuesday,March,3,0,0,0,0,1,20,1684.0,33688.0
2025-09-01,V034,Douala,Marché Deido,Second-Hand Clothing (Friperie),Monday,September,9,0,0,1,0,0,22,1684.0,37046.0
2025-09-02,V034,Douala,Marché Deido,Second-Hand Clothing (Friperie),Tuesday,September,9,0,0,1,0,0,32,1792.0,57344.0
2025-09-03,V034,Douala,Marché Deido,Second-Hand Clothing (Friperie),Wednesday,September,9,0,0,1,0,0,25,1853.0,46322.0
2025-09-04,V034,Douala,Marché Deido,Second-Hand Clothing (Friperie),Thursday,September,9,0,0,1,0,0,30,1703.0,51096.0
2025-09-05,V034,Douala,Marché Deido,Second-Hand Clothing (Friperie),Friday,September,9,0,0,1,0,0,25,2050.0,51255.0
2025-09-06,V034,Douala,Marché Deido,Second-Hand Clothing (Friperie),Saturday,September,9,1,0,1,1,0,64,1841.0,117854.0
2025-09-07,V034,Douala,Marché Deido,Second-Hand Clothing (Friperie),Sunday,September,9,1,0,1,0,0,31,1749.0,54214.0
2025-09-08,V034,Douala,Marché Deido,Second-Hand Clothing (Friperie),Monday,September,9,0,0,1,0,0,23,1948.0,44814.0
2025-09-09,V034,Douala,Marché Deido,Second-Hand Clothing (Friperie),Tuesday,September,9,0,0,1,0,0,20,2149.0,42988.0
2025-09-10,V034,Douala,Marché Deido,Second-Hand Clothing (Friperie),Wednesday,September,9,0,0,1,0,0,21,1776.0,37293.0
2025-09-11,V034,Douala,Marché Deido,Second-Hand Clothing (Friperie),Thursday,September,9,0,0,1,0,0,28,1564.0,43783.0
2025-09-12,V034,Douala,Marché Deido,Second-Hand Clothing (Friperie),Friday,September,9,0,0,1,0,0,31,1715.0,53178.0
2025-09-13,V034,Douala,Marché Deido,Second-Hand Clothing (Friperie),Saturday,September,9,1,0,1,0,0,32,1983.0,63462.0
2025-09-14,V034,Douala,Marché Deido,Second-Hand Clothing (Friperie),Sunday,September,9,1,0,1,0,0,27,1730.0,46714.0
2025-09-15,V034,Douala,Marché Deido,Second-Hand Clothing (Friperie),Monday,September,9,0,0,1,0,0,15,2142.0,32128.0
2025-09-16,V034,Douala,Marché Deido,Second-Hand Clothing (Friperie),Tuesday,September,9,0,0,1,0,0,18,1730.0,31138.0
2025-09-17,V034,Douala,Marché Deido,Second-Hand Clothing (Friperie),Wednesday,September,9,0,0,1,0,0,24,1863.0,44702.0
2025-09-18,V034,Douala,Marché Deido,Second-Hand Clothing (Friperie),Thursday,September,9,0,0,1,0,0,25,1594.0,39852.0
2025-09-19,V034,Douala,Marché Deido,Second-Hand Clothing (Friperie),Friday,September,9,0,0,1,0,0,35,1690.0,59152.0
2025-09-20,V034,Douala,Marché Deido,Second-Hand Clothing (Friperie),Saturday,September,9,1,0,1,1,0,48,1889.0,90669.0
2025-09-21,V034,Douala,Marché Deido,Second-Hand Clothing (Friperie),Sunday,September,9,1,0,1,0,0,31,1848.0,57285.0
2025-09-22,V034,Douala,Marché Deido,Second-Hand Clothing (Friperie),Monday,September,9,0,0,1,0,0,19,1979.0,37601.0
2025-09-23,V034,Douala,Marché Deido,Second-Hand Clothing (Friperie),Tuesday,September,9,0,0,1,0,0,31,1640.0,50831.0
2025-09-24,V034,Douala,Marché Deido,Second-Hand Clothing (Friperie),Wednesday,September,9,0,0,1,0,0,23,1936.0,44519.0
2025-09-25,V034,Douala,Marché Deido,Second-Hand Clothing (Friperie),Thursday,September,9,0,0,1,0,0,29,1577.0,45746.0
2025-09-26,V034,Douala,Marché Deido,Second-Hand Clothing (Friperie),Friday,September,9,0,0,1,0,0,42,1751.0,73540.0
2025-09-27,V034,Douala,Marché Deido,Second-Hand Clothing (Friperie),Saturday,September,9,1,0,1,0,0,30,1905.0,57154.0
2025-09-28,V034,Douala,Marché Deido,Second-Hand Clothing (Friperie),Sunday,September,9,1,0,1,0,1,49,1946.0,95331.0
2025-09-29,V034,Douala,Marché Deido,Second-Hand Clothing (Friperie),Monday,September,9,0,0,1,0,1,25,2028.0,50711.0
2025-09-30,V034,Douala,Marché Deido,Second-Hand Clothing (Friperie),Tuesday,September,9,0,0,1,0,1,32,1688.0,54023.0
2025-10-01,V034,Douala,Marché Deido,Second-Hand Clothing (Friperie),Wednesday,October,10,0,0,1,0,0,29,1904.0,55207.0
2025-10-02,V034,Douala,Marché Deido,Second-Hand Clothing (Friperie),Thursday,October,10,0,0,1,0,0,33,1592.0,52522.0
2025-10-03,V034,Douala,Marché Deido,Second-Hand Clothing (Friperie),Friday,October,10,0,0,1,0,0,24,1787.0,42880.0
2025-10-04,V034,Douala,Marché Deido,Second-Hand Clothing (Friperie),Saturday,October,10,1,0,1,1,0,48,1492.0,71616.0
2025-10-05,V034,Douala,Marché Deido,Second-Hand Clothing (Friperie),Sunday,October,10,1,0,1,0,0,41,1724.0,70684.0
2025-10-06,V034,Douala,Marché Deido,Second-Hand Clothing (Friperie),Monday,October,10,0,0,1,0,0,34,1611.0,54777.0
2025-10-07,V034,Douala,Marché Deido,Second-Hand Clothing (Friperie),Tuesday,October,10,0,0,1,0,0,29,1809.0,52457.0
2025-10-08,V034,Douala,Marché Deido,Second-Hand Clothing (Friperie),Wednesday,October,10,0,0,1,0,0,17,2076.0,35294.0
2025-10-09,V034,Douala,Marché Deido,Second-Hand Clothing (Friperie),Thursday,October,10,0,0,1,0,0,33,1712.0,56509.0
2025-10-10,V034,Douala,Marché Deido,Second-Hand Clothing (Friperie),Friday,October,10,0,0,1,0,0,49,1822.0,89300.0
2025-10-11,V034,Douala,Marché Deido,Second-Hand Clothing (Friperie),Saturday,October,10,1,0,1,0,0,33,1722.0,56841.0
2025-10-12,V034,Douala,Marché Deido,Second-Hand Clothing (Friperie),Sunday,October,10,1,0,1,0,0,31,1877.0,58172.0
2025-10-13,V034,Douala,Marché Deido,Second-Hand Clothing (Friperie),Monday,October,10,0,0,1,0,0,38,1731.0,65772.0
2025-10-14,V034,Douala,Marché Deido,Second-Hand Clothing (Friperie),Tuesday,October,10,0,0,1,0,0,21,1829.0,38414.0
2025-10-15,V034,Douala,Marché Deido,Second-Hand Clothing (Friperie),Wednesday,October,10,0,0,1,0,0,21,1644.0,34525.0
2025-10-16,V034,Douala,Marché Deido,Second-Hand Clothing (Friperie),Thursday,October,10,0,0,1,0,0,24,1733.0,41599.0
2025-10-17,V034,Douala,Marché Deido,Second-Hand Clothing (Friperie),Friday,October,10,0,0,1,0,0,29,1880.0,54533.0
2025-10-18,V034,Douala,Marché Deido,Second-Hand Clothing (Friperie),Saturday,October,10,1,0,1,1,0,41,1734.0,71083.0
2025-10-19,V034,Douala,Marché Deido,Second-Hand Clothing (Friperie),Sunday,October,10,1,0,1,0,0,30,2006.0,60190.0
2025-10-20,V034,Douala,Marché Deido,Second-Hand Clothing (Friperie),Monday,October,10,0,0,1,0,0,33,1664.0,54902.0
2025-10-21,V034,Douala,Marché Deido,Second-Hand Clothing (Friperie),Tuesday,October,10,0,0,1,0,0,22,2134.0,46941.0
2025-10-22,V034,Douala,Marché Deido,Second-Hand Clothing (Friperie),Wednesday,October,10,0,0,1,0,0,27,2036.0,54976.0
2025-10-23,V034,Douala,Marché Deido,Second-Hand Clothing (Friperie),Thursday,October,10,0,0,1,0,0,21,2103.0,44173.0
2025-10-24,V034,Douala,Marché Deido,Second-Hand Clothing (Friperie),Friday,October,10,0,0,1,0,0,28,1950.0,54610.0
2025-10-25,V034,Douala,Marché Deido,Second-Hand Clothing (Friperie),Saturday,October,10,1,0,1,0,0,45,1777.0,79944.0
2025-10-26,V034,Douala,Marché Deido,Second-Hand Clothing (Friperie),Sunday,October,10,1,0,1,0,0,24,1966.0,47189.0
2025-10-27,V034,Douala,Marché Deido,Second-Hand Clothing (Friperie),Monday,October,10,0,0,1,0,0,26,1669.0,43395.0
2025-10-28,V034,Douala,Marché Deido,Second-Hand Clothing (Friperie),Tuesday,October,10,0,0,1,0,0,21,1890.0,39695.0
2025-10-29,V034,Douala,Marché Deido,Second-Hand Clothing (Friperie),Wednesday,October,10,0,0,1,0,1,35,1802.0,63065.0
2025-10-30,V034,Douala,Marché Deido,Second-Hand Clothing (Friperie),Thursday,October,10,0,0,1,0,1,24,1866.0,44791.0
2025-10-31,V034,Douala,Marché Deido,Second-Hand Clothing (Friperie),Friday,October,10,0,0,1,0,1,38,1924.0,73115.0
2025-11-01,V034,Douala,Marché Deido,Second-Hand Clothing (Friperie),Saturday,November,11,1,0,0,1,0,70,1754.0,122750.0
2025-11-02,V034,Douala,Marché Deido,Second-Hand Clothing (Friperie),Sunday,November,11,1,0,0,0,0,30,1641.0,49239.0
2025-11-03,V034,Douala,Marché Deido,Second-Hand Clothing (Friperie),Monday,November,11,0,0,0,0,0,28,1650.0,46191.0
2025-11-04,V034,Douala,Marché Deido,Second-Hand Clothing (Friperie),Tuesday,November,11,0,0,0,0,0,26,1861.0,48396.0
2025-11-05,V034,Douala,Marché Deido,Second-Hand Clothing (Friperie),Wednesday,November,11,0,0,0,0,0,20,2328.0,46556.0
2025-11-06,V034,Douala,Marché Deido,Second-Hand Clothing (Friperie),Thursday,November,11,0,0,0,0,0,32,1915.0,61274.0
2025-11-07,V034,Douala,Marché Deido,Second-Hand Clothing (Friperie),Friday,November,11,0,0,0,0,0,45,1674.0,75333.0
2025-11-08,V034,Douala,Marché Deido,Second-Hand Clothing (Friperie),Saturday,November,11,1,0,0,0,0,37,1895.0,70105.0
2025-11-09,V034,Douala,Marché Deido,Second-Hand Clothing (Friperie),Sunday,November,11,1,0,0,0,0,39,1860.0,72533.0
2025-11-10,V034,Douala,Marché Deido,Second-Hand Clothing (Friperie),Monday,November,11,0,0,0,0,0,30,1899.0,56968.0
2025-11-11,V034,Douala,Marché Deido,Second-Hand Clothing (Friperie),Tuesday,November,11,0,0,0,0,0,33,1855.0,61208.0
2025-11-12,V034,Douala,Marché Deido,Second-Hand Clothing (Friperie),Wednesday,November,11,0,0,0,0,0,30,1733.0,51975.0
2025-11-13,V034,Douala,Marché Deido,Second-Hand Clothing (Friperie),Thursday,November,11,0,0,0,0,0,33,1723.0,56858.0
2025-11-14,V034,Douala,Marché Deido,Second-Hand Clothing (Friperie),Friday,November,11,0,0,0,0,0,26,1876.0,48768.0
2025-11-15,V034,Douala,Marché Deido,Second-Hand Clothing (Friperie),Saturday,November,11,1,0,0,1,0,50,1857.0,92837.0
2025-11-16,V034,Douala,Marché Deido,Second-Hand Clothing (Friperie),Sunday,November,11,1,0,0,0,0,39,1847.0,72051.0
2025-11-17,V034,Douala,Marché Deido,Second-Hand Clothing (Friperie),Monday,November,11,0,0,0,0,0,23,1703.0,39172.0
2025-11-18,V034,Douala,Marché Deido,Second-Hand Clothing (Friperie),Tuesday,November,11,0,0,0,0,0,19,2060.0,39143.0
2025-11-19,V034,Douala,Marché Deido,Second-Hand Clothing (Friperie),Wednesday,November,11,0,0,0,0,0,32,1677.0,53668.0
2025-11-20,V034,Douala,Marché Deido,Second-Hand Clothing (Friperie),Thursday,November,11,0,0,0,0,0,26,2053.0,53388.0
2025-11-21,V034,Douala,Marché Deido,Second-Hand Clothing (Friperie),Friday,November,11,0,0,0,0,0,38,1887.0,71697.0
2025-11-22,V034,Douala,Marché Deido,Second-Hand Clothing (Friperie),Saturday,November,11,1,0,0,0,0,52,1830.0,95172.0
2025-11-23,V034,Douala,Marché Deido,Second-Hand Clothing (Friperie),Sunday,November,11,1,0,0,0,0,40,1858.0,74332.0
2025-11-24,V034,Douala,Marché Deido,Second-Hand Clothing (Friperie),Monday,November,11,0,0,0,0,0,18,2206.0,39702.0
2025-11-25,V034,Douala,Marché Deido,Second-Hand Clothing (Friperie),Tuesday,November,11,0,0,0,0,0,23,1824.0,41958.0
2025-11-26,V034,Douala,Marché Deido,Second-Hand Clothing (Friperie),Wednesday,November,11,0,0,0,0,0,28,1781.0,49869.0
2025-11-27,V034,Douala,Marché Deido,Second-Hand Clothing (Friperie),Thursday,November,11,0,0,0,0,0,36,1802.0,64873.0
2025-11-28,V034,Douala,Marché Deido,Second-Hand Clothing (Friperie),Friday,November,11,0,0,0,0,1,43,1716.0,73781.0
2025-11-29,V034,Douala,Marché Deido,Second-Hand Clothing (Friperie),Saturday,November,11,1,0,0,0,1,49,1903.0,93251.0
2025-11-30,V034,Douala,Marché Deido,Second-Hand Clothing (Friperie),Sunday,November,11,1,0,0,0,1,30,2111.0,63333.0
2025-12-01,V034,Douala,Marché Deido,Second-Hand Clothing (Friperie),Monday,December,12,0,0,0,0,0,17,2233.0,37969.0
2025-12-02,V034,Douala,Marché Deido,Second-Hand Clothing (Friperie),Tuesday,December,12,0,0,0,0,0,30,1678.0,50329.0
2025-12-03,V034,Douala,Marché Deido,Second-Hand Clothing (Friperie),Wednesday,December,12,0,0,0,0,0,21,1969.0,41346.0
2025-12-04,V034,Douala,Marché Deido,Second-Hand Clothing (Friperie),Thursday,December,12,0,0,0,0,0,33,1862.0,61452.0
2025-12-05,V034,Douala,Marché Deido,Second-Hand Clothing (Friperie),Friday,December,12,0,0,0,0,0,38,1747.0,66378.0
2025-12-06,V034,Douala,Marché Deido,Second-Hand Clothing (Friperie),Saturday,December,12,1,0,0,1,0,43,1879.0,80803.0
2025-12-07,V034,Douala,Marché Deido,Second-Hand Clothing (Friperie),Sunday,December,12,1,0,0,0,0,27,2046.0,55229.0
2025-12-08,V034,Douala,Marché Deido,Second-Hand Clothing (Friperie),Monday,December,12,0,0,0,0,0,28,1752.0,49057.0
2025-12-09,V034,Douala,Marché Deido,Second-Hand Clothing (Friperie),Tuesday,December,12,0,0,0,0,0,29,1653.0,47930.0
2025-12-10,V034,Douala,Marché Deido,Second-Hand Clothing (Friperie),Wednesday,December,12,0,0,0,0,0,27,1731.0,46727.0
2025-12-11,V034,Douala,Marché Deido,Second-Hand Clothing (Friperie),Thursday,December,12,0,0,0,0,0,29,1952.0,56596.0
2025-12-12,V034,Douala,Marché Deido,Second-Hand Clothing (Friperie),Friday,December,12,0,0,0,0,0,43,1815.0,78025.0
2025-12-13,V034,Douala,Marché Deido,Second-Hand Clothing (Friperie),Saturday,December,12,1,0,0,0,0,48,1931.0,92701.0
2025-12-14,V034,Douala,Marché Deido,Second-Hand Clothing (Friperie),Sunday,December,12,1,0,0,0,0,33,1870.0,61707.0
2025-12-15,V034,Douala,Marché Deido,Second-Hand Clothing (Friperie),Monday,December,12,0,0,0,0,0,24,1607.0,38556.0
2025-12-16,V034,Douala,Marché Deido,Second-Hand Clothing (Friperie),Tuesday,December,12,0,0,0,0,0,24,2039.0,48938.0
2025-12-17,V034,Douala,Marché Deido,Second-Hand Clothing (Friperie),Wednesday,December,12,0,0,0,0,0,26,1722.0,44782.0
2025-12-18,V034,Douala,Marché Deido,Second-Hand Clothing (Friperie),Thursday,December,12,0,0,0,0,0,22,2022.0,44477.0
2025-12-19,V034,Douala,Marché Deido,Second-Hand Clothing (Friperie),Friday,December,12,0,0,0,0,0,35,1764.0,61725.0
2025-12-20,V034,Douala,Marché Deido,Second-Hand Clothing (Friperie),Saturday,December,12,1,0,0,1,0,45,1789.0,80509.0
2025-12-21,V034,Douala,Marché Deido,Second-Hand Clothing (Friperie),Sunday,December,12,1,0,0,0,0,34,1791.0,60880.0
2025-12-22,V034,Douala,Marché Deido,Second-Hand Clothing (Friperie),Monday,December,12,0,0,0,0,0,16,1822.0,29152.0
2025-12-23,V034,Douala,Marché Deido,Second-Hand Clothing (Friperie),Tuesday,December,12,0,0,0,0,0,25,1807.0,45163.0
2025-12-24,V034,Douala,Marché Deido,Second-Hand Clothing (Friperie),Wednesday,December,12,0,0,0,0,0,23,1893.0,43538.0
2025-12-25,V034,Douala,Marché Deido,Second-Hand Clothing (Friperie),Thursday,December,12,0,1,0,0,0,42,1699.0,71349.0
2025-12-26,V034,Douala,Marché Deido,Second-Hand Clothing (Friperie),Friday,December,12,0,0,0,0,0,28,1783.0,49935.0
2025-12-27,V034,Douala,Marché Deido,Second-Hand Clothing (Friperie),Saturday,December,12,1,0,0,0,0,55,1762.0,96886.0
2025-12-28,V034,Douala,Marché Deido,Second-Hand Clothing (Friperie),Sunday,December,12,1,0,0,0,0,40,1861.0,74447.0
2025-12-29,V034,Douala,Marché Deido,Second-Hand Clothing (Friperie),Monday,December,12,0,0,0,0,1,34,1899.0,64571.0
2025-12-30,V034,Douala,Marché Deido,Second-Hand Clothing (Friperie),Tuesday,December,12,0,0,0,0,1,29,1892.0,54876.0
2025-12-31,V034,Douala,Marché Deido,Second-Hand Clothing (Friperie),Wednesday,December,12,0,0,0,0,1,25,2073.0,51826.0
2026-01-01,V034,Douala,Marché Deido,Second-Hand Clothing (Friperie),Thursday,January,1,0,1,0,0,0,27,1683.0,45454.0
2026-01-02,V034,Douala,Marché Deido,Second-Hand Clothing (Friperie),Friday,January,1,0,0,0,0,0,25,1834.0,45848.0
2026-01-03,V034,Douala,Marché Deido,Second-Hand Clothing (Friperie),Saturday,January,1,1,0,0,1,0,38,1912.0,72649.0
2026-01-04,V034,Douala,Marché Deido,Second-Hand Clothing (Friperie),Sunday,January,1,1,0,0,0,0,38,1801.0,68430.0
2026-01-05,V034,Douala,Marché Deido,Second-Hand Clothing (Friperie),Monday,January,1,0,0,0,0,0,26,1689.0,43926.0
2026-01-06,V034,Douala,Marché Deido,Second-Hand Clothing (Friperie),Tuesday,January,1,0,0,0,0,0,27,1661.0,44847.0
2026-01-07,V034,Douala,Marché Deido,Second-Hand Clothing (Friperie),Wednesday,January,1,0,0,0,0,0,20,2020.0,40400.0
2026-01-08,V034,Douala,Marché Deido,Second-Hand Clothing (Friperie),Thursday,January,1,0,0,0,0,0,28,1807.0,50583.0
2026-01-09,V034,Douala,Marché Deido,Second-Hand Clothing (Friperie),Friday,January,1,0,0,0,0,0,29,1873.0,54307.0
2026-01-10,V034,Douala,Marché Deido,Second-Hand Clothing (Friperie),Saturday,January,1,1,0,0,0,0,54,1842.0,99445.0
2026-01-11,V034,Douala,Marché Deido,Second-Hand Clothing (Friperie),Sunday,January,1,1,0,0,0,0,20,2135.0,42695.0
2026-01-12,V034,Douala,Marché Deido,Second-Hand Clothing (Friperie),Monday,January,1,0,0,0,0,0,39,1678.0,65430.0
2026-01-13,V034,Douala,Marché Deido,Second-Hand Clothing (Friperie),Tuesday,January,1,0,0,0,0,0,25,1747.0,43681.0
2026-01-14,V034,Douala,Marché Deido,Second-Hand Clothing (Friperie),Wednesday,January,1,0,0,0,0,0,31,1656.0,51326.0
2026-01-15,V034,Douala,Marché Deido,Second-Hand Clothing (Friperie),Thursday,January,1,0,0,0,0,0,21,2036.0,42763.0
2026-01-16,V034,Douala,Marché Deido,Second-Hand Clothing (Friperie),Friday,January,1,0,0,0,0,0,41,1960.0,80370.0
2026-01-17,V034,Douala,Marché Deido,Second-Hand Clothing (Friperie),Saturday,January,1,1,0,0,1,0,51,1822.0,92947.0
2026-01-18,V034,Douala,Marché Deido,Second-Hand Clothing (Friperie),Sunday,January,1,1,0,0,0,0,38,1833.0,69672.0
2026-01-19,V034,Douala,Marché Deido,Second-Hand Clothing (Friperie),Monday,January,1,0,0,0,0,0,23,1908.0,43887.0
2026-01-20,V034,Douala,Marché Deido,Second-Hand Clothing (Friperie),Tuesday,January,1,0,0,0,0,0,21,1881.0,39501.0
2026-01-21,V034,Douala,Marché Deido,Second-Hand Clothing (Friperie),Wednesday,January,1,0,0,0,0,0,32,1888.0,60403.0
2026-01-22,V034,Douala,Marché Deido,Second-Hand Clothing (Friperie),Thursday,January,1,0,0,0,0,0,38,1758.0,66794.0
2026-01-23,V034,Douala,Marché Deido,Second-Hand Clothing (Friperie),Friday,January,1,0,0,0,0,0,38,1817.0,69057.0
2026-01-24,V034,Douala,Marché Deido,Second-Hand Clothing (Friperie),Saturday,January,1,1,0,0,0,0,41,1694.0,69466.0
2026-01-25,V034,Douala,Marché Deido,Second-Hand Clothing (Friperie),Sunday,January,1,1,0,0,0,0,38,1837.0,69789.0
2026-01-26,V034,Douala,Marché Deido,Second-Hand Clothing (Friperie),Monday,January,1,0,0,0,0,0,35,1743.0,61021.0
2026-01-27,V034,Douala,Marché Deido,Second-Hand Clothing (Friperie),Tuesday,January,1,0,0,0,0,0,19,1926.0,36587.0
2026-01-28,V034,Douala,Marché Deido,Second-Hand Clothing (Friperie),Wednesday,January,1,0,0,0,0,0,34,1642.0,55824.0
2026-01-29,V034,Douala,Marché Deido,Second-Hand Clothing (Friperie),Thursday,January,1,0,0,0,0,1,50,1824.0,91221.0
2026-01-30,V034,Douala,Marché Deido,Second-Hand Clothing (Friperie),Friday,January,1,0,0,0,0,1,44,1851.0,81438.0
2026-01-31,V034,Douala,Marché Deido,Second-Hand Clothing (Friperie),Saturday,January,1,1,0,0,0,1,38,2007.0,76247.0
2026-02-01,V034,Douala,Marché Deido,Second-Hand Clothing (Friperie),Sunday,February,2,1,0,0,0,0,38,1708.0,64899.0
2026-02-02,V034,Douala,Marché Deido,Second-Hand Clothing (Friperie),Monday,February,2,0,0,0,0,0,28,1846.0,51678.0
2026-02-03,V034,Douala,Marché Deido,Second-Hand Clothing (Friperie),Tuesday,February,2,0,0,0,0,0,38,1550.0,58888.0
2026-02-04,V034,Douala,Marché Deido,Second-Hand Clothing (Friperie),Wednesday,February,2,0,0,0,0,0,18,2343.0,42166.0
2026-02-05,V034,Douala,Marché Deido,Second-Hand Clothing (Friperie),Thursday,February,2,0,0,0,0,0,32,1724.0,55153.0
2026-02-06,V034,Douala,Marché Deido,Second-Hand Clothing (Friperie),Friday,February,2,0,0,0,0,0,28,1713.0,47973.0
2026-02-07,V034,Douala,Marché Deido,Second-Hand Clothing (Friperie),Saturday,February,2,1,0,0,1,0,48,1800.0,86382.0
2026-02-08,V034,Douala,Marché Deido,Second-Hand Clothing (Friperie),Sunday,February,2,1,0,0,0,0,26,1972.0,51275.0
2026-02-09,V034,Douala,Marché Deido,Second-Hand Clothing (Friperie),Monday,February,2,0,0,0,0,0,21,1754.0,36839.0
2026-02-10,V034,Douala,Marché Deido,Second-Hand Clothing (Friperie),Tuesday,February,2,0,0,0,0,0,23,1836.0,42225.0
2026-02-11,V034,Douala,Marché Deido,Second-Hand Clothing (Friperie),Wednesday,February,2,0,1,0,0,0,31,1985.0,61546.0
2026-02-12,V034,Douala,Marché Deido,Second-Hand Clothing (Friperie),Thursday,February,2,0,0,0,0,0,29,1813.0,52572.0
2026-02-13,V034,Douala,Marché Deido,Second-Hand Clothing (Friperie),Friday,February,2,0,0,0,0,0,45,1705.0,76740.0
2026-02-14,V034,Douala,Marché Deido,Second-Hand Clothing (Friperie),Saturday,February,2,1,0,0,0,0,36,1798.0,64744.0
2026-02-15,V034,Douala,Marché Deido,Second-Hand Clothing (Friperie),Sunday,February,2,1,0,0,0,0,24,1691.0,40590.0
2026-02-16,V034,Douala,Marché Deido,Second-Hand Clothing (Friperie),Monday,February,2,0,0,0,0,0,25,2190.0,54757.0
2026-02-17,V034,Douala,Marché Deido,Second-Hand Clothing (Friperie),Tuesday,February,2,0,0,0,0,0,22,2020.0,44449.0
2026-02-18,V034,Douala,Marché Deido,Second-Hand Clothing (Friperie),Wednesday,February,2,0,0,0,0,0,24,1919.0,46054.0
2026-02-19,V034,Douala,Marché Deido,Second-Hand Clothing (Friperie),Thursday,February,2,0,0,0,0,0,30,1715.0,51451.0
2026-02-20,V034,Douala,Marché Deido,Second-Hand Clothing (Friperie),Friday,February,2,0,0,0,0,0,31,1932.0,59900.0
2026-02-21,V034,Douala,Marché Deido,Second-Hand Clothing (Friperie),Saturday,February,2,1,0,0,1,0,48,1845.0,88578.0
2026-02-22,V034,Douala,Marché Deido,Second-Hand Clothing (Friperie),Sunday,February,2,1,0,0,0,0,31,1921.0,59564.0
2026-02-23,V034,Douala,Marché Deido,Second-Hand Clothing (Friperie),Monday,February,2,0,0,0,0,0,29,1654.0,47974.0
2026-02-24,V034,Douala,Marché Deido,Second-Hand Clothing (Friperie),Tuesday,February,2,0,0,0,0,0,21,1790.0,37599.0
2026-02-25,V034,Douala,Marché Deido,Second-Hand Clothing (Friperie),Wednesday,February,2,0,0,0,0,0,31,1878.0,58211.0
2026-02-26,V034,Douala,Marché Deido,Second-Hand Clothing (Friperie),Thursday,February,2,0,0,0,0,1,41,1822.0,74712.0
2026-02-27,V034,Douala,Marché Deido,Second-Hand Clothing (Friperie),Friday,February,2,0,0,0,0,1,30,1984.0,59516.0
2026-02-28,V034,Douala,Marché Deido,Second-Hand Clothing (Friperie),Saturday,February,2,1,0,0,0,1,58,1776.0,103026.0
2026-03-01,V034,Douala,Marché Deido,Second-Hand Clothing (Friperie),Sunday,March,3,1,0,0,0,0,45,1782.0,80175.0
2026-03-02,V034,Douala,Marché Deido,Second-Hand Clothing (Friperie),Monday,March,3,0,0,0,0,0,25,1766.0,44145.0
2026-03-03,V034,Douala,Marché Deido,Second-Hand Clothing (Friperie),Tuesday,March,3,0,0,0,0,0,25,1915.0,47864.0
2026-03-04,V034,Douala,Marché Deido,Second-Hand Clothing (Friperie),Wednesday,March,3,0,0,0,0,0,21,2113.0,44365.0
2026-03-05,V034,Douala,Marché Deido,Second-Hand Clothing (Friperie),Thursday,March,3,0,0,0,0,0,25,1815.0,45372.0
2026-03-06,V034,Douala,Marché Deido,Second-Hand Clothing (Friperie),Friday,March,3,0,0,0,0,0,20,1947.0,38941.0
2026-03-07,V034,Douala,Marché Deido,Second-Hand Clothing (Friperie),Saturday,March,3,1,0,0,1,0,62,1747.0,108328.0
2026-03-08,V034,Douala,Marché Deido,Second-Hand Clothing (Friperie),Sunday,March,3,1,1,0,0,0,37,1859.0,68775.0
2026-03-09,V034,Douala,Marché Deido,Second-Hand Clothing (Friperie),Monday,March,3,0,0,0,0,0,20,1974.0,39480.0
2026-03-10,V034,Douala,Marché Deido,Second-Hand Clothing (Friperie),Tuesday,March,3,0,0,0,0,0,35,1658.0,58036.0
2026-03-11,V034,Douala,Marché Deido,Second-Hand Clothing (Friperie),Wednesday,March,3,0,0,0,0,0,18,2008.0,36140.0
2026-03-12,V034,Douala,Marché Deido,Second-Hand Clothing (Friperie),Thursday,March,3,0,0,0,0,0,20,1854.0,37079.0
2026-03-13,V034,Douala,Marché Deido,Second-Hand Clothing (Friperie),Friday,March,3,0,0,0,0,0,32,1814.0,58047.0
2026-03-14,V034,Douala,Marché Deido,Second-Hand Clothing (Friperie),Saturday,March,3,1,0,0,0,0,49,1789.0,87648.0
2026-03-15,V034,Douala,Marché Deido,Second-Hand Clothing (Friperie),Sunday,March,3,1,0,0,0,0,24,1874.0,44987.0
2026-03-16,V034,Douala,Marché Deido,Second-Hand Clothing (Friperie),Monday,March,3,0,0,0,0,0,21,1577.0,33121.0
2026-03-17,V034,Douala,Marché Deido,Second-Hand Clothing (Friperie),Tuesday,March,3,0,0,0,0,0,21,2111.0,44325.0
2026-03-18,V034,Douala,Marché Deido,Second-Hand Clothing (Friperie),Wednesday,March,3,0,0,0,0,0,25,1776.0,44405.0
2026-03-19,V034,Douala,Marché Deido,Second-Hand Clothing (Friperie),Thursday,March,3,0,0,0,0,0,35,1691.0,59173.0
2026-03-20,V034,Douala,Marché Deido,Second-Hand Clothing (Friperie),Friday,March,3,0,0,0,0,0,34,1885.0,64102.0
2026-03-21,V034,Douala,Marché Deido,Second-Hand Clothing (Friperie),Saturday,March,3,1,0,0,1,0,58,1790.0,103832.0
2026-03-22,V034,Douala,Marché Deido,Second-Hand Clothing (Friperie),Sunday,March,3,1,0,0,0,0,35,1766.0,61807.0
2026-03-23,V034,Douala,Marché Deido,Second-Hand Clothing (Friperie),Monday,March,3,0,0,0,0,0,22,1830.0,40267.0
2026-03-24,V034,Douala,Marché Deido,Second-Hand Clothing (Friperie),Tuesday,March,3,0,0,0,0,0,20,1638.0,32768.0
2026-03-25,V034,Douala,Marché Deido,Second-Hand Clothing (Friperie),Wednesday,March,3,0,0,0,0,0,27,1660.0,44827.0
2026-03-26,V034,Douala,Marché Deido,Second-Hand Clothing (Friperie),Thursday,March,3,0,0,0,0,0,26,1772.0,46080.0
2026-03-27,V034,Douala,Marché Deido,Second-Hand Clothing (Friperie),Friday,March,3,0,0,0,0,0,34,1883.0,64008.0
2026-03-28,V034,Douala,Marché Deido,Second-Hand Clothing (Friperie),Saturday,March,3,1,0,0,0,0,49,1731.0,84799.0
2026-03-29,V034,Douala,Marché Deido,Second-Hand Clothing (Friperie),Sunday,March,3,1,0,0,0,1,54,1778.0,96020.0
2026-03-30,V034,Douala,Marché Deido,Second-Hand Clothing (Friperie),Monday,March,3,0,0,0,0,1,20,2078.0,41568.0
2026-03-31,V034,Douala,Marché Deido,Second-Hand Clothing (Friperie),Tuesday,March,3,0,0,0,0,1,35,1906.0,66697.0
2025-09-01,V035,Douala,Marché Sandaga,Second-Hand Clothing (Friperie),Monday,September,9,0,0,1,0,0,16,1949.0,31184.0
2025-09-02,V035,Douala,Marché Sandaga,Second-Hand Clothing (Friperie),Tuesday,September,9,0,0,1,0,0,27,1739.0,46954.0
2025-09-03,V035,Douala,Marché Sandaga,Second-Hand Clothing (Friperie),Wednesday,September,9,0,0,1,0,0,29,1837.0,53268.0
2025-09-04,V035,Douala,Marché Sandaga,Second-Hand Clothing (Friperie),Thursday,September,9,0,0,1,0,0,17,2114.0,35946.0
2025-09-05,V035,Douala,Marché Sandaga,Second-Hand Clothing (Friperie),Friday,September,9,0,0,1,0,0,28,1869.0,52332.0
2025-09-06,V035,Douala,Marché Sandaga,Second-Hand Clothing (Friperie),Saturday,September,9,1,0,1,1,0,41,1843.0,75547.0
2025-09-07,V035,Douala,Marché Sandaga,Second-Hand Clothing (Friperie),Sunday,September,9,1,0,1,0,0,32,1816.0,58101.0
2025-09-08,V035,Douala,Marché Sandaga,Second-Hand Clothing (Friperie),Monday,September,9,0,0,1,0,0,18,1763.0,31737.0
2025-09-09,V035,Douala,Marché Sandaga,Second-Hand Clothing (Friperie),Tuesday,September,9,0,0,1,0,0,12,2649.0,31786.0
2025-09-10,V035,Douala,Marché Sandaga,Second-Hand Clothing (Friperie),Wednesday,September,9,0,0,1,0,0,21,1851.0,38862.0
2025-09-11,V035,Douala,Marché Sandaga,Second-Hand Clothing (Friperie),Thursday,September,9,0,0,1,0,0,28,1924.0,53861.0
2025-09-12,V035,Douala,Marché Sandaga,Second-Hand Clothing (Friperie),Friday,September,9,0,0,1,0,0,24,1905.0,45718.0
2025-09-13,V035,Douala,Marché Sandaga,Second-Hand Clothing (Friperie),Saturday,September,9,1,0,1,0,0,29,2107.0,61091.0
2025-09-14,V035,Douala,Marché Sandaga,Second-Hand Clothing (Friperie),Sunday,September,9,1,0,1,0,0,24,1568.0,37633.0
2025-09-15,V035,Douala,Marché Sandaga,Second-Hand Clothing (Friperie),Monday,September,9,0,0,1,0,0,8,3147.0,25178.0
2025-09-16,V035,Douala,Marché Sandaga,Second-Hand Clothing (Friperie),Tuesday,September,9,0,0,1,0,0,23,1684.0,38734.0
2025-09-17,V035,Douala,Marché Sandaga,Second-Hand Clothing (Friperie),Wednesday,September,9,0,0,1,0,0,19,1896.0,36016.0
2025-09-18,V035,Douala,Marché Sandaga,Second-Hand Clothing (Friperie),Thursday,September,9,0,0,1,0,0,27,1762.0,47578.0
2025-09-19,V035,Douala,Marché Sandaga,Second-Hand Clothing (Friperie),Friday,September,9,0,0,1,0,0,24,1962.0,47094.0
2025-09-20,V035,Douala,Marché Sandaga,Second-Hand Clothing (Friperie),Saturday,September,9,1,0,1,1,0,46,1836.0,84462.0
2025-09-21,V035,Douala,Marché Sandaga,Second-Hand Clothing (Friperie),Sunday,September,9,1,0,1,0,0,16,2101.0,33613.0
2025-09-22,V035,Douala,Marché Sandaga,Second-Hand Clothing (Friperie),Monday,September,9,0,0,1,0,0,16,1874.0,29978.0
2025-09-23,V035,Douala,Marché Sandaga,Second-Hand Clothing (Friperie),Tuesday,September,9,0,0,1,0,0,19,1892.0,35943.0
2025-09-24,V035,Douala,Marché Sandaga,Second-Hand Clothing (Friperie),Wednesday,September,9,0,0,1,0,0,25,1596.0,39894.0
2025-09-25,V035,Douala,Marché Sandaga,Second-Hand Clothing (Friperie),Thursday,September,9,0,0,1,0,0,17,1914.0,32530.0
2025-09-26,V035,Douala,Marché Sandaga,Second-Hand Clothing (Friperie),Friday,September,9,0,0,1,0,0,26,1801.0,46814.0
2025-09-27,V035,Douala,Marché Sandaga,Second-Hand Clothing (Friperie),Saturday,September,9,1,0,1,0,0,28,1926.0,53920.0
2025-09-28,V035,Douala,Marché Sandaga,Second-Hand Clothing (Friperie),Sunday,September,9,1,0,1,0,1,23,1817.0,41780.0
2025-09-29,V035,Douala,Marché Sandaga,Second-Hand Clothing (Friperie),Monday,September,9,0,0,1,0,1,21,1665.0,34959.0
2025-09-30,V035,Douala,Marché Sandaga,Second-Hand Clothing (Friperie),Tuesday,September,9,0,0,1,0,1,20,1882.0,37633.0
2025-10-01,V035,Douala,Marché Sandaga,Second-Hand Clothing (Friperie),Wednesday,October,10,0,0,1,0,0,17,1693.0,28780.0
2025-10-02,V035,Douala,Marché Sandaga,Second-Hand Clothing (Friperie),Thursday,October,10,0,0,1,0,0,19,1996.0,37926.0
2025-10-03,V035,Douala,Marché Sandaga,Second-Hand Clothing (Friperie),Friday,October,10,0,0,1,0,0,22,1820.0,40050.0
2025-10-04,V035,Douala,Marché Sandaga,Second-Hand Clothing (Friperie),Saturday,October,10,1,0,1,1,0,26,2209.0,57421.0
2025-10-05,V035,Douala,Marché Sandaga,Second-Hand Clothing (Friperie),Sunday,October,10,1,0,1,0,0,23,2130.0,48994.0
2025-10-06,V035,Douala,Marché Sandaga,Second-Hand Clothing (Friperie),Monday,October,10,0,0,1,0,0,22,1891.0,41604.0
2025-10-07,V035,Douala,Marché Sandaga,Second-Hand Clothing (Friperie),Tuesday,October,10,0,0,1,0,0,21,1895.0,39794.0
2025-10-08,V035,Douala,Marché Sandaga,Second-Hand Clothing (Friperie),Wednesday,October,10,0,0,1,0,0,14,2111.0,29556.0
2025-10-09,V035,Douala,Marché Sandaga,Second-Hand Clothing (Friperie),Thursday,October,10,0,0,1,0,0,23,1779.0,40924.0
2025-10-10,V035,Douala,Marché Sandaga,Second-Hand Clothing (Friperie),Friday,October,10,0,0,1,0,0,19,2212.0,42028.0
2025-10-11,V035,Douala,Marché Sandaga,Second-Hand Clothing (Friperie),Saturday,October,10,1,0,1,0,0,35,1656.0,57962.0
2025-10-12,V035,Douala,Marché Sandaga,Second-Hand Clothing (Friperie),Sunday,October,10,1,0,1,0,0,28,1730.0,48439.0
2025-10-13,V035,Douala,Marché Sandaga,Second-Hand Clothing (Friperie),Monday,October,10,0,0,1,0,0,14,2511.0,35149.0
2025-10-14,V035,Douala,Marché Sandaga,Second-Hand Clothing (Friperie),Tuesday,October,10,0,0,1,0,0,17,1756.0,29853.0
2025-10-15,V035,Douala,Marché Sandaga,Second-Hand Clothing (Friperie),Wednesday,October,10,0,0,1,0,0,23,1625.0,37377.0
2025-10-16,V035,Douala,Marché Sandaga,Second-Hand Clothing (Friperie),Thursday,October,10,0,0,1,0,0,23,1878.0,43202.0
2025-10-17,V035,Douala,Marché Sandaga,Second-Hand Clothing (Friperie),Friday,October,10,0,0,1,0,0,22,1719.0,37810.0
2025-10-18,V035,Douala,Marché Sandaga,Second-Hand Clothing (Friperie),Saturday,October,10,1,0,1,1,0,44,1835.0,80753.0
2025-10-19,V035,Douala,Marché Sandaga,Second-Hand Clothing (Friperie),Sunday,October,10,1,0,1,0,0,13,2298.0,29870.0
2025-10-20,V035,Douala,Marché Sandaga,Second-Hand Clothing (Friperie),Monday,October,10,0,0,1,0,0,14,1440.0,20157.0
2025-10-21,V035,Douala,Marché Sandaga,Second-Hand Clothing (Friperie),Tuesday,October,10,0,0,1,0,0,14,2005.0,28075.0
2025-10-22,V035,Douala,Marché Sandaga,Second-Hand Clothing (Friperie),Wednesday,October,10,0,0,1,0,0,28,1770.0,49557.0
2025-10-23,V035,Douala,Marché Sandaga,Second-Hand Clothing (Friperie),Thursday,October,10,0,0,1,0,0,17,2012.0,34205.0
2025-10-24,V035,Douala,Marché Sandaga,Second-Hand Clothing (Friperie),Friday,October,10,0,0,1,0,0,32,1846.0,59058.0
2025-10-25,V035,Douala,Marché Sandaga,Second-Hand Clothing (Friperie),Saturday,October,10,1,0,1,0,0,38,1927.0,73211.0
2025-10-26,V035,Douala,Marché Sandaga,Second-Hand Clothing (Friperie),Sunday,October,10,1,0,1,0,0,25,1991.0,49768.0
2025-10-27,V035,Douala,Marché Sandaga,Second-Hand Clothing (Friperie),Monday,October,10,0,0,1,0,0,22,1687.0,37109.0
2025-10-28,V035,Douala,Marché Sandaga,Second-Hand Clothing (Friperie),Tuesday,October,10,0,0,1,0,0,16,2014.0,32217.0
2025-10-29,V035,Douala,Marché Sandaga,Second-Hand Clothing (Friperie),Wednesday,October,10,0,0,1,0,1,18,1952.0,35141.0
2025-10-30,V035,Douala,Marché Sandaga,Second-Hand Clothing (Friperie),Thursday,October,10,0,0,1,0,1,30,1696.0,50885.0
2025-10-31,V035,Douala,Marché Sandaga,Second-Hand Clothing (Friperie),Friday,October,10,0,0,1,0,1,24,1783.0,42786.0
2025-11-01,V035,Douala,Marché Sandaga,Second-Hand Clothing (Friperie),Saturday,November,11,1,0,0,1,0,30,2101.0,63015.0
2025-11-02,V035,Douala,Marché Sandaga,Second-Hand Clothing (Friperie),Sunday,November,11,1,0,0,0,0,28,1790.0,50110.0
2025-11-03,V035,Douala,Marché Sandaga,Second-Hand Clothing (Friperie),Monday,November,11,0,0,0,0,0,20,1933.0,38667.0
2025-11-04,V035,Douala,Marché Sandaga,Second-Hand Clothing (Friperie),Tuesday,November,11,0,0,0,0,0,18,1788.0,32184.0
2025-11-05,V035,Douala,Marché Sandaga,Second-Hand Clothing (Friperie),Wednesday,November,11,0,0,0,0,0,28,1802.0,50458.0
2025-11-06,V035,Douala,Marché Sandaga,Second-Hand Clothing (Friperie),Thursday,November,11,0,0,0,0,0,23,1908.0,43874.0
2025-11-07,V035,Douala,Marché Sandaga,Second-Hand Clothing (Friperie),Friday,November,11,0,0,0,0,0,22,1710.0,37626.0
2025-11-08,V035,Douala,Marché Sandaga,Second-Hand Clothing (Friperie),Saturday,November,11,1,0,0,0,0,41,1751.0,71799.0
2025-11-09,V035,Douala,Marché Sandaga,Second-Hand Clothing (Friperie),Sunday,November,11,1,0,0,0,0,26,1765.0,45892.0
2025-11-10,V035,Douala,Marché Sandaga,Second-Hand Clothing (Friperie),Monday,November,11,0,0,0,0,0,26,1591.0,41374.0
2025-11-11,V035,Douala,Marché Sandaga,Second-Hand Clothing (Friperie),Tuesday,November,11,0,0,0,0,0,24,1844.0,44244.0
2025-11-12,V035,Douala,Marché Sandaga,Second-Hand Clothing (Friperie),Wednesday,November,11,0,0,0,0,0,17,1784.0,30333.0
2025-11-13,V035,Douala,Marché Sandaga,Second-Hand Clothing (Friperie),Thursday,November,11,0,0,0,0,0,25,1703.0,42567.0
2025-11-14,V035,Douala,Marché Sandaga,Second-Hand Clothing (Friperie),Friday,November,11,0,0,0,0,0,35,1811.0,63387.0
2025-11-15,V035,Douala,Marché Sandaga,Second-Hand Clothing (Friperie),Saturday,November,11,1,0,0,1,0,54,1945.0,105009.0
2025-11-16,V035,Douala,Marché Sandaga,Second-Hand Clothing (Friperie),Sunday,November,11,1,0,0,0,0,26,1967.0,51137.0
2025-11-17,V035,Douala,Marché Sandaga,Second-Hand Clothing (Friperie),Monday,November,11,0,0,0,0,0,13,1922.0,24990.0
2025-11-18,V035,Douala,Marché Sandaga,Second-Hand Clothing (Friperie),Tuesday,November,11,0,0,0,0,0,15,1899.0,28489.0
2025-11-19,V035,Douala,Marché Sandaga,Second-Hand Clothing (Friperie),Wednesday,November,11,0,0,0,0,0,23,1679.0,38628.0
2025-11-20,V035,Douala,Marché Sandaga,Second-Hand Clothing (Friperie),Thursday,November,11,0,0,0,0,0,19,1631.0,30986.0
2025-11-21,V035,Douala,Marché Sandaga,Second-Hand Clothing (Friperie),Friday,November,11,0,0,0,0,0,30,1685.0,50563.0
2025-11-22,V035,Douala,Marché Sandaga,Second-Hand Clothing (Friperie),Saturday,November,11,1,0,0,0,0,28,2015.0,56409.0
2025-11-23,V035,Douala,Marché Sandaga,Second-Hand Clothing (Friperie),Sunday,November,11,1,0,0,0,0,18,2116.0,38088.0
2025-11-24,V035,Douala,Marché Sandaga,Second-Hand Clothing (Friperie),Monday,November,11,0,0,0,0,0,24,1600.0,38390.0
2025-11-25,V035,Douala,Marché Sandaga,Second-Hand Clothing (Friperie),Tuesday,November,11,0,0,0,0,0,19,1761.0,33452.0
2025-11-26,V035,Douala,Marché Sandaga,Second-Hand Clothing (Friperie),Wednesday,November,11,0,0,0,0,0,16,1824.0,29181.0
2025-11-27,V035,Douala,Marché Sandaga,Second-Hand Clothing (Friperie),Thursday,November,11,0,0,0,0,0,22,2084.0,45843.0
2025-11-28,V035,Douala,Marché Sandaga,Second-Hand Clothing (Friperie),Friday,November,11,0,0,0,0,1,32,1721.0,55071.0
2025-11-29,V035,Douala,Marché Sandaga,Second-Hand Clothing (Friperie),Saturday,November,11,1,0,0,0,1,25,1654.0,41348.0
2025-11-30,V035,Douala,Marché Sandaga,Second-Hand Clothing (Friperie),Sunday,November,11,1,0,0,0,1,33,1761.0,58117.0
2025-12-01,V035,Douala,Marché Sandaga,Second-Hand Clothing (Friperie),Monday,December,12,0,0,0,0,0,14,2336.0,32704.0
2025-12-02,V035,Douala,Marché Sandaga,Second-Hand Clothing (Friperie),Tuesday,December,12,0,0,0,0,0,22,1853.0,40769.0
2025-12-03,V035,Douala,Marché Sandaga,Second-Hand Clothing (Friperie),Wednesday,December,12,0,0,0,0,0,23,1679.0,38610.0
2025-12-04,V035,Douala,Marché Sandaga,Second-Hand Clothing (Friperie),Thursday,December,12,0,0,0,0,0,29,1608.0,46621.0
2025-12-05,V035,Douala,Marché Sandaga,Second-Hand Clothing (Friperie),Friday,December,12,0,0,0,0,0,26,1964.0,51073.0
2025-12-06,V035,Douala,Marché Sandaga,Second-Hand Clothing (Friperie),Saturday,December,12,1,0,0,1,0,39,1783.0,69543.0
2025-12-07,V035,Douala,Marché Sandaga,Second-Hand Clothing (Friperie),Sunday,December,12,1,0,0,0,0,28,2033.0,56934.0
2025-12-08,V035,Douala,Marché Sandaga,Second-Hand Clothing (Friperie),Monday,December,12,0,0,0,0,0,22,1604.0,35280.0
2025-12-09,V035,Douala,Marché Sandaga,Second-Hand Clothing (Friperie),Tuesday,December,12,0,0,0,0,0,21,1689.0,35465.0
2025-12-10,V035,Douala,Marché Sandaga,Second-Hand Clothing (Friperie),Wednesday,December,12,0,0,0,0,0,25,1678.0,41950.0
2025-12-11,V035,Douala,Marché Sandaga,Second-Hand Clothing (Friperie),Thursday,December,12,0,0,0,0,0,17,2067.0,35133.0
2025-12-12,V035,Douala,Marché Sandaga,Second-Hand Clothing (Friperie),Friday,December,12,0,0,0,0,0,24,2077.0,49859.0
2025-12-13,V035,Douala,Marché Sandaga,Second-Hand Clothing (Friperie),Saturday,December,12,1,0,0,0,0,32,1815.0,58079.0
2025-12-14,V035,Douala,Marché Sandaga,Second-Hand Clothing (Friperie),Sunday,December,12,1,0,0,0,0,37,1767.0,65384.0
2025-12-15,V035,Douala,Marché Sandaga,Second-Hand Clothing (Friperie),Monday,December,12,0,0,0,0,0,24,1643.0,39422.0
2025-12-16,V035,Douala,Marché Sandaga,Second-Hand Clothing (Friperie),Tuesday,December,12,0,0,0,0,0,16,1946.0,31130.0
2025-12-17,V035,Douala,Marché Sandaga,Second-Hand Clothing (Friperie),Wednesday,December,12,0,0,0,0,0,32,1856.0,59400.0
2025-12-18,V035,Douala,Marché Sandaga,Second-Hand Clothing (Friperie),Thursday,December,12,0,0,0,0,0,29,1714.0,49692.0
2025-12-19,V035,Douala,Marché Sandaga,Second-Hand Clothing (Friperie),Friday,December,12,0,0,0,0,0,21,1813.0,38073.0
2025-12-20,V035,Douala,Marché Sandaga,Second-Hand Clothing (Friperie),Saturday,December,12,1,0,0,1,0,41,1802.0,73868.0
2025-12-21,V035,Douala,Marché Sandaga,Second-Hand Clothing (Friperie),Sunday,December,12,1,0,0,0,0,20,2070.0,41401.0
2025-12-22,V035,Douala,Marché Sandaga,Second-Hand Clothing (Friperie),Monday,December,12,0,0,0,0,0,17,1902.0,32333.0
2025-12-23,V035,Douala,Marché Sandaga,Second-Hand Clothing (Friperie),Tuesday,December,12,0,0,0,0,0,29,1581.0,45837.0
2025-12-24,V035,Douala,Marché Sandaga,Second-Hand Clothing (Friperie),Wednesday,December,12,0,0,0,0,0,29,1702.0,49359.0
2025-12-25,V035,Douala,Marché Sandaga,Second-Hand Clothing (Friperie),Thursday,December,12,0,1,0,0,0,22,1927.0,42404.0
2025-12-26,V035,Douala,Marché Sandaga,Second-Hand Clothing (Friperie),Friday,December,12,0,0,0,0,0,27,1911.0,51591.0
2025-12-27,V035,Douala,Marché Sandaga,Second-Hand Clothing (Friperie),Saturday,December,12,1,0,0,0,0,39,1734.0,67643.0
2025-12-28,V035,Douala,Marché Sandaga,Second-Hand Clothing (Friperie),Sunday,December,12,1,0,0,0,0,31,1685.0,52225.0
2025-12-29,V035,Douala,Marché Sandaga,Second-Hand Clothing (Friperie),Monday,December,12,0,0,0,0,1,20,1721.0,34423.0
2025-12-30,V035,Douala,Marché Sandaga,Second-Hand Clothing (Friperie),Tuesday,December,12,0,0,0,0,1,18,2088.0,37575.0
2025-12-31,V035,Douala,Marché Sandaga,Second-Hand Clothing (Friperie),Wednesday,December,12,0,0,0,0,1,29,1675.0,48583.0
2026-01-01,V035,Douala,Marché Sandaga,Second-Hand Clothing (Friperie),Thursday,January,1,0,1,0,0,0,30,1849.0,55472.0
2026-01-02,V035,Douala,Marché Sandaga,Second-Hand Clothing (Friperie),Friday,January,1,0,0,0,0,0,29,1811.0,52530.0
2026-01-03,V035,Douala,Marché Sandaga,Second-Hand Clothing (Friperie),Saturday,January,1,1,0,0,1,0,30,1958.0,58744.0
2026-01-04,V035,Douala,Marché Sandaga,Second-Hand Clothing (Friperie),Sunday,January,1,1,0,0,0,0,26,1798.0,46752.0
2026-01-05,V035,Douala,Marché Sandaga,Second-Hand Clothing (Friperie),Monday,January,1,0,0,0,0,0,20,1765.0,35298.0
2026-01-06,V035,Douala,Marché Sandaga,Second-Hand Clothing (Friperie),Tuesday,January,1,0,0,0,0,0,20,1781.0,35624.0
2026-01-07,V035,Douala,Marché Sandaga,Second-Hand Clothing (Friperie),Wednesday,January,1,0,0,0,0,0,24,1558.0,37401.0
2026-01-08,V035,Douala,Marché Sandaga,Second-Hand Clothing (Friperie),Thursday,January,1,0,0,0,0,0,27,1527.0,41240.0
2026-01-09,V035,Douala,Marché Sandaga,Second-Hand Clothing (Friperie),Friday,January,1,0,0,0,0,0,28,1890.0,52927.0
2026-01-10,V035,Douala,Marché Sandaga,Second-Hand Clothing (Friperie),Saturday,January,1,1,0,0,0,0,25,2074.0,51855.0
2026-01-11,V035,Douala,Marché Sandaga,Second-Hand Clothing (Friperie),Sunday,January,1,1,0,0,0,0,20,1983.0,39669.0
2026-01-12,V035,Douala,Marché Sandaga,Second-Hand Clothing (Friperie),Monday,January,1,0,0,0,0,0,19,1991.0,37821.0
2026-01-13,V035,Douala,Marché Sandaga,Second-Hand Clothing (Friperie),Tuesday,January,1,0,0,0,0,0,23,1665.0,38300.0
2026-01-14,V035,Douala,Marché Sandaga,Second-Hand Clothing (Friperie),Wednesday,January,1,0,0,0,0,0,25,1511.0,37785.0
2026-01-15,V035,Douala,Marché Sandaga,Second-Hand Clothing (Friperie),Thursday,January,1,0,0,0,0,0,17,1935.0,32892.0
2026-01-16,V035,Douala,Marché Sandaga,Second-Hand Clothing (Friperie),Friday,January,1,0,0,0,0,0,26,1734.0,45082.0
2026-01-17,V035,Douala,Marché Sandaga,Second-Hand Clothing (Friperie),Saturday,January,1,1,0,0,1,0,23,2090.0,48072.0
2026-01-18,V035,Douala,Marché Sandaga,Second-Hand Clothing (Friperie),Sunday,January,1,1,0,0,0,0,28,1661.0,46512.0
2026-01-19,V035,Douala,Marché Sandaga,Second-Hand Clothing (Friperie),Monday,January,1,0,0,0,0,0,17,2158.0,36688.0
2026-01-20,V035,Douala,Marché Sandaga,Second-Hand Clothing (Friperie),Tuesday,January,1,0,0,0,0,0,19,1571.0,29854.0
2026-01-21,V035,Douala,Marché Sandaga,Second-Hand Clothing (Friperie),Wednesday,January,1,0,0,0,0,0,17,2019.0,34327.0
2026-01-22,V035,Douala,Marché Sandaga,Second-Hand Clothing (Friperie),Thursday,January,1,0,0,0,0,0,31,1711.0,53028.0
2026-01-23,V035,Douala,Marché Sandaga,Second-Hand Clothing (Friperie),Friday,January,1,0,0,0,0,0,32,1953.0,62483.0
2026-01-24,V035,Douala,Marché Sandaga,Second-Hand Clothing (Friperie),Saturday,January,1,1,0,0,0,0,26,1782.0,46332.0
2026-01-25,V035,Douala,Marché Sandaga,Second-Hand Clothing (Friperie),Sunday,January,1,1,0,0,0,0,28,1799.0,50368.0
2026-01-26,V035,Douala,Marché Sandaga,Second-Hand Clothing (Friperie),Monday,January,1,0,0,0,0,0,22,2089.0,45964.0
2026-01-27,V035,Douala,Marché Sandaga,Second-Hand Clothing (Friperie),Tuesday,January,1,0,0,0,0,0,21,2059.0,43230.0
2026-01-28,V035,Douala,Marché Sandaga,Second-Hand Clothing (Friperie),Wednesday,January,1,0,0,0,0,0,23,1947.0,44780.0
2026-01-29,V035,Douala,Marché Sandaga,Second-Hand Clothing (Friperie),Thursday,January,1,0,0,0,0,1,21,1922.0,40372.0
2026-01-30,V035,Douala,Marché Sandaga,Second-Hand Clothing (Friperie),Friday,January,1,0,0,0,0,1,24,1835.0,44040.0
2026-01-31,V035,Douala,Marché Sandaga,Second-Hand Clothing (Friperie),Saturday,January,1,1,0,0,0,1,35,1743.0,61010.0
2026-02-01,V035,Douala,Marché Sandaga,Second-Hand Clothing (Friperie),Sunday,February,2,1,0,0,0,0,32,1663.0,53210.0
2026-02-02,V035,Douala,Marché Sandaga,Second-Hand Clothing (Friperie),Monday,February,2,0,0,0,0,0,21,1792.0,37627.0
2026-02-03,V035,Douala,Marché Sandaga,Second-Hand Clothing (Friperie),Tuesday,February,2,0,0,0,0,0,25,1906.0,47647.0
2026-02-04,V035,Douala,Marché Sandaga,Second-Hand Clothing (Friperie),Wednesday,February,2,0,0,0,0,0,16,1835.0,29366.0
2026-02-05,V035,Douala,Marché Sandaga,Second-Hand Clothing (Friperie),Thursday,February,2,0,0,0,0,0,22,1430.0,31463.0
2026-02-06,V035,Douala,Marché Sandaga,Second-Hand Clothing (Friperie),Friday,February,2,0,0,0,0,0,40,1614.0,64557.0
2026-02-07,V035,Douala,Marché Sandaga,Second-Hand Clothing (Friperie),Saturday,February,2,1,0,0,1,0,41,1775.0,72756.0
2026-02-08,V035,Douala,Marché Sandaga,Second-Hand Clothing (Friperie),Sunday,February,2,1,0,0,0,0,26,1679.0,43656.0
2026-02-09,V035,Douala,Marché Sandaga,Second-Hand Clothing (Friperie),Monday,February,2,0,0,0,0,0,10,2830.0,28304.0
2026-02-10,V035,Douala,Marché Sandaga,Second-Hand Clothing (Friperie),Tuesday,February,2,0,0,0,0,0,14,2294.0,32120.0
2026-02-11,V035,Douala,Marché Sandaga,Second-Hand Clothing (Friperie),Wednesday,February,2,0,1,0,0,0,38,1648.0,62608.0
2026-02-12,V035,Douala,Marché Sandaga,Second-Hand Clothing (Friperie),Thursday,February,2,0,0,0,0,0,20,1579.0,31575.0
2026-02-13,V035,Douala,Marché Sandaga,Second-Hand Clothing (Friperie),Friday,February,2,0,0,0,0,0,29,2033.0,58957.0
2026-02-14,V035,Douala,Marché Sandaga,Second-Hand Clothing (Friperie),Saturday,February,2,1,0,0,0,0,30,1894.0,56832.0
2026-02-15,V035,Douala,Marché Sandaga,Second-Hand Clothing (Friperie),Sunday,February,2,1,0,0,0,0,27,2009.0,54254.0
2026-02-16,V035,Douala,Marché Sandaga,Second-Hand Clothing (Friperie),Monday,February,2,0,0,0,0,0,17,2036.0,34605.0
2026-02-17,V035,Douala,Marché Sandaga,Second-Hand Clothing (Friperie),Tuesday,February,2,0,0,0,0,0,21,1920.0,40326.0
2026-02-18,V035,Douala,Marché Sandaga,Second-Hand Clothing (Friperie),Wednesday,February,2,0,0,0,0,0,18,1937.0,34861.0
2026-02-19,V035,Douala,Marché Sandaga,Second-Hand Clothing (Friperie),Thursday,February,2,0,0,0,0,0,31,1892.0,58637.0
2026-02-20,V035,Douala,Marché Sandaga,Second-Hand Clothing (Friperie),Friday,February,2,0,0,0,0,0,24,1716.0,41189.0
2026-02-21,V035,Douala,Marché Sandaga,Second-Hand Clothing (Friperie),Saturday,February,2,1,0,0,1,0,36,1947.0,70108.0
2026-02-22,V035,Douala,Marché Sandaga,Second-Hand Clothing (Friperie),Sunday,February,2,1,0,0,0,0,38,1865.0,70860.0
2026-02-23,V035,Douala,Marché Sandaga,Second-Hand Clothing (Friperie),Monday,February,2,0,0,0,0,0,18,1828.0,32910.0
2026-02-24,V035,Douala,Marché Sandaga,Second-Hand Clothing (Friperie),Tuesday,February,2,0,0,0,0,0,24,2107.0,50563.0
2026-02-25,V035,Douala,Marché Sandaga,Second-Hand Clothing (Friperie),Wednesday,February,2,0,0,0,0,0,26,1552.0,40342.0
2026-02-26,V035,Douala,Marché Sandaga,Second-Hand Clothing (Friperie),Thursday,February,2,0,0,0,0,1,24,1993.0,47838.0
2026-02-27,V035,Douala,Marché Sandaga,Second-Hand Clothing (Friperie),Friday,February,2,0,0,0,0,1,28,1825.0,51111.0
2026-02-28,V035,Douala,Marché Sandaga,Second-Hand Clothing (Friperie),Saturday,February,2,1,0,0,0,1,48,1856.0,89091.0
2026-03-01,V035,Douala,Marché Sandaga,Second-Hand Clothing (Friperie),Sunday,March,3,1,0,0,0,0,27,2038.0,55028.0
2026-03-02,V035,Douala,Marché Sandaga,Second-Hand Clothing (Friperie),Monday,March,3,0,0,0,0,0,14,1940.0,27165.0
2026-03-03,V035,Douala,Marché Sandaga,Second-Hand Clothing (Friperie),Tuesday,March,3,0,0,0,0,0,26,1845.0,47973.0
2026-03-04,V035,Douala,Marché Sandaga,Second-Hand Clothing (Friperie),Wednesday,March,3,0,0,0,0,0,23,1758.0,40443.0
2026-03-05,V035,Douala,Marché Sandaga,Second-Hand Clothing (Friperie),Thursday,March,3,0,0,0,0,0,26,1909.0,49627.0
2026-03-06,V035,Douala,Marché Sandaga,Second-Hand Clothing (Friperie),Friday,March,3,0,0,0,0,0,29,1939.0,56230.0
2026-03-07,V035,Douala,Marché Sandaga,Second-Hand Clothing (Friperie),Saturday,March,3,1,0,0,1,0,55,1869.0,102807.0
2026-03-08,V035,Douala,Marché Sandaga,Second-Hand Clothing (Friperie),Sunday,March,3,1,1,0,0,0,29,1744.0,50570.0
2026-03-09,V035,Douala,Marché Sandaga,Second-Hand Clothing (Friperie),Monday,March,3,0,0,0,0,0,20,1787.0,35736.0
2026-03-10,V035,Douala,Marché Sandaga,Second-Hand Clothing (Friperie),Tuesday,March,3,0,0,0,0,0,19,2030.0,38579.0
2026-03-11,V035,Douala,Marché Sandaga,Second-Hand Clothing (Friperie),Wednesday,March,3,0,0,0,0,0,30,1711.0,51323.0
2026-03-12,V035,Douala,Marché Sandaga,Second-Hand Clothing (Friperie),Thursday,March,3,0,0,0,0,0,27,1923.0,51909.0
2026-03-13,V035,Douala,Marché Sandaga,Second-Hand Clothing (Friperie),Friday,March,3,0,0,0,0,0,30,1785.0,53545.0
2026-03-14,V035,Douala,Marché Sandaga,Second-Hand Clothing (Friperie),Saturday,March,3,1,0,0,0,0,43,1737.0,74693.0
2026-03-15,V035,Douala,Marché Sandaga,Second-Hand Clothing (Friperie),Sunday,March,3,1,0,0,0,0,24,2046.0,49096.0
2026-03-16,V035,Douala,Marché Sandaga,Second-Hand Clothing (Friperie),Monday,March,3,0,0,0,0,0,28,1733.0,48527.0
2026-03-17,V035,Douala,Marché Sandaga,Second-Hand Clothing (Friperie),Tuesday,March,3,0,0,0,0,0,19,1747.0,33191.0
2026-03-18,V035,Douala,Marché Sandaga,Second-Hand Clothing (Friperie),Wednesday,March,3,0,0,0,0,0,18,1625.0,29246.0
2026-03-19,V035,Douala,Marché Sandaga,Second-Hand Clothing (Friperie),Thursday,March,3,0,0,0,0,0,16,1949.0,31189.0
2026-03-20,V035,Douala,Marché Sandaga,Second-Hand Clothing (Friperie),Friday,March,3,0,0,0,0,0,30,1730.0,51912.0
2026-03-21,V035,Douala,Marché Sandaga,Second-Hand Clothing (Friperie),Saturday,March,3,1,0,0,1,0,42,1746.0,73335.0
2026-03-22,V035,Douala,Marché Sandaga,Second-Hand Clothing (Friperie),Sunday,March,3,1,0,0,0,0,26,1815.0,47180.0
2026-03-23,V035,Douala,Marché Sandaga,Second-Hand Clothing (Friperie),Monday,March,3,0,0,0,0,0,19,1883.0,35772.0
2026-03-24,V035,Douala,Marché Sandaga,Second-Hand Clothing (Friperie),Tuesday,March,3,0,0,0,0,0,13,2103.0,27336.0
2026-03-25,V035,Douala,Marché Sandaga,Second-Hand Clothing (Friperie),Wednesday,March,3,0,0,0,0,0,21,1910.0,40116.0
2026-03-26,V035,Douala,Marché Sandaga,Second-Hand Clothing (Friperie),Thursday,March,3,0,0,0,0,0,21,1882.0,39521.0
2026-03-27,V035,Douala,Marché Sandaga,Second-Hand Clothing (Friperie),Friday,March,3,0,0,0,0,0,22,1933.0,42526.0
2026-03-28,V035,Douala,Marché Sandaga,Second-Hand Clothing (Friperie),Saturday,March,3,1,0,0,0,0,32,1803.0,57692.0
2026-03-29,V035,Douala,Marché Sandaga,Second-Hand Clothing (Friperie),Sunday,March,3,1,0,0,0,1,32,1829.0,58534.0
2026-03-30,V035,Douala,Marché Sandaga,Second-Hand Clothing (Friperie),Monday,March,3,0,0,0,0,1,15,2244.0,33657.0
2026-03-31,V035,Douala,Marché Sandaga,Second-Hand Clothing (Friperie),Tuesday,March,3,0,0,0,0,1,35,1942.0,67972.0
2025-09-01,V036,Douala,Marché Nkoulouloun,Palm Oil & Condiments,Monday,September,9,0,0,1,0,0,13,1958.0,25458.0
2025-09-02,V036,Douala,Marché Nkoulouloun,Palm Oil & Condiments,Tuesday,September,9,0,0,1,0,0,13,1808.0,23505.0
2025-09-03,V036,Douala,Marché Nkoulouloun,Palm Oil & Condiments,Wednesday,September,9,0,0,1,0,0,16,1749.0,27990.0
2025-09-04,V036,Douala,Marché Nkoulouloun,Palm Oil & Condiments,Thursday,September,9,0,0,1,0,0,15,1855.0,27827.0
2025-09-05,V036,Douala,Marché Nkoulouloun,Palm Oil & Condiments,Friday,September,9,0,0,1,0,0,17,1739.0,29557.0
2025-09-06,V036,Douala,Marché Nkoulouloun,Palm Oil & Condiments,Saturday,September,9,1,0,1,1,0,28,2067.0,57872.0
2025-09-07,V036,Douala,Marché Nkoulouloun,Palm Oil & Condiments,Sunday,September,9,1,0,1,0,0,22,1602.0,35246.0
2025-09-08,V036,Douala,Marché Nkoulouloun,Palm Oil & Condiments,Monday,September,9,0,0,1,0,0,12,2145.0,25745.0
2025-09-09,V036,Douala,Marché Nkoulouloun,Palm Oil & Condiments,Tuesday,September,9,0,0,1,0,0,13,1595.0,20741.0
2025-09-10,V036,Douala,Marché Nkoulouloun,Palm Oil & Condiments,Wednesday,September,9,0,0,1,0,0,11,1978.0,21759.0
2025-09-11,V036,Douala,Marché Nkoulouloun,Palm Oil & Condiments,Thursday,September,9,0,0,1,0,0,15,1412.0,21173.0
2025-09-12,V036,Douala,Marché Nkoulouloun,Palm Oil & Condiments,Friday,September,9,0,0,1,0,0,20,1736.0,34713.0
2025-09-13,V036,Douala,Marché Nkoulouloun,Palm Oil & Condiments,Saturday,September,9,1,0,1,0,0,24,1957.0,46974.0
2025-09-14,V036,Douala,Marché Nkoulouloun,Palm Oil & Condiments,Sunday,September,9,1,0,1,0,0,10,2468.0,24676.0
2025-09-15,V036,Douala,Marché Nkoulouloun,Palm Oil & Condiments,Monday,September,9,0,0,1,0,0,8,3018.0,24143.0
2025-09-16,V036,Douala,Marché Nkoulouloun,Palm Oil & Condiments,Tuesday,September,9,0,0,1,0,0,12,1968.0,23615.0
2025-09-17,V036,Douala,Marché Nkoulouloun,Palm Oil & Condiments,Wednesday,September,9,0,0,1,0,0,11,1791.0,19706.0
2025-09-18,V036,Douala,Marché Nkoulouloun,Palm Oil & Condiments,Thursday,September,9,0,0,1,0,0,9,2142.0,19278.0
2025-09-19,V036,Douala,Marché Nkoulouloun,Palm Oil & Condiments,Friday,September,9,0,0,1,0,0,20,1909.0,38181.0
2025-09-20,V036,Douala,Marché Nkoulouloun,Palm Oil & Condiments,Saturday,September,9,1,0,1,1,0,34,1932.0,65680.0
2025-09-21,V036,Douala,Marché Nkoulouloun,Palm Oil & Condiments,Sunday,September,9,1,0,1,0,0,21,1334.0,28022.0
2025-09-22,V036,Douala,Marché Nkoulouloun,Palm Oil & Condiments,Monday,September,9,0,0,1,0,0,18,1467.0,26401.0
2025-09-23,V036,Douala,Marché Nkoulouloun,Palm Oil & Condiments,Tuesday,September,9,0,0,1,0,0,13,1974.0,25661.0
2025-09-24,V036,Douala,Marché Nkoulouloun,Palm Oil & Condiments,Wednesday,September,9,0,0,1,0,0,11,2146.0,23611.0
2025-09-25,V036,Douala,Marché Nkoulouloun,Palm Oil & Condiments,Thursday,September,9,0,0,1,0,0,18,1570.0,28268.0
2025-09-26,V036,Douala,Marché Nkoulouloun,Palm Oil & Condiments,Friday,September,9,0,0,1,0,0,20,1874.0,37482.0
2025-09-27,V036,Douala,Marché Nkoulouloun,Palm Oil & Condiments,Saturday,September,9,1,0,1,0,0,19,1903.0,36165.0
2025-09-28,V036,Douala,Marché Nkoulouloun,Palm Oil & Condiments,Sunday,September,9,1,0,1,0,1,18,1806.0,32513.0
2025-09-29,V036,Douala,Marché Nkoulouloun,Palm Oil & Condiments,Monday,September,9,0,0,1,0,1,13,2069.0,26899.0
2025-09-30,V036,Douala,Marché Nkoulouloun,Palm Oil & Condiments,Tuesday,September,9,0,0,1,0,1,8,2745.0,21963.0
2025-10-01,V036,Douala,Marché Nkoulouloun,Palm Oil & Condiments,Wednesday,October,10,0,0,1,0,0,9,2991.0,26918.0
2025-10-02,V036,Douala,Marché Nkoulouloun,Palm Oil & Condiments,Thursday,October,10,0,0,1,0,0,18,1699.0,30576.0
2025-10-03,V036,Douala,Marché Nkoulouloun,Palm Oil & Condiments,Friday,October,10,0,0,1,0,0,16,1784.0,28544.0
2025-10-04,V036,Douala,Marché Nkoulouloun,Palm Oil & Condiments,Saturday,October,10,1,0,1,1,0,29,1811.0,52518.0
2025-10-05,V036,Douala,Marché Nkoulouloun,Palm Oil & Condiments,Sunday,October,10,1,0,1,0,0,26,1652.0,42950.0
2025-10-06,V036,Douala,Marché Nkoulouloun,Palm Oil & Condiments,Monday,October,10,0,0,1,0,0,11,1970.0,21665.0
2025-10-07,V036,Douala,Marché Nkoulouloun,Palm Oil & Condiments,Tuesday,October,10,0,0,1,0,0,11,1973.0,21701.0
2025-10-08,V036,Douala,Marché Nkoulouloun,Palm Oil & Condiments,Wednesday,October,10,0,0,1,0,0,13,1892.0,24595.0
2025-10-09,V036,Douala,Marché Nkoulouloun,Palm Oil & Condiments,Thursday,October,10,0,0,1,0,0,17,1797.0,30555.0
2025-10-10,V036,Douala,Marché Nkoulouloun,Palm Oil & Condiments,Friday,October,10,0,0,1,0,0,22,1829.0,40246.0
2025-10-11,V036,Douala,Marché Nkoulouloun,Palm Oil & Condiments,Saturday,October,10,1,0,1,0,0,18,2038.0,36688.0
2025-10-12,V036,Douala,Marché Nkoulouloun,Palm Oil & Condiments,Sunday,October,10,1,0,1,0,0,26,1843.0,47919.0
2025-10-13,V036,Douala,Marché Nkoulouloun,Palm Oil & Condiments,Monday,October,10,0,0,1,0,0,10,1891.0,18915.0
2025-10-14,V036,Douala,Marché Nkoulouloun,Palm Oil & Condiments,Tuesday,October,10,0,0,1,0,0,23,1634.0,37584.0
2025-10-15,V036,Douala,Marché Nkoulouloun,Palm Oil & Condiments,Wednesday,October,10,0,0,1,0,0,16,1758.0,28123.0
2025-10-16,V036,Douala,Marché Nkoulouloun,Palm Oil & Condiments,Thursday,October,10,0,0,1,0,0,18,1611.0,28990.0
2025-10-17,V036,Douala,Marché Nkoulouloun,Palm Oil & Condiments,Friday,October,10,0,0,1,0,0,18,1803.0,32460.0
2025-10-18,V036,Douala,Marché Nkoulouloun,Palm Oil & Condiments,Saturday,October,10,1,0,1,1,0,20,1936.0,38711.0
2025-10-19,V036,Douala,Marché Nkoulouloun,Palm Oil & Condiments,Sunday,October,10,1,0,1,0,0,15,1932.0,28977.0
2025-10-20,V036,Douala,Marché Nkoulouloun,Palm Oil & Condiments,Monday,October,10,0,0,1,0,0,10,1713.0,17135.0
2025-10-21,V036,Douala,Marché Nkoulouloun,Palm Oil & Condiments,Tuesday,October,10,0,0,1,0,0,8,2614.0,20911.0
2025-10-22,V036,Douala,Marché Nkoulouloun,Palm Oil & Condiments,Wednesday,October,10,0,0,1,0,0,17,1793.0,30476.0
2025-10-23,V036,Douala,Marché Nkoulouloun,Palm Oil & Condiments,Thursday,October,10,0,0,1,0,0,12,2440.0,29275.0
2025-10-24,V036,Douala,Marché Nkoulouloun,Palm Oil & Condiments,Friday,October,10,0,0,1,0,0,29,1698.0,49250.0
2025-10-25,V036,Douala,Marché Nkoulouloun,Palm Oil & Condiments,Saturday,October,10,1,0,1,0,0,26,1628.0,42337.0
2025-10-26,V036,Douala,Marché Nkoulouloun,Palm Oil & Condiments,Sunday,October,10,1,0,1,0,0,18,1988.0,35791.0
2025-10-27,V036,Douala,Marché Nkoulouloun,Palm Oil & Condiments,Monday,October,10,0,0,1,0,0,20,1438.0,28755.0
2025-10-28,V036,Douala,Marché Nkoulouloun,Palm Oil & Condiments,Tuesday,October,10,0,0,1,0,0,9,1899.0,17092.0
2025-10-29,V036,Douala,Marché Nkoulouloun,Palm Oil & Condiments,Wednesday,October,10,0,0,1,0,1,18,1786.0,32151.0
2025-10-30,V036,Douala,Marché Nkoulouloun,Palm Oil & Condiments,Thursday,October,10,0,0,1,0,1,18,1710.0,30775.0
2025-10-31,V036,Douala,Marché Nkoulouloun,Palm Oil & Condiments,Friday,October,10,0,0,1,0,1,20,1808.0,36168.0
2025-11-01,V036,Douala,Marché Nkoulouloun,Palm Oil & Condiments,Saturday,November,11,1,0,0,1,0,20,1775.0,35495.0
2025-11-02,V036,Douala,Marché Nkoulouloun,Palm Oil & Condiments,Sunday,November,11,1,0,0,0,0,19,1784.0,33890.0
2025-11-03,V036,Douala,Marché Nkoulouloun,Palm Oil & Condiments,Monday,November,11,0,0,0,0,0,14,1972.0,27615.0
2025-11-04,V036,Douala,Marché Nkoulouloun,Palm Oil & Condiments,Tuesday,November,11,0,0,0,0,0,15,2097.0,31458.0
2025-11-05,V036,Douala,Marché Nkoulouloun,Palm Oil & Condiments,Wednesday,November,11,0,0,0,0,0,19,1801.0,34213.0
2025-11-06,V036,Douala,Marché Nkoulouloun,Palm Oil & Condiments,Thursday,November,11,0,0,0,0,0,12,2298.0,27580.0
2025-11-07,V036,Douala,Marché Nkoulouloun,Palm Oil & Condiments,Friday,November,11,0,0,0,0,0,16,1748.0,27964.0
2025-11-08,V036,Douala,Marché Nkoulouloun,Palm Oil & Condiments,Saturday,November,11,1,0,0,0,0,22,1674.0,36834.0
2025-11-09,V036,Douala,Marché Nkoulouloun,Palm Oil & Condiments,Sunday,November,11,1,0,0,0,0,16,2145.0,34325.0
2025-11-10,V036,Douala,Marché Nkoulouloun,Palm Oil & Condiments,Monday,November,11,0,0,0,0,0,15,1851.0,27768.0
2025-11-11,V036,Douala,Marché Nkoulouloun,Palm Oil & Condiments,Tuesday,November,11,0,0,0,0,0,16,1578.0,25246.0
2025-11-12,V036,Douala,Marché Nkoulouloun,Palm Oil & Condiments,Wednesday,November,11,0,0,0,0,0,9,2281.0,20529.0
2025-11-13,V036,Douala,Marché Nkoulouloun,Palm Oil & Condiments,Thursday,November,11,0,0,0,0,0,13,2279.0,29624.0
2025-11-14,V036,Douala,Marché Nkoulouloun,Palm Oil & Condiments,Friday,November,11,0,0,0,0,0,18,1701.0,30611.0
2025-11-15,V036,Douala,Marché Nkoulouloun,Palm Oil & Condiments,Saturday,November,11,1,0,0,1,0,24,2020.0,48492.0
2025-11-16,V036,Douala,Marché Nkoulouloun,Palm Oil & Condiments,Sunday,November,11,1,0,0,0,0,17,1984.0,33723.0
2025-11-17,V036,Douala,Marché Nkoulouloun,Palm Oil & Condiments,Monday,November,11,0,0,0,0,0,18,1185.0,21338.0
2025-11-18,V036,Douala,Marché Nkoulouloun,Palm Oil & Condiments,Tuesday,November,11,0,0,0,0,0,15,1882.0,28229.0
2025-11-19,V036,Douala,Marché Nkoulouloun,Palm Oil & Condiments,Wednesday,November,11,0,0,0,0,0,16,1939.0,31017.0
2025-11-20,V036,Douala,Marché Nkoulouloun,Palm Oil & Condiments,Thursday,November,11,0,0,0,0,0,14,1818.0,25450.0
2025-11-21,V036,Douala,Marché Nkoulouloun,Palm Oil & Condiments,Friday,November,11,0,0,0,0,0,22,1701.0,37421.0
2025-11-22,V036,Douala,Marché Nkoulouloun,Palm Oil & Condiments,Saturday,November,11,1,0,0,0,0,32,1692.0,54148.0
2025-11-23,V036,Douala,Marché Nkoulouloun,Palm Oil & Condiments,Sunday,November,11,1,0,0,0,0,23,1653.0,38028.0
2025-11-24,V036,Douala,Marché Nkoulouloun,Palm Oil & Condiments,Monday,November,11,0,0,0,0,0,18,1665.0,29968.0
2025-11-25,V036,Douala,Marché Nkoulouloun,Palm Oil & Condiments,Tuesday,November,11,0,0,0,0,0,11,1740.0,19135.0
2025-11-26,V036,Douala,Marché Nkoulouloun,Palm Oil & Condiments,Wednesday,November,11,0,0,0,0,0,17,1989.0,33808.0
2025-11-27,V036,Douala,Marché Nkoulouloun,Palm Oil & Condiments,Thursday,November,11,0,0,0,0,0,14,1860.0,26034.0
2025-11-28,V036,Douala,Marché Nkoulouloun,Palm Oil & Condiments,Friday,November,11,0,0,0,0,1,21,1935.0,40635.0
2025-11-29,V036,Douala,Marché Nkoulouloun,Palm Oil & Condiments,Saturday,November,11,1,0,0,0,1,28,1739.0,48692.0
2025-11-30,V036,Douala,Marché Nkoulouloun,Palm Oil & Condiments,Sunday,November,11,1,0,0,0,1,14,1865.0,26103.0
2025-12-01,V036,Douala,Marché Nkoulouloun,Palm Oil & Condiments,Monday,December,12,0,0,0,0,0,9,2511.0,22602.0
2025-12-02,V036,Douala,Marché Nkoulouloun,Palm Oil & Condiments,Tuesday,December,12,0,0,0,0,0,16,1761.0,28175.0
2025-12-03,V036,Douala,Marché Nkoulouloun,Palm Oil & Condiments,Wednesday,December,12,0,0,0,0,0,16,1699.0,27181.0
2025-12-04,V036,Douala,Marché Nkoulouloun,Palm Oil & Condiments,Thursday,December,12,0,0,0,0,0,14,2114.0,29601.0
2025-12-05,V036,Douala,Marché Nkoulouloun,Palm Oil & Condiments,Friday,December,12,0,0,0,0,0,23,1691.0,38892.0
2025-12-06,V036,Douala,Marché Nkoulouloun,Palm Oil & Condiments,Saturday,December,12,1,0,0,1,0,24,1695.0,40671.0
2025-12-07,V036,Douala,Marché Nkoulouloun,Palm Oil & Condiments,Sunday,December,12,1,0,0,0,0,18,1721.0,30973.0
2025-12-08,V036,Douala,Marché Nkoulouloun,Palm Oil & Condiments,Monday,December,12,0,0,0,0,0,13,1914.0,24884.0
2025-12-09,V036,Douala,Marché Nkoulouloun,Palm Oil & Condiments,Tuesday,December,12,0,0,0,0,0,14,2004.0,28049.0
2025-12-10,V036,Douala,Marché Nkoulouloun,Palm Oil & Condiments,Wednesday,December,12,0,0,0,0,0,20,1602.0,32049.0
2025-12-11,V036,Douala,Marché Nkoulouloun,Palm Oil & Condiments,Thursday,December,12,0,0,0,0,0,13,1948.0,25318.0
2025-12-12,V036,Douala,Marché Nkoulouloun,Palm Oil & Condiments,Friday,December,12,0,0,0,0,0,18,1773.0,31923.0
2025-12-13,V036,Douala,Marché Nkoulouloun,Palm Oil & Condiments,Saturday,December,12,1,0,0,0,0,26,2040.0,53051.0
2025-12-14,V036,Douala,Marché Nkoulouloun,Palm Oil & Condiments,Sunday,December,12,1,0,0,0,0,13,1942.0,25250.0
2025-12-15,V036,Douala,Marché Nkoulouloun,Palm Oil & Condiments,Monday,December,12,0,0,0,0,0,12,2086.0,25037.0
2025-12-16,V036,Douala,Marché Nkoulouloun,Palm Oil & Condiments,Tuesday,December,12,0,0,0,0,0,13,2023.0,26296.0
2025-12-17,V036,Douala,Marché Nkoulouloun,Palm Oil & Condiments,Wednesday,December,12,0,0,0,0,0,16,1522.0,24347.0
2025-12-18,V036,Douala,Marché Nkoulouloun,Palm Oil & Condiments,Thursday,December,12,0,0,0,0,0,13,2020.0,26265.0
2025-12-19,V036,Douala,Marché Nkoulouloun,Palm Oil & Condiments,Friday,December,12,0,0,0,0,0,21,1665.0,34966.0
2025-12-20,V036,Douala,Marché Nkoulouloun,Palm Oil & Condiments,Saturday,December,12,1,0,0,1,0,26,1887.0,49069.0
2025-12-21,V036,Douala,Marché Nkoulouloun,Palm Oil & Condiments,Sunday,December,12,1,0,0,0,0,21,1723.0,36175.0
2025-12-22,V036,Douala,Marché Nkoulouloun,Palm Oil & Condiments,Monday,December,12,0,0,0,0,0,16,1860.0,29753.0
2025-12-23,V036,Douala,Marché Nkoulouloun,Palm Oil & Condiments,Tuesday,December,12,0,0,0,0,0,16,1733.0,27728.0
2025-12-24,V036,Douala,Marché Nkoulouloun,Palm Oil & Condiments,Wednesday,December,12,0,0,0,0,0,17,1604.0,27264.0
2025-12-25,V036,Douala,Marché Nkoulouloun,Palm Oil & Condiments,Thursday,December,12,0,1,0,0,0,25,1571.0,39267.0
2025-12-26,V036,Douala,Marché Nkoulouloun,Palm Oil & Condiments,Friday,December,12,0,0,0,0,0,18,2238.0,40280.0
2025-12-27,V036,Douala,Marché Nkoulouloun,Palm Oil & Condiments,Saturday,December,12,1,0,0,0,0,18,2167.0,39007.0
2025-12-28,V036,Douala,Marché Nkoulouloun,Palm Oil & Condiments,Sunday,December,12,1,0,0,0,0,15,1937.0,29054.0
2025-12-29,V036,Douala,Marché Nkoulouloun,Palm Oil & Condiments,Monday,December,12,0,0,0,0,1,17,1915.0,32558.0
2025-12-30,V036,Douala,Marché Nkoulouloun,Palm Oil & Condiments,Tuesday,December,12,0,0,0,0,1,19,1980.0,37623.0
2025-12-31,V036,Douala,Marché Nkoulouloun,Palm Oil & Condiments,Wednesday,December,12,0,0,0,0,1,13,2216.0,28808.0
2026-01-01,V036,Douala,Marché Nkoulouloun,Palm Oil & Condiments,Thursday,January,1,0,1,0,0,0,28,1618.0,45293.0
2026-01-02,V036,Douala,Marché Nkoulouloun,Palm Oil & Condiments,Friday,January,1,0,0,0,0,0,15,2223.0,33344.0
2026-01-03,V036,Douala,Marché Nkoulouloun,Palm Oil & Condiments,Saturday,January,1,1,0,0,1,0,26,1832.0,47631.0
2026-01-04,V036,Douala,Marché Nkoulouloun,Palm Oil & Condiments,Sunday,January,1,1,0,0,0,0,20,1454.0,29075.0
2026-01-05,V036,Douala,Marché Nkoulouloun,Palm Oil & Condiments,Monday,January,1,0,0,0,0,0,15,2242.0,33631.0
2026-01-06,V036,Douala,Marché Nkoulouloun,Palm Oil & Condiments,Tuesday,January,1,0,0,0,0,0,12,1723.0,20681.0
2026-01-07,V036,Douala,Marché Nkoulouloun,Palm Oil & Condiments,Wednesday,January,1,0,0,0,0,0,12,1813.0,21756.0
2026-01-08,V036,Douala,Marché Nkoulouloun,Palm Oil & Condiments,Thursday,January,1,0,0,0,0,0,15,1866.0,27992.0
2026-01-09,V036,Douala,Marché Nkoulouloun,Palm Oil & Condiments,Friday,January,1,0,0,0,0,0,26,1578.0,41019.0
2026-01-10,V036,Douala,Marché Nkoulouloun,Palm Oil & Condiments,Saturday,January,1,1,0,0,0,0,22,2046.0,45004.0
2026-01-11,V036,Douala,Marché Nkoulouloun,Palm Oil & Condiments,Sunday,January,1,1,0,0,0,0,17,1968.0,33450.0
2026-01-12,V036,Douala,Marché Nkoulouloun,Palm Oil & Condiments,Monday,January,1,0,0,0,0,0,20,1733.0,34657.0
2026-01-13,V036,Douala,Marché Nkoulouloun,Palm Oil & Condiments,Tuesday,January,1,0,0,0,0,0,16,1710.0,27367.0
2026-01-14,V036,Douala,Marché Nkoulouloun,Palm Oil & Condiments,Wednesday,January,1,0,0,0,0,0,17,1541.0,26204.0
2026-01-15,V036,Douala,Marché Nkoulouloun,Palm Oil & Condiments,Thursday,January,1,0,0,0,0,0,15,1681.0,25210.0
2026-01-16,V036,Douala,Marché Nkoulouloun,Palm Oil & Condiments,Friday,January,1,0,0,0,0,0,23,1977.0,45478.0
2026-01-17,V036,Douala,Marché Nkoulouloun,Palm Oil & Condiments,Saturday,January,1,1,0,0,1,0,30,1752.0,52549.0
2026-01-18,V036,Douala,Marché Nkoulouloun,Palm Oil & Condiments,Sunday,January,1,1,0,0,0,0,12,2239.0,26862.0
2026-01-19,V036,Douala,Marché Nkoulouloun,Palm Oil & Condiments,Monday,January,1,0,0,0,0,0,11,1867.0,20532.0
2026-01-20,V036,Douala,Marché Nkoulouloun,Palm Oil & Condiments,Tuesday,January,1,0,0,0,0,0,14,1961.0,27448.0
2026-01-21,V036,Douala,Marché Nkoulouloun,Palm Oil & Condiments,Wednesday,January,1,0,0,0,0,0,22,1698.0,37350.0
2026-01-22,V036,Douala,Marché Nkoulouloun,Palm Oil & Condiments,Thursday,January,1,0,0,0,0,0,15,2021.0,30310.0
2026-01-23,V036,Douala,Marché Nkoulouloun,Palm Oil & Condiments,Friday,January,1,0,0,0,0,0,21,1647.0,34578.0
2026-01-24,V036,Douala,Marché Nkoulouloun,Palm Oil & Condiments,Saturday,January,1,1,0,0,0,0,29,1705.0,49455.0
2026-01-25,V036,Douala,Marché Nkoulouloun,Palm Oil & Condiments,Sunday,January,1,1,0,0,0,0,16,1929.0,30861.0
2026-01-26,V036,Douala,Marché Nkoulouloun,Palm Oil & Condiments,Monday,January,1,0,0,0,0,0,11,1702.0,18727.0
2026-01-27,V036,Douala,Marché Nkoulouloun,Palm Oil & Condiments,Tuesday,January,1,0,0,0,0,0,10,1937.0,19367.0
2026-01-28,V036,Douala,Marché Nkoulouloun,Palm Oil & Condiments,Wednesday,January,1,0,0,0,0,0,14,1747.0,24463.0
2026-01-29,V036,Douala,Marché Nkoulouloun,Palm Oil & Condiments,Thursday,January,1,0,0,0,0,1,24,1651.0,39629.0
2026-01-30,V036,Douala,Marché Nkoulouloun,Palm Oil & Condiments,Friday,January,1,0,0,0,0,1,23,1937.0,44561.0
2026-01-31,V036,Douala,Marché Nkoulouloun,Palm Oil & Condiments,Saturday,January,1,1,0,0,0,1,24,2000.0,48000.0
2026-02-01,V036,Douala,Marché Nkoulouloun,Palm Oil & Condiments,Sunday,February,2,1,0,0,0,0,17,1704.0,28973.0
2026-02-02,V036,Douala,Marché Nkoulouloun,Palm Oil & Condiments,Monday,February,2,0,0,0,0,0,10,2032.0,20318.0
2026-02-03,V036,Douala,Marché Nkoulouloun,Palm Oil & Condiments,Tuesday,February,2,0,0,0,0,0,12,1750.0,20996.0
2026-02-04,V036,Douala,Marché Nkoulouloun,Palm Oil & Condiments,Wednesday,February,2,0,0,0,0,0,9,2748.0,24728.0
2026-02-05,V036,Douala,Marché Nkoulouloun,Palm Oil & Condiments,Thursday,February,2,0,0,0,0,0,22,1704.0,37489.0
2026-02-06,V036,Douala,Marché Nkoulouloun,Palm Oil & Condiments,Friday,February,2,0,0,0,0,0,14,1697.0,23758.0
2026-02-07,V036,Douala,Marché Nkoulouloun,Palm Oil & Condiments,Saturday,February,2,1,0,0,1,0,35,1858.0,65043.0
2026-02-08,V036,Douala,Marché Nkoulouloun,Palm Oil & Condiments,Sunday,February,2,1,0,0,0,0,17,1969.0,33481.0
2026-02-09,V036,Douala,Marché Nkoulouloun,Palm Oil & Condiments,Monday,February,2,0,0,0,0,0,16,1662.0,26587.0
2026-02-10,V036,Douala,Marché Nkoulouloun,Palm Oil & Condiments,Tuesday,February,2,0,0,0,0,0,10,2054.0,20543.0
2026-02-11,V036,Douala,Marché Nkoulouloun,Palm Oil & Condiments,Wednesday,February,2,0,1,0,0,0,19,1768.0,33591.0
2026-02-12,V036,Douala,Marché Nkoulouloun,Palm Oil & Condiments,Thursday,February,2,0,0,0,0,0,16,1879.0,30064.0
2026-02-13,V036,Douala,Marché Nkoulouloun,Palm Oil & Condiments,Friday,February,2,0,0,0,0,0,18,1619.0,29133.0
2026-02-14,V036,Douala,Marché Nkoulouloun,Palm Oil & Condiments,Saturday,February,2,1,0,0,0,0,17,1979.0,33635.0
2026-02-15,V036,Douala,Marché Nkoulouloun,Palm Oil & Condiments,Sunday,February,2,1,0,0,0,0,19,1721.0,32699.0
2026-02-16,V036,Douala,Marché Nkoulouloun,Palm Oil & Condiments,Monday,February,2,0,0,0,0,0,14,1641.0,22974.0
2026-02-17,V036,Douala,Marché Nkoulouloun,Palm Oil & Condiments,Tuesday,February,2,0,0,0,0,0,16,1993.0,31882.0
2026-02-18,V036,Douala,Marché Nkoulouloun,Palm Oil & Condiments,Wednesday,February,2,0,0,0,0,0,16,1770.0,28313.0
2026-02-19,V036,Douala,Marché Nkoulouloun,Palm Oil & Condiments,Thursday,February,2,0,0,0,0,0,10,2627.0,26275.0
2026-02-20,V036,Douala,Marché Nkoulouloun,Palm Oil & Condiments,Friday,February,2,0,0,0,0,0,21,1733.0,36394.0
2026-02-21,V036,Douala,Marché Nkoulouloun,Palm Oil & Condiments,Saturday,February,2,1,0,0,1,0,32,1879.0,60140.0
2026-02-22,V036,Douala,Marché Nkoulouloun,Palm Oil & Condiments,Sunday,February,2,1,0,0,0,0,14,2065.0,28906.0
2026-02-23,V036,Douala,Marché Nkoulouloun,Palm Oil & Condiments,Monday,February,2,0,0,0,0,0,7,2016.0,14115.0
2026-02-24,V036,Douala,Marché Nkoulouloun,Palm Oil & Condiments,Tuesday,February,2,0,0,0,0,0,25,1675.0,41882.0
2026-02-25,V036,Douala,Marché Nkoulouloun,Palm Oil & Condiments,Wednesday,February,2,0,0,0,0,0,11,2006.0,22070.0
2026-02-26,V036,Douala,Marché Nkoulouloun,Palm Oil & Condiments,Thursday,February,2,0,0,0,0,1,19,1540.0,29252.0
2026-02-27,V036,Douala,Marché Nkoulouloun,Palm Oil & Condiments,Friday,February,2,0,0,0,0,1,32,1831.0,58606.0
2026-02-28,V036,Douala,Marché Nkoulouloun,Palm Oil & Condiments,Saturday,February,2,1,0,0,0,1,29,1743.0,50535.0
2026-03-01,V036,Douala,Marché Nkoulouloun,Palm Oil & Condiments,Sunday,March,3,1,0,0,0,0,18,1806.0,32501.0
2026-03-02,V036,Douala,Marché Nkoulouloun,Palm Oil & Condiments,Monday,March,3,0,0,0,0,0,14,1745.0,24424.0
2026-03-03,V036,Douala,Marché Nkoulouloun,Palm Oil & Condiments,Tuesday,March,3,0,0,0,0,0,8,2219.0,17754.0
2026-03-04,V036,Douala,Marché Nkoulouloun,Palm Oil & Condiments,Wednesday,March,3,0,0,0,0,0,13,1640.0,21324.0
2026-03-05,V036,Douala,Marché Nkoulouloun,Palm Oil & Condiments,Thursday,March,3,0,0,0,0,0,10,2425.0,24254.0
2026-03-06,V036,Douala,Marché Nkoulouloun,Palm Oil & Condiments,Friday,March,3,0,0,0,0,0,14,1768.0,24748.0
2026-03-07,V036,Douala,Marché Nkoulouloun,Palm Oil & Condiments,Saturday,March,3,1,0,0,1,0,22,1902.0,41837.0
2026-03-08,V036,Douala,Marché Nkoulouloun,Palm Oil & Condiments,Sunday,March,3,1,1,0,0,0,30,1806.0,54174.0
2026-03-09,V036,Douala,Marché Nkoulouloun,Palm Oil & Condiments,Monday,March,3,0,0,0,0,0,9,2454.0,22089.0
2026-03-10,V036,Douala,Marché Nkoulouloun,Palm Oil & Condiments,Tuesday,March,3,0,0,0,0,0,15,1835.0,27528.0
2026-03-11,V036,Douala,Marché Nkoulouloun,Palm Oil & Condiments,Wednesday,March,3,0,0,0,0,0,11,2662.0,29282.0
2026-03-12,V036,Douala,Marché Nkoulouloun,Palm Oil & Condiments,Thursday,March,3,0,0,0,0,0,15,2286.0,34286.0
2026-03-13,V036,Douala,Marché Nkoulouloun,Palm Oil & Condiments,Friday,March,3,0,0,0,0,0,20,1565.0,31297.0
2026-03-14,V036,Douala,Marché Nkoulouloun,Palm Oil & Condiments,Saturday,March,3,1,0,0,0,0,15,1869.0,28034.0
2026-03-15,V036,Douala,Marché Nkoulouloun,Palm Oil & Condiments,Sunday,March,3,1,0,0,0,0,17,1825.0,31021.0
2026-03-16,V036,Douala,Marché Nkoulouloun,Palm Oil & Condiments,Monday,March,3,0,0,0,0,0,14,1844.0,25816.0
2026-03-17,V036,Douala,Marché Nkoulouloun,Palm Oil & Condiments,Tuesday,March,3,0,0,0,0,0,11,1818.0,19999.0
2026-03-18,V036,Douala,Marché Nkoulouloun,Palm Oil & Condiments,Wednesday,March,3,0,0,0,0,0,14,1879.0,26299.0
2026-03-19,V036,Douala,Marché Nkoulouloun,Palm Oil & Condiments,Thursday,March,3,0,0,0,0,0,25,1627.0,40669.0
2026-03-20,V036,Douala,Marché Nkoulouloun,Palm Oil & Condiments,Friday,March,3,0,0,0,0,0,27,1757.0,47444.0
2026-03-21,V036,Douala,Marché Nkoulouloun,Palm Oil & Condiments,Saturday,March,3,1,0,0,1,0,36,1894.0,68192.0
2026-03-22,V036,Douala,Marché Nkoulouloun,Palm Oil & Condiments,Sunday,March,3,1,0,0,0,0,15,2037.0,30553.0
2026-03-23,V036,Douala,Marché Nkoulouloun,Palm Oil & Condiments,Monday,March,3,0,0,0,0,0,12,1845.0,22145.0
2026-03-24,V036,Douala,Marché Nkoulouloun,Palm Oil & Condiments,Tuesday,March,3,0,0,0,0,0,15,1760.0,26407.0
2026-03-25,V036,Douala,Marché Nkoulouloun,Palm Oil & Condiments,Wednesday,March,3,0,0,0,0,0,17,2125.0,36121.0
2026-03-26,V036,Douala,Marché Nkoulouloun,Palm Oil & Condiments,Thursday,March,3,0,0,0,0,0,7,3213.0,22489.0
2026-03-27,V036,Douala,Marché Nkoulouloun,Palm Oil & Condiments,Friday,March,3,0,0,0,0,0,15,1956.0,29344.0
2026-03-28,V036,Douala,Marché Nkoulouloun,Palm Oil & Condiments,Saturday,March,3,1,0,0,0,0,18,2053.0,36956.0
2026-03-29,V036,Douala,Marché Nkoulouloun,Palm Oil & Condiments,Sunday,March,3,1,0,0,0,1,20,1904.0,38089.0
2026-03-30,V036,Douala,Marché Nkoulouloun,Palm Oil & Condiments,Monday,March,3,0,0,0,0,1,13,1827.0,23746.0
2026-03-31,V036,Douala,Marché Nkoulouloun,Palm Oil & Condiments,Tuesday,March,3,0,0,0,0,1,16,1650.0,26403.0
2025-09-01,V037,Douala,Marché Nkoulouloun,Fresh Vegetables,Monday,September,9,0,0,1,0,0,11,2206.0,24268.0
2025-09-02,V037,Douala,Marché Nkoulouloun,Fresh Vegetables,Tuesday,September,9,0,0,1,0,0,25,1737.0,43418.0
2025-09-03,V037,Douala,Marché Nkoulouloun,Fresh Vegetables,Wednesday,September,9,0,0,1,0,0,12,2146.0,25750.0
2025-09-04,V037,Douala,Marché Nkoulouloun,Fresh Vegetables,Thursday,September,9,0,0,1,0,0,10,2484.0,24836.0
2025-09-05,V037,Douala,Marché Nkoulouloun,Fresh Vegetables,Friday,September,9,0,0,1,0,0,31,1878.0,58207.0
2025-09-06,V037,Douala,Marché Nkoulouloun,Fresh Vegetables,Saturday,September,9,1,0,1,1,0,43,1883.0,80979.0
2025-09-07,V037,Douala,Marché Nkoulouloun,Fresh Vegetables,Sunday,September,9,1,0,1,0,0,32,1930.0,61769.0
2025-09-08,V037,Douala,Marché Nkoulouloun,Fresh Vegetables,Monday,September,9,0,0,1,0,0,14,1871.0,26194.0
2025-09-09,V037,Douala,Marché Nkoulouloun,Fresh Vegetables,Tuesday,September,9,0,0,1,0,0,14,1662.0,23266.0
2025-09-10,V037,Douala,Marché Nkoulouloun,Fresh Vegetables,Wednesday,September,9,0,0,1,0,0,24,1539.0,36934.0
2025-09-11,V037,Douala,Marché Nkoulouloun,Fresh Vegetables,Thursday,September,9,0,0,1,0,0,26,1598.0,41542.0
2025-09-12,V037,Douala,Marché Nkoulouloun,Fresh Vegetables,Friday,September,9,0,0,1,0,0,27,1746.0,47147.0
2025-09-13,V037,Douala,Marché Nkoulouloun,Fresh Vegetables,Saturday,September,9,1,0,1,0,0,26,1837.0,47767.0
2025-09-14,V037,Douala,Marché Nkoulouloun,Fresh Vegetables,Sunday,September,9,1,0,1,0,0,24,1992.0,47799.0
2025-09-15,V037,Douala,Marché Nkoulouloun,Fresh Vegetables,Monday,September,9,0,0,1,0,0,15,1874.0,28114.0
2025-09-16,V037,Douala,Marché Nkoulouloun,Fresh Vegetables,Tuesday,September,9,0,0,1,0,0,19,1918.0,36445.0
2025-09-17,V037,Douala,Marché Nkoulouloun,Fresh Vegetables,Wednesday,September,9,0,0,1,0,0,33,1714.0,56572.0
2025-09-18,V037,Douala,Marché Nkoulouloun,Fresh Vegetables,Thursday,September,9,0,0,1,0,0,18,1777.0,31983.0
2025-09-19,V037,Douala,Marché Nkoulouloun,Fresh Vegetables,Friday,September,9,0,0,1,0,0,34,1742.0,59219.0
2025-09-20,V037,Douala,Marché Nkoulouloun,Fresh Vegetables,Saturday,September,9,1,0,1,1,0,42,1736.0,72901.0
2025-09-21,V037,Douala,Marché Nkoulouloun,Fresh Vegetables,Sunday,September,9,1,0,1,0,0,19,1807.0,34340.0
2025-09-22,V037,Douala,Marché Nkoulouloun,Fresh Vegetables,Monday,September,9,0,0,1,0,0,24,1923.0,46149.0
2025-09-23,V037,Douala,Marché Nkoulouloun,Fresh Vegetables,Tuesday,September,9,0,0,1,0,0,14,2038.0,28538.0
2025-09-24,V037,Douala,Marché Nkoulouloun,Fresh Vegetables,Wednesday,September,9,0,0,1,0,0,21,1625.0,34134.0
2025-09-25,V037,Douala,Marché Nkoulouloun,Fresh Vegetables,Thursday,September,9,0,0,1,0,0,20,1527.0,30545.0
2025-09-26,V037,Douala,Marché Nkoulouloun,Fresh Vegetables,Friday,September,9,0,0,1,0,0,26,1833.0,47657.0
2025-09-27,V037,Douala,Marché Nkoulouloun,Fresh Vegetables,Saturday,September,9,1,0,1,0,0,33,1857.0,61285.0
2025-09-28,V037,Douala,Marché Nkoulouloun,Fresh Vegetables,Sunday,September,9,1,0,1,0,1,28,1901.0,53227.0
2025-09-29,V037,Douala,Marché Nkoulouloun,Fresh Vegetables,Monday,September,9,0,0,1,0,1,13,1866.0,24261.0
2025-09-30,V037,Douala,Marché Nkoulouloun,Fresh Vegetables,Tuesday,September,9,0,0,1,0,1,28,1737.0,48639.0
2025-10-01,V037,Douala,Marché Nkoulouloun,Fresh Vegetables,Wednesday,October,10,0,0,1,0,0,15,1809.0,27141.0
2025-10-02,V037,Douala,Marché Nkoulouloun,Fresh Vegetables,Thursday,October,10,0,0,1,0,0,24,1764.0,42326.0
2025-10-03,V037,Douala,Marché Nkoulouloun,Fresh Vegetables,Friday,October,10,0,0,1,0,0,24,1744.0,41845.0
2025-10-04,V037,Douala,Marché Nkoulouloun,Fresh Vegetables,Saturday,October,10,1,0,1,1,0,46,1676.0,77098.0
2025-10-05,V037,Douala,Marché Nkoulouloun,Fresh Vegetables,Sunday,October,10,1,0,1,0,0,29,1778.0,51552.0
2025-10-06,V037,Douala,Marché Nkoulouloun,Fresh Vegetables,Monday,October,10,0,0,1,0,0,24,1705.0,40916.0
2025-10-07,V037,Douala,Marché Nkoulouloun,Fresh Vegetables,Tuesday,October,10,0,0,1,0,0,17,2006.0,34104.0
2025-10-08,V037,Douala,Marché Nkoulouloun,Fresh Vegetables,Wednesday,October,10,0,0,1,0,0,22,1787.0,39309.0
2025-10-09,V037,Douala,Marché Nkoulouloun,Fresh Vegetables,Thursday,October,10,0,0,1,0,0,27,1845.0,49805.0
2025-10-10,V037,Douala,Marché Nkoulouloun,Fresh Vegetables,Friday,October,10,0,0,1,0,0,22,1745.0,38380.0
2025-10-11,V037,Douala,Marché Nkoulouloun,Fresh Vegetables,Saturday,October,10,1,0,1,0,0,37,1801.0,66642.0
2025-10-12,V037,Douala,Marché Nkoulouloun,Fresh Vegetables,Sunday,October,10,1,0,1,0,0,20,1872.0,37430.0
2025-10-13,V037,Douala,Marché Nkoulouloun,Fresh Vegetables,Monday,October,10,0,0,1,0,0,28,1616.0,45261.0
2025-10-14,V037,Douala,Marché Nkoulouloun,Fresh Vegetables,Tuesday,October,10,0,0,1,0,0,9,2740.0,24657.0
2025-10-15,V037,Douala,Marché Nkoulouloun,Fresh Vegetables,Wednesday,October,10,0,0,1,0,0,19,1557.0,29583.0
2025-10-16,V037,Douala,Marché Nkoulouloun,Fresh Vegetables,Thursday,October,10,0,0,1,0,0,15,2051.0,30758.0
2025-10-17,V037,Douala,Marché Nkoulouloun,Fresh Vegetables,Friday,October,10,0,0,1,0,0,33,1733.0,57191.0
2025-10-18,V037,Douala,Marché Nkoulouloun,Fresh Vegetables,Saturday,October,10,1,0,1,1,0,46,1870.0,86017.0
2025-10-19,V037,Douala,Marché Nkoulouloun,Fresh Vegetables,Sunday,October,10,1,0,1,0,0,28,1823.0,51046.0
2025-10-20,V037,Douala,Marché Nkoulouloun,Fresh Vegetables,Monday,October,10,0,0,1,0,0,26,1890.0,49134.0
2025-10-21,V037,Douala,Marché Nkoulouloun,Fresh Vegetables,Tuesday,October,10,0,0,1,0,0,25,1784.0,44606.0
2025-10-22,V037,Douala,Marché Nkoulouloun,Fresh Vegetables,Wednesday,October,10,0,0,1,0,0,25,1615.0,40386.0
2025-10-23,V037,Douala,Marché Nkoulouloun,Fresh Vegetables,Thursday,October,10,0,0,1,0,0,18,2258.0,40636.0
2025-10-24,V037,Douala,Marché Nkoulouloun,Fresh Vegetables,Friday,October,10,0,0,1,0,0,28,1843.0,51596.0
2025-10-25,V037,Douala,Marché Nkoulouloun,Fresh Vegetables,Saturday,October,10,1,0,1,0,0,28,1647.0,46110.0
2025-10-26,V037,Douala,Marché Nkoulouloun,Fresh Vegetables,Sunday,October,10,1,0,1,0,0,24,1663.0,39914.0
2025-10-27,V037,Douala,Marché Nkoulouloun,Fresh Vegetables,Monday,October,10,0,0,1,0,0,29,1627.0,47192.0
2025-10-28,V037,Douala,Marché Nkoulouloun,Fresh Vegetables,Tuesday,October,10,0,0,1,0,0,28,1691.0,47338.0
2025-10-29,V037,Douala,Marché Nkoulouloun,Fresh Vegetables,Wednesday,October,10,0,0,1,0,1,24,1770.0,42487.0
2025-10-30,V037,Douala,Marché Nkoulouloun,Fresh Vegetables,Thursday,October,10,0,0,1,0,1,20,2059.0,41176.0
2025-10-31,V037,Douala,Marché Nkoulouloun,Fresh Vegetables,Friday,October,10,0,0,1,0,1,37,1688.0,62474.0
2025-11-01,V037,Douala,Marché Nkoulouloun,Fresh Vegetables,Saturday,November,11,1,0,0,1,0,37,1656.0,61290.0
2025-11-02,V037,Douala,Marché Nkoulouloun,Fresh Vegetables,Sunday,November,11,1,0,0,0,0,22,1794.0,39465.0
2025-11-03,V037,Douala,Marché Nkoulouloun,Fresh Vegetables,Monday,November,11,0,0,0,0,0,16,1963.0,31413.0
2025-11-04,V037,Douala,Marché Nkoulouloun,Fresh Vegetables,Tuesday,November,11,0,0,0,0,0,18,1735.0,31228.0
2025-11-05,V037,Douala,Marché Nkoulouloun,Fresh Vegetables,Wednesday,November,11,0,0,0,0,0,23,1832.0,42147.0
2025-11-06,V037,Douala,Marché Nkoulouloun,Fresh Vegetables,Thursday,November,11,0,0,0,0,0,17,1764.0,29986.0
2025-11-07,V037,Douala,Marché Nkoulouloun,Fresh Vegetables,Friday,November,11,0,0,0,0,0,27,1871.0,50510.0
2025-11-08,V037,Douala,Marché Nkoulouloun,Fresh Vegetables,Saturday,November,11,1,0,0,0,0,41,1961.0,80407.0
2025-11-09,V037,Douala,Marché Nkoulouloun,Fresh Vegetables,Sunday,November,11,1,0,0,0,0,15,1999.0,29981.0
2025-11-10,V037,Douala,Marché Nkoulouloun,Fresh Vegetables,Monday,November,11,0,0,0,0,0,18,2096.0,37724.0
2025-11-11,V037,Douala,Marché Nkoulouloun,Fresh Vegetables,Tuesday,November,11,0,0,0,0,0,18,1625.0,29250.0
2025-11-12,V037,Douala,Marché Nkoulouloun,Fresh Vegetables,Wednesday,November,11,0,0,0,0,0,22,1787.0,39316.0
2025-11-13,V037,Douala,Marché Nkoulouloun,Fresh Vegetables,Thursday,November,11,0,0,0,0,0,23,1917.0,44088.0
2025-11-14,V037,Douala,Marché Nkoulouloun,Fresh Vegetables,Friday,November,11,0,0,0,0,0,25,1749.0,43728.0
2025-11-15,V037,Douala,Marché Nkoulouloun,Fresh Vegetables,Saturday,November,11,1,0,0,1,0,25,2129.0,53220.0
2025-11-16,V037,Douala,Marché Nkoulouloun,Fresh Vegetables,Sunday,November,11,1,0,0,0,0,24,1722.0,41334.0
2025-11-17,V037,Douala,Marché Nkoulouloun,Fresh Vegetables,Monday,November,11,0,0,0,0,0,21,1655.0,34759.0
2025-11-18,V037,Douala,Marché Nkoulouloun,Fresh Vegetables,Tuesday,November,11,0,0,0,0,0,14,1734.0,24276.0
2025-11-19,V037,Douala,Marché Nkoulouloun,Fresh Vegetables,Wednesday,November,11,0,0,0,0,0,19,2142.0,40694.0
2025-11-20,V037,Douala,Marché Nkoulouloun,Fresh Vegetables,Thursday,November,11,0,0,0,0,0,24,1864.0,44733.0
2025-11-21,V037,Douala,Marché Nkoulouloun,Fresh Vegetables,Friday,November,11,0,0,0,0,0,40,2034.0,81373.0
2025-11-22,V037,Douala,Marché Nkoulouloun,Fresh Vegetables,Saturday,November,11,1,0,0,0,0,40,1838.0,73511.0
2025-11-23,V037,Douala,Marché Nkoulouloun,Fresh Vegetables,Sunday,November,11,1,0,0,0,0,17,1965.0,33401.0
2025-11-24,V037,Douala,Marché Nkoulouloun,Fresh Vegetables,Monday,November,11,0,0,0,0,0,21,1662.0,34896.0
2025-11-25,V037,Douala,Marché Nkoulouloun,Fresh Vegetables,Tuesday,November,11,0,0,0,0,0,29,1641.0,47579.0
2025-11-26,V037,Douala,Marché Nkoulouloun,Fresh Vegetables,Wednesday,November,11,0,0,0,0,0,19,1600.0,30405.0
2025-11-27,V037,Douala,Marché Nkoulouloun,Fresh Vegetables,Thursday,November,11,0,0,0,0,0,21,1957.0,41098.0
2025-11-28,V037,Douala,Marché Nkoulouloun,Fresh Vegetables,Friday,November,11,0,0,0,0,1,27,1919.0,51822.0
2025-11-29,V037,Douala,Marché Nkoulouloun,Fresh Vegetables,Saturday,November,11,1,0,0,0,1,35,1900.0,66515.0
2025-11-30,V037,Douala,Marché Nkoulouloun,Fresh Vegetables,Sunday,November,11,1,0,0,0,1,24,1780.0,42709.0
2025-12-01,V037,Douala,Marché Nkoulouloun,Fresh Vegetables,Monday,December,12,0,0,0,0,0,20,1859.0,37174.0
2025-12-02,V037,Douala,Marché Nkoulouloun,Fresh Vegetables,Tuesday,December,12,0,0,0,0,0,24,1860.0,44639.0
2025-12-03,V037,Douala,Marché Nkoulouloun,Fresh Vegetables,Wednesday,December,12,0,0,0,0,0,20,1713.0,34256.0
2025-12-04,V037,Douala,Marché Nkoulouloun,Fresh Vegetables,Thursday,December,12,0,0,0,0,0,20,1870.0,37401.0
2025-12-05,V037,Douala,Marché Nkoulouloun,Fresh Vegetables,Friday,December,12,0,0,0,0,0,16,1859.0,29741.0
2025-12-06,V037,Douala,Marché Nkoulouloun,Fresh Vegetables,Saturday,December,12,1,0,0,1,0,24,2033.0,48794.0
2025-12-07,V037,Douala,Marché Nkoulouloun,Fresh Vegetables,Sunday,December,12,1,0,0,0,0,17,2067.0,35139.0
2025-12-08,V037,Douala,Marché Nkoulouloun,Fresh Vegetables,Monday,December,12,0,0,0,0,0,15,2005.0,30073.0
2025-12-09,V037,Douala,Marché Nkoulouloun,Fresh Vegetables,Tuesday,December,12,0,0,0,0,0,22,1788.0,39331.0
2025-12-10,V037,Douala,Marché Nkoulouloun,Fresh Vegetables,Wednesday,December,12,0,0,0,0,0,14,1835.0,25692.0
2025-12-11,V037,Douala,Marché Nkoulouloun,Fresh Vegetables,Thursday,December,12,0,0,0,0,0,21,1931.0,40561.0
2025-12-12,V037,Douala,Marché Nkoulouloun,Fresh Vegetables,Friday,December,12,0,0,0,0,0,26,1781.0,46305.0
2025-12-13,V037,Douala,Marché Nkoulouloun,Fresh Vegetables,Saturday,December,12,1,0,0,0,0,33,1998.0,65932.0
2025-12-14,V037,Douala,Marché Nkoulouloun,Fresh Vegetables,Sunday,December,12,1,0,0,0,0,26,1645.0,42764.0
2025-12-15,V037,Douala,Marché Nkoulouloun,Fresh Vegetables,Monday,December,12,0,0,0,0,0,25,1714.0,42838.0
2025-12-16,V037,Douala,Marché Nkoulouloun,Fresh Vegetables,Tuesday,December,12,0,0,0,0,0,24,1602.0,38439.0
2025-12-17,V037,Douala,Marché Nkoulouloun,Fresh Vegetables,Wednesday,December,12,0,0,0,0,0,28,1825.0,51090.0
2025-12-18,V037,Douala,Marché Nkoulouloun,Fresh Vegetables,Thursday,December,12,0,0,0,0,0,17,1892.0,32170.0
2025-12-19,V037,Douala,Marché Nkoulouloun,Fresh Vegetables,Friday,December,12,0,0,0,0,0,42,1946.0,81745.0
2025-12-20,V037,Douala,Marché Nkoulouloun,Fresh Vegetables,Saturday,December,12,1,0,0,1,0,31,2009.0,62291.0
2025-12-21,V037,Douala,Marché Nkoulouloun,Fresh Vegetables,Sunday,December,12,1,0,0,0,0,22,2077.0,45702.0
2025-12-22,V037,Douala,Marché Nkoulouloun,Fresh Vegetables,Monday,December,12,0,0,0,0,0,14,2325.0,32553.0
2025-12-23,V037,Douala,Marché Nkoulouloun,Fresh Vegetables,Tuesday,December,12,0,0,0,0,0,24,1625.0,39002.0
2025-12-24,V037,Douala,Marché Nkoulouloun,Fresh Vegetables,Wednesday,December,12,0,0,0,0,0,18,1876.0,33760.0
2025-12-25,V037,Douala,Marché Nkoulouloun,Fresh Vegetables,Thursday,December,12,0,1,0,0,0,26,1788.0,46491.0
2025-12-26,V037,Douala,Marché Nkoulouloun,Fresh Vegetables,Friday,December,12,0,0,0,0,0,27,1722.0,46494.0
2025-12-27,V037,Douala,Marché Nkoulouloun,Fresh Vegetables,Saturday,December,12,1,0,0,0,0,38,1888.0,71732.0
2025-12-28,V037,Douala,Marché Nkoulouloun,Fresh Vegetables,Sunday,December,12,1,0,0,0,0,25,1691.0,42267.0
2025-12-29,V037,Douala,Marché Nkoulouloun,Fresh Vegetables,Monday,December,12,0,0,0,0,1,12,2463.0,29556.0
2025-12-30,V037,Douala,Marché Nkoulouloun,Fresh Vegetables,Tuesday,December,12,0,0,0,0,1,24,1742.0,41802.0
2025-12-31,V037,Douala,Marché Nkoulouloun,Fresh Vegetables,Wednesday,December,12,0,0,0,0,1,19,1923.0,36530.0
2026-01-01,V037,Douala,Marché Nkoulouloun,Fresh Vegetables,Thursday,January,1,0,1,0,0,0,21,1988.0,41756.0
2026-01-02,V037,Douala,Marché Nkoulouloun,Fresh Vegetables,Friday,January,1,0,0,0,0,0,27,1964.0,53039.0
2026-01-03,V037,Douala,Marché Nkoulouloun,Fresh Vegetables,Saturday,January,1,1,0,0,1,0,34,1901.0,64632.0
2026-01-04,V037,Douala,Marché Nkoulouloun,Fresh Vegetables,Sunday,January,1,1,0,0,0,0,20,1719.0,34389.0
2026-01-05,V037,Douala,Marché Nkoulouloun,Fresh Vegetables,Monday,January,1,0,0,0,0,0,17,1778.0,30231.0
2026-01-06,V037,Douala,Marché Nkoulouloun,Fresh Vegetables,Tuesday,January,1,0,0,0,0,0,13,2046.0,26602.0
2026-01-07,V037,Douala,Marché Nkoulouloun,Fresh Vegetables,Wednesday,January,1,0,0,0,0,0,28,1480.0,41449.0
2026-01-08,V037,Douala,Marché Nkoulouloun,Fresh Vegetables,Thursday,January,1,0,0,0,0,0,14,1917.0,26838.0
2026-01-09,V037,Douala,Marché Nkoulouloun,Fresh Vegetables,Friday,January,1,0,0,0,0,0,26,1939.0,50421.0
2026-01-10,V037,Douala,Marché Nkoulouloun,Fresh Vegetables,Saturday,January,1,1,0,0,0,0,35,1913.0,66948.0
2026-01-11,V037,Douala,Marché Nkoulouloun,Fresh Vegetables,Sunday,January,1,1,0,0,0,0,24,1914.0,45942.0
2026-01-12,V037,Douala,Marché Nkoulouloun,Fresh Vegetables,Monday,January,1,0,0,0,0,0,21,1969.0,41344.0
2026-01-13,V037,Douala,Marché Nkoulouloun,Fresh Vegetables,Tuesday,January,1,0,0,0,0,0,20,1638.0,32757.0
2026-01-14,V037,Douala,Marché Nkoulouloun,Fresh Vegetables,Wednesday,January,1,0,0,0,0,0,16,1879.0,30064.0
2026-01-15,V037,Douala,Marché Nkoulouloun,Fresh Vegetables,Thursday,January,1,0,0,0,0,0,13,2122.0,27591.0
2026-01-16,V037,Douala,Marché Nkoulouloun,Fresh Vegetables,Friday,January,1,0,0,0,0,0,25,2006.0,50148.0
2026-01-17,V037,Douala,Marché Nkoulouloun,Fresh Vegetables,Saturday,January,1,1,0,0,1,0,35,1756.0,61466.0
2026-01-18,V037,Douala,Marché Nkoulouloun,Fresh Vegetables,Sunday,January,1,1,0,0,0,0,24,1678.0,40263.0
2026-01-19,V037,Douala,Marché Nkoulouloun,Fresh Vegetables,Monday,January,1,0,0,0,0,0,20,1726.0,34510.0
2026-01-20,V037,Douala,Marché Nkoulouloun,Fresh Vegetables,Tuesday,January,1,0,0,0,0,0,24,1818.0,43633.0
2026-01-21,V037,Douala,Marché Nkoulouloun,Fresh Vegetables,Wednesday,January,1,0,0,0,0,0,28,1704.0,47721.0
2026-01-22,V037,Douala,Marché Nkoulouloun,Fresh Vegetables,Thursday,January,1,0,0,0,0,0,21,1660.0,34859.0
2026-01-23,V037,Douala,Marché Nkoulouloun,Fresh Vegetables,Friday,January,1,0,0,0,0,0,26,1888.0,49092.0
2026-01-24,V037,Douala,Marché Nkoulouloun,Fresh Vegetables,Saturday,January,1,1,0,0,0,0,35,1726.0,60407.0
2026-01-25,V037,Douala,Marché Nkoulouloun,Fresh Vegetables,Sunday,January,1,1,0,0,0,0,30,1617.0,48501.0
2026-01-26,V037,Douala,Marché Nkoulouloun,Fresh Vegetables,Monday,January,1,0,0,0,0,0,23,1755.0,40367.0
2026-01-27,V037,Douala,Marché Nkoulouloun,Fresh Vegetables,Tuesday,January,1,0,0,0,0,0,15,1934.0,29013.0
2026-01-28,V037,Douala,Marché Nkoulouloun,Fresh Vegetables,Wednesday,January,1,0,0,0,0,0,21,1745.0,36645.0
2026-01-29,V037,Douala,Marché Nkoulouloun,Fresh Vegetables,Thursday,January,1,0,0,0,0,1,27,1830.0,49403.0
2026-01-30,V037,Douala,Marché Nkoulouloun,Fresh Vegetables,Friday,January,1,0,0,0,0,1,32,1719.0,55016.0
2026-01-31,V037,Douala,Marché Nkoulouloun,Fresh Vegetables,Saturday,January,1,1,0,0,0,1,34,1665.0,56612.0
2026-02-01,V037,Douala,Marché Nkoulouloun,Fresh Vegetables,Sunday,February,2,1,0,0,0,0,20,1546.0,30913.0
2026-02-02,V037,Douala,Marché Nkoulouloun,Fresh Vegetables,Monday,February,2,0,0,0,0,0,20,1646.0,32927.0
2026-02-03,V037,Douala,Marché Nkoulouloun,Fresh Vegetables,Tuesday,February,2,0,0,0,0,0,21,1774.0,37260.0
2026-02-04,V037,Douala,Marché Nkoulouloun,Fresh Vegetables,Wednesday,February,2,0,0,0,0,0,23,1738.0,39970.0
2026-02-05,V037,Douala,Marché Nkoulouloun,Fresh Vegetables,Thursday,February,2,0,0,0,0,0,22,1641.0,36102.0
2026-02-06,V037,Douala,Marché Nkoulouloun,Fresh Vegetables,Friday,February,2,0,0,0,0,0,21,1834.0,38513.0
2026-02-07,V037,Douala,Marché Nkoulouloun,Fresh Vegetables,Saturday,February,2,1,0,0,1,0,45,1751.0,78806.0
2026-02-08,V037,Douala,Marché Nkoulouloun,Fresh Vegetables,Sunday,February,2,1,0,0,0,0,26,1867.0,48551.0
2026-02-09,V037,Douala,Marché Nkoulouloun,Fresh Vegetables,Monday,February,2,0,0,0,0,0,20,1951.0,39011.0
2026-02-10,V037,Douala,Marché Nkoulouloun,Fresh Vegetables,Tuesday,February,2,0,0,0,0,0,26,1840.0,47832.0
2026-02-11,V037,Douala,Marché Nkoulouloun,Fresh Vegetables,Wednesday,February,2,0,1,0,0,0,16,2142.0,34274.0
2026-02-12,V037,Douala,Marché Nkoulouloun,Fresh Vegetables,Thursday,February,2,0,0,0,0,0,21,1838.0,38605.0
2026-02-13,V037,Douala,Marché Nkoulouloun,Fresh Vegetables,Friday,February,2,0,0,0,0,0,34,1963.0,66736.0
2026-02-14,V037,Douala,Marché Nkoulouloun,Fresh Vegetables,Saturday,February,2,1,0,0,0,0,30,1929.0,57864.0
2026-02-15,V037,Douala,Marché Nkoulouloun,Fresh Vegetables,Sunday,February,2,1,0,0,0,0,26,1573.0,40895.0
2026-02-16,V037,Douala,Marché Nkoulouloun,Fresh Vegetables,Monday,February,2,0,0,0,0,0,16,1691.0,27055.0
2026-02-17,V037,Douala,Marché Nkoulouloun,Fresh Vegetables,Tuesday,February,2,0,0,0,0,0,20,1873.0,37456.0
2026-02-18,V037,Douala,Marché Nkoulouloun,Fresh Vegetables,Wednesday,February,2,0,0,0,0,0,19,2091.0,39721.0
2026-02-19,V037,Douala,Marché Nkoulouloun,Fresh Vegetables,Thursday,February,2,0,0,0,0,0,32,1613.0,51608.0
2026-02-20,V037,Douala,Marché Nkoulouloun,Fresh Vegetables,Friday,February,2,0,0,0,0,0,31,1523.0,47214.0
2026-02-21,V037,Douala,Marché Nkoulouloun,Fresh Vegetables,Saturday,February,2,1,0,0,1,0,35,1803.0,63098.0
2026-02-22,V037,Douala,Marché Nkoulouloun,Fresh Vegetables,Sunday,February,2,1,0,0,0,0,31,1865.0,57825.0
2026-02-23,V037,Douala,Marché Nkoulouloun,Fresh Vegetables,Monday,February,2,0,0,0,0,0,11,2353.0,25887.0
2026-02-24,V037,Douala,Marché Nkoulouloun,Fresh Vegetables,Tuesday,February,2,0,0,0,0,0,27,1873.0,50572.0
2026-02-25,V037,Douala,Marché Nkoulouloun,Fresh Vegetables,Wednesday,February,2,0,0,0,0,0,17,2058.0,34986.0
2026-02-26,V037,Douala,Marché Nkoulouloun,Fresh Vegetables,Thursday,February,2,0,0,0,0,1,27,1935.0,52248.0
2026-02-27,V037,Douala,Marché Nkoulouloun,Fresh Vegetables,Friday,February,2,0,0,0,0,1,27,1825.0,49281.0
2026-02-28,V037,Douala,Marché Nkoulouloun,Fresh Vegetables,Saturday,February,2,1,0,0,0,1,29,1881.0,54556.0
2026-03-01,V037,Douala,Marché Nkoulouloun,Fresh Vegetables,Sunday,March,3,1,0,0,0,0,32,1797.0,57517.0
2026-03-02,V037,Douala,Marché Nkoulouloun,Fresh Vegetables,Monday,March,3,0,0,0,0,0,19,1789.0,33985.0
2026-03-03,V037,Douala,Marché Nkoulouloun,Fresh Vegetables,Tuesday,March,3,0,0,0,0,0,22,1479.0,32538.0
2026-03-04,V037,Douala,Marché Nkoulouloun,Fresh Vegetables,Wednesday,March,3,0,0,0,0,0,17,1839.0,31255.0
2026-03-05,V037,Douala,Marché Nkoulouloun,Fresh Vegetables,Thursday,March,3,0,0,0,0,0,23,1700.0,39104.0
2026-03-06,V037,Douala,Marché Nkoulouloun,Fresh Vegetables,Friday,March,3,0,0,0,0,0,31,1842.0,57098.0
2026-03-07,V037,Douala,Marché Nkoulouloun,Fresh Vegetables,Saturday,March,3,1,0,0,1,0,40,1786.0,71438.0
2026-03-08,V037,Douala,Marché Nkoulouloun,Fresh Vegetables,Sunday,March,3,1,1,0,0,0,17,2183.0,37108.0
2026-03-09,V037,Douala,Marché Nkoulouloun,Fresh Vegetables,Monday,March,3,0,0,0,0,0,15,1985.0,29771.0
2026-03-10,V037,Douala,Marché Nkoulouloun,Fresh Vegetables,Tuesday,March,3,0,0,0,0,0,17,1654.0,28123.0
2026-03-11,V037,Douala,Marché Nkoulouloun,Fresh Vegetables,Wednesday,March,3,0,0,0,0,0,19,1905.0,36189.0
2026-03-12,V037,Douala,Marché Nkoulouloun,Fresh Vegetables,Thursday,March,3,0,0,0,0,0,16,1909.0,30552.0
2026-03-13,V037,Douala,Marché Nkoulouloun,Fresh Vegetables,Friday,March,3,0,0,0,0,0,15,1945.0,29178.0
2026-03-14,V037,Douala,Marché Nkoulouloun,Fresh Vegetables,Saturday,March,3,1,0,0,0,0,32,1816.0,58112.0
2026-03-15,V037,Douala,Marché Nkoulouloun,Fresh Vegetables,Sunday,March,3,1,0,0,0,0,19,1775.0,33722.0
2026-03-16,V037,Douala,Marché Nkoulouloun,Fresh Vegetables,Monday,March,3,0,0,0,0,0,13,2117.0,27522.0
2026-03-17,V037,Douala,Marché Nkoulouloun,Fresh Vegetables,Tuesday,March,3,0,0,0,0,0,26,1527.0,39713.0
2026-03-18,V037,Douala,Marché Nkoulouloun,Fresh Vegetables,Wednesday,March,3,0,0,0,0,0,18,2028.0,36511.0
2026-03-19,V037,Douala,Marché Nkoulouloun,Fresh Vegetables,Thursday,March,3,0,0,0,0,0,23,1723.0,39626.0
2026-03-20,V037,Douala,Marché Nkoulouloun,Fresh Vegetables,Friday,March,3,0,0,0,0,0,34,1540.0,52352.0
2026-03-21,V037,Douala,Marché Nkoulouloun,Fresh Vegetables,Saturday,March,3,1,0,0,1,0,33,1806.0,59606.0
2026-03-22,V037,Douala,Marché Nkoulouloun,Fresh Vegetables,Sunday,March,3,1,0,0,0,0,35,1687.0,59056.0
2026-03-23,V037,Douala,Marché Nkoulouloun,Fresh Vegetables,Monday,March,3,0,0,0,0,0,12,1947.0,23369.0
2026-03-24,V037,Douala,Marché Nkoulouloun,Fresh Vegetables,Tuesday,March,3,0,0,0,0,0,31,1471.0,45588.0
2026-03-25,V037,Douala,Marché Nkoulouloun,Fresh Vegetables,Wednesday,March,3,0,0,0,0,0,22,1866.0,41061.0
2026-03-26,V037,Douala,Marché Nkoulouloun,Fresh Vegetables,Thursday,March,3,0,0,0,0,0,22,1452.0,31940.0
2026-03-27,V037,Douala,Marché Nkoulouloun,Fresh Vegetables,Friday,March,3,0,0,0,0,0,27,1977.0,53377.0
2026-03-28,V037,Douala,Marché Nkoulouloun,Fresh Vegetables,Saturday,March,3,1,0,0,0,0,31,1787.0,55392.0
2026-03-29,V037,Douala,Marché Nkoulouloun,Fresh Vegetables,Sunday,March,3,1,0,0,0,1,29,1954.0,56675.0
2026-03-30,V037,Douala,Marché Nkoulouloun,Fresh Vegetables,Monday,March,3,0,0,0,0,1,15,2279.0,34180.0
2026-03-31,V037,Douala,Marché Nkoulouloun,Fresh Vegetables,Tuesday,March,3,0,0,0,0,1,26,1861.0,48393.0
2025-09-01,V038,Douala,Marché Congo,Dried Fish & Crayfish,Monday,September,9,0,0,1,0,0,12,1755.0,21066.0
2025-09-02,V038,Douala,Marché Congo,Dried Fish & Crayfish,Tuesday,September,9,0,0,1,0,0,17,1794.0,30501.0
2025-09-03,V038,Douala,Marché Congo,Dried Fish & Crayfish,Wednesday,September,9,0,0,1,0,0,19,1746.0,33168.0
2025-09-04,V038,Douala,Marché Congo,Dried Fish & Crayfish,Thursday,September,9,0,0,1,0,0,17,2088.0,35502.0
2025-09-05,V038,Douala,Marché Congo,Dried Fish & Crayfish,Friday,September,9,0,0,1,0,0,24,1811.0,43456.0
2025-09-06,V038,Douala,Marché Congo,Dried Fish & Crayfish,Saturday,September,9,1,0,1,1,0,30,1722.0,51670.0
2025-09-07,V038,Douala,Marché Congo,Dried Fish & Crayfish,Sunday,September,9,1,0,1,0,0,24,1922.0,46130.0
2025-09-08,V038,Douala,Marché Congo,Dried Fish & Crayfish,Monday,September,9,0,0,1,0,0,14,1486.0,20797.0
2025-09-09,V038,Douala,Marché Congo,Dried Fish & Crayfish,Tuesday,September,9,0,0,1,0,0,16,1869.0,29897.0
2025-09-10,V038,Douala,Marché Congo,Dried Fish & Crayfish,Wednesday,September,9,0,0,1,0,0,17,1837.0,31226.0
2025-09-11,V038,Douala,Marché Congo,Dried Fish & Crayfish,Thursday,September,9,0,0,1,0,0,20,1701.0,34011.0
2025-09-12,V038,Douala,Marché Congo,Dried Fish & Crayfish,Friday,September,9,0,0,1,0,0,21,1773.0,37231.0
2025-09-13,V038,Douala,Marché Congo,Dried Fish & Crayfish,Saturday,September,9,1,0,1,0,0,31,1776.0,55067.0
2025-09-14,V038,Douala,Marché Congo,Dried Fish & Crayfish,Sunday,September,9,1,0,1,0,0,21,1756.0,36870.0
2025-09-15,V038,Douala,Marché Congo,Dried Fish & Crayfish,Monday,September,9,0,0,1,0,0,13,2045.0,26580.0
2025-09-16,V038,Douala,Marché Congo,Dried Fish & Crayfish,Tuesday,September,9,0,0,1,0,0,17,2193.0,37281.0
2025-09-17,V038,Douala,Marché Congo,Dried Fish & Crayfish,Wednesday,September,9,0,0,1,0,0,16,1711.0,27379.0
2025-09-18,V038,Douala,Marché Congo,Dried Fish & Crayfish,Thursday,September,9,0,0,1,0,0,9,2174.0,19563.0
2025-09-19,V038,Douala,Marché Congo,Dried Fish & Crayfish,Friday,September,9,0,0,1,0,0,24,1624.0,38972.0
2025-09-20,V038,Douala,Marché Congo,Dried Fish & Crayfish,Saturday,September,9,1,0,1,1,0,37,1907.0,70546.0
2025-09-21,V038,Douala,Marché Congo,Dried Fish & Crayfish,Sunday,September,9,1,0,1,0,0,20,1588.0,31767.0
2025-09-22,V038,Douala,Marché Congo,Dried Fish & Crayfish,Monday,September,9,0,0,1,0,0,9,2430.0,21874.0
2025-09-23,V038,Douala,Marché Congo,Dried Fish & Crayfish,Tuesday,September,9,0,0,1,0,0,15,2040.0,30605.0
2025-09-24,V038,Douala,Marché Congo,Dried Fish & Crayfish,Wednesday,September,9,0,0,1,0,0,22,1729.0,38030.0
2025-09-25,V038,Douala,Marché Congo,Dried Fish & Crayfish,Thursday,September,9,0,0,1,0,0,17,1878.0,31918.0
2025-09-26,V038,Douala,Marché Congo,Dried Fish & Crayfish,Friday,September,9,0,0,1,0,0,29,1771.0,51365.0
2025-09-27,V038,Douala,Marché Congo,Dried Fish & Crayfish,Saturday,September,9,1,0,1,0,0,26,1798.0,46748.0
2025-09-28,V038,Douala,Marché Congo,Dried Fish & Crayfish,Sunday,September,9,1,0,1,0,1,20,1800.0,35991.0
2025-09-29,V038,Douala,Marché Congo,Dried Fish & Crayfish,Monday,September,9,0,0,1,0,1,19,1784.0,33905.0
2025-09-30,V038,Douala,Marché Congo,Dried Fish & Crayfish,Tuesday,September,9,0,0,1,0,1,19,1757.0,33374.0
2025-10-01,V038,Douala,Marché Congo,Dried Fish & Crayfish,Wednesday,October,10,0,0,1,0,0,10,2286.0,22862.0
2025-10-02,V038,Douala,Marché Congo,Dried Fish & Crayfish,Thursday,October,10,0,0,1,0,0,21,1542.0,32387.0
2025-10-03,V038,Douala,Marché Congo,Dried Fish & Crayfish,Friday,October,10,0,0,1,0,0,22,1507.0,33154.0
2025-10-04,V038,Douala,Marché Congo,Dried Fish & Crayfish,Saturday,October,10,1,0,1,1,0,35,1694.0,59279.0
2025-10-05,V038,Douala,Marché Congo,Dried Fish & Crayfish,Sunday,October,10,1,0,1,0,0,26,1570.0,40807.0
2025-10-06,V038,Douala,Marché Congo,Dried Fish & Crayfish,Monday,October,10,0,0,1,0,0,13,2108.0,27406.0
2025-10-07,V038,Douala,Marché Congo,Dried Fish & Crayfish,Tuesday,October,10,0,0,1,0,0,15,1737.0,26057.0
2025-10-08,V038,Douala,Marché Congo,Dried Fish & Crayfish,Wednesday,October,10,0,0,1,0,0,11,2342.0,25763.0
2025-10-09,V038,Douala,Marché Congo,Dried Fish & Crayfish,Thursday,October,10,0,0,1,0,0,18,1511.0,27193.0
2025-10-10,V038,Douala,Marché Congo,Dried Fish & Crayfish,Friday,October,10,0,0,1,0,0,29,1760.0,51044.0
2025-10-11,V038,Douala,Marché Congo,Dried Fish & Crayfish,Saturday,October,10,1,0,1,0,0,28,1619.0,45325.0
2025-10-12,V038,Douala,Marché Congo,Dried Fish & Crayfish,Sunday,October,10,1,0,1,0,0,14,2290.0,32057.0
2025-10-13,V038,Douala,Marché Congo,Dried Fish & Crayfish,Monday,October,10,0,0,1,0,0,14,1760.0,24644.0
2025-10-14,V038,Douala,Marché Congo,Dried Fish & Crayfish,Tuesday,October,10,0,0,1,0,0,12,1867.0,22405.0
2025-10-15,V038,Douala,Marché Congo,Dried Fish & Crayfish,Wednesday,October,10,0,0,1,0,0,20,1693.0,33863.0
2025-10-16,V038,Douala,Marché Congo,Dried Fish & Crayfish,Thursday,October,10,0,0,1,0,0,19,2004.0,38075.0
2025-10-17,V038,Douala,Marché Congo,Dried Fish & Crayfish,Friday,October,10,0,0,1,0,0,19,2086.0,39641.0
2025-10-18,V038,Douala,Marché Congo,Dried Fish & Crayfish,Saturday,October,10,1,0,1,1,0,23,1867.0,42947.0
2025-10-19,V038,Douala,Marché Congo,Dried Fish & Crayfish,Sunday,October,10,1,0,1,0,0,20,2042.0,40842.0
2025-10-20,V038,Douala,Marché Congo,Dried Fish & Crayfish,Monday,October,10,0,0,1,0,0,14,1936.0,27099.0
2025-10-21,V038,Douala,Marché Congo,Dried Fish & Crayfish,Tuesday,October,10,0,0,1,0,0,21,1849.0,38821.0
2025-10-22,V038,Douala,Marché Congo,Dried Fish & Crayfish,Wednesday,October,10,0,0,1,0,0,14,1791.0,25068.0
2025-10-23,V038,Douala,Marché Congo,Dried Fish & Crayfish,Thursday,October,10,0,0,1,0,0,18,1738.0,31288.0
2025-10-24,V038,Douala,Marché Congo,Dried Fish & Crayfish,Friday,October,10,0,0,1,0,0,18,1738.0,31275.0
2025-10-25,V038,Douala,Marché Congo,Dried Fish & Crayfish,Saturday,October,10,1,0,1,0,0,21,1988.0,41757.0
2025-10-26,V038,Douala,Marché Congo,Dried Fish & Crayfish,Sunday,October,10,1,0,1,0,0,22,1497.0,32924.0
2025-10-27,V038,Douala,Marché Congo,Dried Fish & Crayfish,Monday,October,10,0,0,1,0,0,12,2794.0,33523.0
2025-10-28,V038,Douala,Marché Congo,Dried Fish & Crayfish,Tuesday,October,10,0,0,1,0,0,15,1844.0,27665.0
2025-10-29,V038,Douala,Marché Congo,Dried Fish & Crayfish,Wednesday,October,10,0,0,1,0,1,14,1942.0,27181.0
2025-10-30,V038,Douala,Marché Congo,Dried Fish & Crayfish,Thursday,October,10,0,0,1,0,1,21,1774.0,37249.0
2025-10-31,V038,Douala,Marché Congo,Dried Fish & Crayfish,Friday,October,10,0,0,1,0,1,30,1769.0,53059.0
2025-11-01,V038,Douala,Marché Congo,Dried Fish & Crayfish,Saturday,November,11,1,0,0,1,0,34,1907.0,64836.0
2025-11-02,V038,Douala,Marché Congo,Dried Fish & Crayfish,Sunday,November,11,1,0,0,0,0,21,1862.0,39107.0
2025-11-03,V038,Douala,Marché Congo,Dried Fish & Crayfish,Monday,November,11,0,0,0,0,0,15,1642.0,24629.0
2025-11-04,V038,Douala,Marché Congo,Dried Fish & Crayfish,Tuesday,November,11,0,0,0,0,0,14,1464.0,20493.0
2025-11-05,V038,Douala,Marché Congo,Dried Fish & Crayfish,Wednesday,November,11,0,0,0,0,0,11,1862.0,20479.0
2025-11-06,V038,Douala,Marché Congo,Dried Fish & Crayfish,Thursday,November,11,0,0,0,0,0,18,2128.0,38296.0
2025-11-07,V038,Douala,Marché Congo,Dried Fish & Crayfish,Friday,November,11,0,0,0,0,0,24,1777.0,42644.0
2025-11-08,V038,Douala,Marché Congo,Dried Fish & Crayfish,Saturday,November,11,1,0,0,0,0,27,1905.0,51429.0
2025-11-09,V038,Douala,Marché Congo,Dried Fish & Crayfish,Sunday,November,11,1,0,0,0,0,16,2168.0,34686.0
2025-11-10,V038,Douala,Marché Congo,Dried Fish & Crayfish,Monday,November,11,0,0,0,0,0,17,1618.0,27498.0
2025-11-11,V038,Douala,Marché Congo,Dried Fish & Crayfish,Tuesday,November,11,0,0,0,0,0,14,1938.0,27133.0
2025-11-12,V038,Douala,Marché Congo,Dried Fish & Crayfish,Wednesday,November,11,0,0,0,0,0,22,1848.0,40647.0
2025-11-13,V038,Douala,Marché Congo,Dried Fish & Crayfish,Thursday,November,11,0,0,0,0,0,20,1722.0,34444.0
2025-11-14,V038,Douala,Marché Congo,Dried Fish & Crayfish,Friday,November,11,0,0,0,0,0,22,1744.0,38362.0
2025-11-15,V038,Douala,Marché Congo,Dried Fish & Crayfish,Saturday,November,11,1,0,0,1,0,39,1753.0,68376.0
2025-11-16,V038,Douala,Marché Congo,Dried Fish & Crayfish,Sunday,November,11,1,0,0,0,0,20,2264.0,45280.0
2025-11-17,V038,Douala,Marché Congo,Dried Fish & Crayfish,Monday,November,11,0,0,0,0,0,11,2063.0,22689.0
2025-11-18,V038,Douala,Marché Congo,Dried Fish & Crayfish,Tuesday,November,11,0,0,0,0,0,12,2127.0,25523.0
2025-11-19,V038,Douala,Marché Congo,Dried Fish & Crayfish,Wednesday,November,11,0,0,0,0,0,20,1792.0,35834.0
2025-11-20,V038,Douala,Marché Congo,Dried Fish & Crayfish,Thursday,November,11,0,0,0,0,0,17,1855.0,31542.0
2025-11-21,V038,Douala,Marché Congo,Dried Fish & Crayfish,Friday,November,11,0,0,0,0,0,19,1935.0,36767.0
2025-11-22,V038,Douala,Marché Congo,Dried Fish & Crayfish,Saturday,November,11,1,0,0,0,0,31,2008.0,62251.0
2025-11-23,V038,Douala,Marché Congo,Dried Fish & Crayfish,Sunday,November,11,1,0,0,0,0,30,1581.0,47442.0
2025-11-24,V038,Douala,Marché Congo,Dried Fish & Crayfish,Monday,November,11,0,0,0,0,0,17,2070.0,35194.0
2025-11-25,V038,Douala,Marché Congo,Dried Fish & Crayfish,Tuesday,November,11,0,0,0,0,0,17,1587.0,26985.0
2025-11-26,V038,Douala,Marché Congo,Dried Fish & Crayfish,Wednesday,November,11,0,0,0,0,0,15,1946.0,29196.0
2025-11-27,V038,Douala,Marché Congo,Dried Fish & Crayfish,Thursday,November,11,0,0,0,0,0,15,2116.0,31746.0
2025-11-28,V038,Douala,Marché Congo,Dried Fish & Crayfish,Friday,November,11,0,0,0,0,1,22,2018.0,44386.0
2025-11-29,V038,Douala,Marché Congo,Dried Fish & Crayfish,Saturday,November,11,1,0,0,0,1,33,1925.0,63511.0
2025-11-30,V038,Douala,Marché Congo,Dried Fish & Crayfish,Sunday,November,11,1,0,0,0,1,23,1903.0,43778.0
2025-12-01,V038,Douala,Marché Congo,Dried Fish & Crayfish,Monday,December,12,0,0,0,0,0,18,1667.0,30013.0
2025-12-02,V038,Douala,Marché Congo,Dried Fish & Crayfish,Tuesday,December,12,0,0,0,0,0,15,2068.0,31014.0
2025-12-03,V038,Douala,Marché Congo,Dried Fish & Crayfish,Wednesday,December,12,0,0,0,0,0,20,1379.0,27589.0
2025-12-04,V038,Douala,Marché Congo,Dried Fish & Crayfish,Thursday,December,12,0,0,0,0,0,20,1917.0,38347.0
2025-12-05,V038,Douala,Marché Congo,Dried Fish & Crayfish,Friday,December,12,0,0,0,0,0,16,2227.0,35633.0
2025-12-06,V038,Douala,Marché Congo,Dried Fish & Crayfish,Saturday,December,12,1,0,0,1,0,37,1895.0,70106.0
2025-12-07,V038,Douala,Marché Congo,Dried Fish & Crayfish,Sunday,December,12,1,0,0,0,0,26,1754.0,45594.0
2025-12-08,V038,Douala,Marché Congo,Dried Fish & Crayfish,Monday,December,12,0,0,0,0,0,21,1702.0,35743.0
2025-12-09,V038,Douala,Marché Congo,Dried Fish & Crayfish,Tuesday,December,12,0,0,0,0,0,15,1891.0,28363.0
2025-12-10,V038,Douala,Marché Congo,Dried Fish & Crayfish,Wednesday,December,12,0,0,0,0,0,16,1917.0,30668.0
2025-12-11,V038,Douala,Marché Congo,Dried Fish & Crayfish,Thursday,December,12,0,0,0,0,0,9,2682.0,24138.0
2025-12-12,V038,Douala,Marché Congo,Dried Fish & Crayfish,Friday,December,12,0,0,0,0,0,24,1887.0,45295.0
2025-12-13,V038,Douala,Marché Congo,Dried Fish & Crayfish,Saturday,December,12,1,0,0,0,0,31,1859.0,57640.0
2025-12-14,V038,Douala,Marché Congo,Dried Fish & Crayfish,Sunday,December,12,1,0,0,0,0,22,1714.0,37709.0
2025-12-15,V038,Douala,Marché Congo,Dried Fish & Crayfish,Monday,December,12,0,0,0,0,0,19,1951.0,37070.0
2025-12-16,V038,Douala,Marché Congo,Dried Fish & Crayfish,Tuesday,December,12,0,0,0,0,0,16,1538.0,24602.0
2025-12-17,V038,Douala,Marché Congo,Dried Fish & Crayfish,Wednesday,December,12,0,0,0,0,0,15,1933.0,28995.0
2025-12-18,V038,Douala,Marché Congo,Dried Fish & Crayfish,Thursday,December,12,0,0,0,0,0,15,2006.0,30084.0
2025-12-19,V038,Douala,Marché Congo,Dried Fish & Crayfish,Friday,December,12,0,0,0,0,0,22,2064.0,45417.0
2025-12-20,V038,Douala,Marché Congo,Dried Fish & Crayfish,Saturday,December,12,1,0,0,1,0,32,1821.0,58282.0
2025-12-21,V038,Douala,Marché Congo,Dried Fish & Crayfish,Sunday,December,12,1,0,0,0,0,21,1613.0,33864.0
2025-12-22,V038,Douala,Marché Congo,Dried Fish & Crayfish,Monday,December,12,0,0,0,0,0,17,1937.0,32935.0
2025-12-23,V038,Douala,Marché Congo,Dried Fish & Crayfish,Tuesday,December,12,0,0,0,0,0,17,1700.0,28897.0
2025-12-24,V038,Douala,Marché Congo,Dried Fish & Crayfish,Wednesday,December,12,0,0,0,0,0,20,1549.0,30975.0
2025-12-25,V038,Douala,Marché Congo,Dried Fish & Crayfish,Thursday,December,12,0,1,0,0,0,25,1790.0,44746.0
2025-12-26,V038,Douala,Marché Congo,Dried Fish & Crayfish,Friday,December,12,0,0,0,0,0,29,1424.0,41289.0
2025-12-27,V038,Douala,Marché Congo,Dried Fish & Crayfish,Saturday,December,12,1,0,0,0,0,20,2019.0,40370.0
2025-12-28,V038,Douala,Marché Congo,Dried Fish & Crayfish,Sunday,December,12,1,0,0,0,0,22,1641.0,36112.0
2025-12-29,V038,Douala,Marché Congo,Dried Fish & Crayfish,Monday,December,12,0,0,0,0,1,7,2954.0,20679.0
2025-12-30,V038,Douala,Marché Congo,Dried Fish & Crayfish,Tuesday,December,12,0,0,0,0,1,21,1501.0,31521.0
2025-12-31,V038,Douala,Marché Congo,Dried Fish & Crayfish,Wednesday,December,12,0,0,0,0,1,17,2075.0,35273.0
2026-01-01,V038,Douala,Marché Congo,Dried Fish & Crayfish,Thursday,January,1,0,1,0,0,0,29,1616.0,46855.0
2026-01-02,V038,Douala,Marché Congo,Dried Fish & Crayfish,Friday,January,1,0,0,0,0,0,20,1761.0,35221.0
2026-01-03,V038,Douala,Marché Congo,Dried Fish & Crayfish,Saturday,January,1,1,0,0,1,0,33,1784.0,58859.0
2026-01-04,V038,Douala,Marché Congo,Dried Fish & Crayfish,Sunday,January,1,1,0,0,0,0,20,1736.0,34726.0
2026-01-05,V038,Douala,Marché Congo,Dried Fish & Crayfish,Monday,January,1,0,0,0,0,0,19,1715.0,32582.0
2026-01-06,V038,Douala,Marché Congo,Dried Fish & Crayfish,Tuesday,January,1,0,0,0,0,0,9,2444.0,21995.0
2026-01-07,V038,Douala,Marché Congo,Dried Fish & Crayfish,Wednesday,January,1,0,0,0,0,0,15,1798.0,26970.0
2026-01-08,V038,Douala,Marché Congo,Dried Fish & Crayfish,Thursday,January,1,0,0,0,0,0,17,2103.0,35752.0
2026-01-09,V038,Douala,Marché Congo,Dried Fish & Crayfish,Friday,January,1,0,0,0,0,0,25,1675.0,41887.0
2026-01-10,V038,Douala,Marché Congo,Dried Fish & Crayfish,Saturday,January,1,1,0,0,0,0,29,1886.0,54688.0
2026-01-11,V038,Douala,Marché Congo,Dried Fish & Crayfish,Sunday,January,1,1,0,0,0,0,17,2076.0,35296.0
2026-01-12,V038,Douala,Marché Congo,Dried Fish & Crayfish,Monday,January,1,0,0,0,0,0,22,1742.0,38325.0
2026-01-13,V038,Douala,Marché Congo,Dried Fish & Crayfish,Tuesday,January,1,0,0,0,0,0,14,1574.0,22036.0
2026-01-14,V038,Douala,Marché Congo,Dried Fish & Crayfish,Wednesday,January,1,0,0,0,0,0,21,1637.0,34375.0
2026-01-15,V038,Douala,Marché Congo,Dried Fish & Crayfish,Thursday,January,1,0,0,0,0,0,15,1949.0,29236.0
2026-01-16,V038,Douala,Marché Congo,Dried Fish & Crayfish,Friday,January,1,0,0,0,0,0,23,1484.0,34136.0
2026-01-17,V038,Douala,Marché Congo,Dried Fish & Crayfish,Saturday,January,1,1,0,0,1,0,27,1937.0,52287.0
2026-01-18,V038,Douala,Marché Congo,Dried Fish & Crayfish,Sunday,January,1,1,0,0,0,0,17,1975.0,33570.0
2026-01-19,V038,Douala,Marché Congo,Dried Fish & Crayfish,Monday,January,1,0,0,0,0,0,21,1765.0,37074.0
2026-01-20,V038,Douala,Marché Congo,Dried Fish & Crayfish,Tuesday,January,1,0,0,0,0,0,21,1751.0,36778.0
2026-01-21,V038,Douala,Marché Congo,Dried Fish & Crayfish,Wednesday,January,1,0,0,0,0,0,14,2111.0,29558.0
2026-01-22,V038,Douala,Marché Congo,Dried Fish & Crayfish,Thursday,January,1,0,0,0,0,0,25,1723.0,43072.0
2026-01-23,V038,Douala,Marché Congo,Dried Fish & Crayfish,Friday,January,1,0,0,0,0,0,28,1715.0,48008.0
2026-01-24,V038,Douala,Marché Congo,Dried Fish & Crayfish,Saturday,January,1,1,0,0,0,0,24,1778.0,42674.0
2026-01-25,V038,Douala,Marché Congo,Dried Fish & Crayfish,Sunday,January,1,1,0,0,0,0,27,1699.0,45866.0
2026-01-26,V038,Douala,Marché Congo,Dried Fish & Crayfish,Monday,January,1,0,0,0,0,0,19,1517.0,28819.0
2026-01-27,V038,Douala,Marché Congo,Dried Fish & Crayfish,Tuesday,January,1,0,0,0,0,0,20,1621.0,32421.0
2026-01-28,V038,Douala,Marché Congo,Dried Fish & Crayfish,Wednesday,January,1,0,0,0,0,0,16,1978.0,31652.0
2026-01-29,V038,Douala,Marché Congo,Dried Fish & Crayfish,Thursday,January,1,0,0,0,0,1,26,1702.0,44264.0
2026-01-30,V038,Douala,Marché Congo,Dried Fish & Crayfish,Friday,January,1,0,0,0,0,1,25,1935.0,48363.0
2026-01-31,V038,Douala,Marché Congo,Dried Fish & Crayfish,Saturday,January,1,1,0,0,0,1,35,1911.0,66897.0
2026-02-01,V038,Douala,Marché Congo,Dried Fish & Crayfish,Sunday,February,2,1,0,0,0,0,21,2066.0,43381.0
2026-02-02,V038,Douala,Marché Congo,Dried Fish & Crayfish,Monday,February,2,0,0,0,0,0,13,1850.0,24056.0
2026-02-03,V038,Douala,Marché Congo,Dried Fish & Crayfish,Tuesday,February,2,0,0,0,0,0,18,1816.0,32690.0
2026-02-04,V038,Douala,Marché Congo,Dried Fish & Crayfish,Wednesday,February,2,0,0,0,0,0,17,1633.0,27768.0
2026-02-05,V038,Douala,Marché Congo,Dried Fish & Crayfish,Thursday,February,2,0,0,0,0,0,18,1841.0,33146.0
2026-02-06,V038,Douala,Marché Congo,Dried Fish & Crayfish,Friday,February,2,0,0,0,0,0,19,2021.0,38408.0
2026-02-07,V038,Douala,Marché Congo,Dried Fish & Crayfish,Saturday,February,2,1,0,0,1,0,37,1894.0,70086.0
2026-02-08,V038,Douala,Marché Congo,Dried Fish & Crayfish,Sunday,February,2,1,0,0,0,0,26,1969.0,51195.0
2026-02-09,V038,Douala,Marché Congo,Dried Fish & Crayfish,Monday,February,2,0,0,0,0,0,16,1856.0,29695.0
2026-02-10,V038,Douala,Marché Congo,Dried Fish & Crayfish,Tuesday,February,2,0,0,0,0,0,17,1698.0,28864.0
2026-02-11,V038,Douala,Marché Congo,Dried Fish & Crayfish,Wednesday,February,2,0,1,0,0,0,25,1760.0,43996.0
2026-02-12,V038,Douala,Marché Congo,Dried Fish & Crayfish,Thursday,February,2,0,0,0,0,0,12,2225.0,26694.0
2026-02-13,V038,Douala,Marché Congo,Dried Fish & Crayfish,Friday,February,2,0,0,0,0,0,17,1862.0,31657.0
2026-02-14,V038,Douala,Marché Congo,Dried Fish & Crayfish,Saturday,February,2,1,0,0,0,0,39,1820.0,70964.0
2026-02-15,V038,Douala,Marché Congo,Dried Fish & Crayfish,Sunday,February,2,1,0,0,0,0,30,1835.0,55051.0
2026-02-16,V038,Douala,Marché Congo,Dried Fish & Crayfish,Monday,February,2,0,0,0,0,0,17,1696.0,28837.0
2026-02-17,V038,Douala,Marché Congo,Dried Fish & Crayfish,Tuesday,February,2,0,0,0,0,0,15,1863.0,27952.0
2026-02-18,V038,Douala,Marché Congo,Dried Fish & Crayfish,Wednesday,February,2,0,0,0,0,0,10,2247.0,22472.0
2026-02-19,V038,Douala,Marché Congo,Dried Fish & Crayfish,Thursday,February,2,0,0,0,0,0,14,1706.0,23884.0
2026-02-20,V038,Douala,Marché Congo,Dried Fish & Crayfish,Friday,February,2,0,0,0,0,0,19,1627.0,30914.0
2026-02-21,V038,Douala,Marché Congo,Dried Fish & Crayfish,Saturday,February,2,1,0,0,1,0,35,1743.0,61008.0
2026-02-22,V038,Douala,Marché Congo,Dried Fish & Crayfish,Sunday,February,2,1,0,0,0,0,16,2098.0,33572.0
2026-02-23,V038,Douala,Marché Congo,Dried Fish & Crayfish,Monday,February,2,0,0,0,0,0,16,1645.0,26318.0
2026-02-24,V038,Douala,Marché Congo,Dried Fish & Crayfish,Tuesday,February,2,0,0,0,0,0,24,1796.0,43102.0
2026-02-25,V038,Douala,Marché Congo,Dried Fish & Crayfish,Wednesday,February,2,0,0,0,0,0,11,2190.0,24094.0
2026-02-26,V038,Douala,Marché Congo,Dried Fish & Crayfish,Thursday,February,2,0,0,0,0,1,15,1896.0,28440.0
2026-02-27,V038,Douala,Marché Congo,Dried Fish & Crayfish,Friday,February,2,0,0,0,0,1,23,1879.0,43228.0
2026-02-28,V038,Douala,Marché Congo,Dried Fish & Crayfish,Saturday,February,2,1,0,0,0,1,23,1999.0,45969.0
2026-03-01,V038,Douala,Marché Congo,Dried Fish & Crayfish,Sunday,March,3,1,0,0,0,0,22,1744.0,38361.0
2026-03-02,V038,Douala,Marché Congo,Dried Fish & Crayfish,Monday,March,3,0,0,0,0,0,13,1741.0,22637.0
2026-03-03,V038,Douala,Marché Congo,Dried Fish & Crayfish,Tuesday,March,3,0,0,0,0,0,14,2495.0,34928.0
2026-03-04,V038,Douala,Marché Congo,Dried Fish & Crayfish,Wednesday,March,3,0,0,0,0,0,23,1763.0,40545.0
2026-03-05,V038,Douala,Marché Congo,Dried Fish & Crayfish,Thursday,March,3,0,0,0,0,0,19,2021.0,38400.0
2026-03-06,V038,Douala,Marché Congo,Dried Fish & Crayfish,Friday,March,3,0,0,0,0,0,27,1686.0,45527.0
2026-03-07,V038,Douala,Marché Congo,Dried Fish & Crayfish,Saturday,March,3,1,0,0,1,0,29,1755.0,50889.0
2026-03-08,V038,Douala,Marché Congo,Dried Fish & Crayfish,Sunday,March,3,1,1,0,0,0,24,1916.0,45988.0
2026-03-09,V038,Douala,Marché Congo,Dried Fish & Crayfish,Monday,March,3,0,0,0,0,0,15,1803.0,27045.0
2026-03-10,V038,Douala,Marché Congo,Dried Fish & Crayfish,Tuesday,March,3,0,0,0,0,0,13,2146.0,27893.0
2026-03-11,V038,Douala,Marché Congo,Dried Fish & Crayfish,Wednesday,March,3,0,0,0,0,0,19,1725.0,32770.0
2026-03-12,V038,Douala,Marché Congo,Dried Fish & Crayfish,Thursday,March,3,0,0,0,0,0,15,2213.0,33189.0
2026-03-13,V038,Douala,Marché Congo,Dried Fish & Crayfish,Friday,March,3,0,0,0,0,0,18,1976.0,35566.0
2026-03-14,V038,Douala,Marché Congo,Dried Fish & Crayfish,Saturday,March,3,1,0,0,0,0,37,1790.0,66222.0
2026-03-15,V038,Douala,Marché Congo,Dried Fish & Crayfish,Sunday,March,3,1,0,0,0,0,18,1992.0,35861.0
2026-03-16,V038,Douala,Marché Congo,Dried Fish & Crayfish,Monday,March,3,0,0,0,0,0,16,1712.0,27395.0
2026-03-17,V038,Douala,Marché Congo,Dried Fish & Crayfish,Tuesday,March,3,0,0,0,0,0,12,1766.0,21189.0
2026-03-18,V038,Douala,Marché Congo,Dried Fish & Crayfish,Wednesday,March,3,0,0,0,0,0,16,1743.0,27881.0
2026-03-19,V038,Douala,Marché Congo,Dried Fish & Crayfish,Thursday,March,3,0,0,0,0,0,19,1965.0,37330.0
2026-03-20,V038,Douala,Marché Congo,Dried Fish & Crayfish,Friday,March,3,0,0,0,0,0,16,1930.0,30882.0
2026-03-21,V038,Douala,Marché Congo,Dried Fish & Crayfish,Saturday,March,3,1,0,0,1,0,41,1759.0,72139.0
2026-03-22,V038,Douala,Marché Congo,Dried Fish & Crayfish,Sunday,March,3,1,0,0,0,0,18,1958.0,35238.0
2026-03-23,V038,Douala,Marché Congo,Dried Fish & Crayfish,Monday,March,3,0,0,0,0,0,11,2303.0,25334.0
2026-03-24,V038,Douala,Marché Congo,Dried Fish & Crayfish,Tuesday,March,3,0,0,0,0,0,20,1696.0,33924.0
2026-03-25,V038,Douala,Marché Congo,Dried Fish & Crayfish,Wednesday,March,3,0,0,0,0,0,14,2034.0,28477.0
2026-03-26,V038,Douala,Marché Congo,Dried Fish & Crayfish,Thursday,March,3,0,0,0,0,0,14,2036.0,28510.0
2026-03-27,V038,Douala,Marché Congo,Dried Fish & Crayfish,Friday,March,3,0,0,0,0,0,18,1923.0,34615.0
2026-03-28,V038,Douala,Marché Congo,Dried Fish & Crayfish,Saturday,March,3,1,0,0,0,0,32,1746.0,55866.0
2026-03-29,V038,Douala,Marché Congo,Dried Fish & Crayfish,Sunday,March,3,1,0,0,0,1,21,1776.0,37296.0
2026-03-30,V038,Douala,Marché Congo,Dried Fish & Crayfish,Monday,March,3,0,0,0,0,1,18,2011.0,36195.0
2026-03-31,V038,Douala,Marché Congo,Dried Fish & Crayfish,Tuesday,March,3,0,0,0,0,1,21,1655.0,34746.0
2025-09-01,V039,Douala,Marché Congo,Palm Oil & Condiments,Monday,September,9,0,0,1,0,0,11,2906.0,31962.0
2025-09-02,V039,Douala,Marché Congo,Palm Oil & Condiments,Tuesday,September,9,0,0,1,0,0,16,1784.0,28545.0
2025-09-03,V039,Douala,Marché Congo,Palm Oil & Condiments,Wednesday,September,9,0,0,1,0,0,20,1737.0,34750.0
2025-09-04,V039,Douala,Marché Congo,Palm Oil & Condiments,Thursday,September,9,0,0,1,0,0,16,1930.0,30878.0
2025-09-05,V039,Douala,Marché Congo,Palm Oil & Condiments,Friday,September,9,0,0,1,0,0,18,1947.0,35037.0
2025-09-06,V039,Douala,Marché Congo,Palm Oil & Condiments,Saturday,September,9,1,0,1,1,0,22,1730.0,38067.0
2025-09-07,V039,Douala,Marché Congo,Palm Oil & Condiments,Sunday,September,9,1,0,1,0,0,17,1857.0,31572.0
2025-09-08,V039,Douala,Marché Congo,Palm Oil & Condiments,Monday,September,9,0,0,1,0,0,14,2051.0,28718.0
2025-09-09,V039,Douala,Marché Congo,Palm Oil & Condiments,Tuesday,September,9,0,0,1,0,0,16,1985.0,31764.0
2025-09-10,V039,Douala,Marché Congo,Palm Oil & Condiments,Wednesday,September,9,0,0,1,0,0,19,1539.0,29243.0
2025-09-11,V039,Douala,Marché Congo,Palm Oil & Condiments,Thursday,September,9,0,0,1,0,0,21,1624.0,34094.0
2025-09-12,V039,Douala,Marché Congo,Palm Oil & Condiments,Friday,September,9,0,0,1,0,0,22,2111.0,46444.0
2025-09-13,V039,Douala,Marché Congo,Palm Oil & Condiments,Saturday,September,9,1,0,1,0,0,14,2373.0,33227.0
2025-09-14,V039,Douala,Marché Congo,Palm Oil & Condiments,Sunday,September,9,1,0,1,0,0,27,1821.0,49155.0
2025-09-15,V039,Douala,Marché Congo,Palm Oil & Condiments,Monday,September,9,0,0,1,0,0,15,1846.0,27691.0
2025-09-16,V039,Douala,Marché Congo,Palm Oil & Condiments,Tuesday,September,9,0,0,1,0,0,12,2029.0,24352.0
2025-09-17,V039,Douala,Marché Congo,Palm Oil & Condiments,Wednesday,September,9,0,0,1,0,0,7,2936.0,20554.0
2025-09-18,V039,Douala,Marché Congo,Palm Oil & Condiments,Thursday,September,9,0,0,1,0,0,18,1989.0,35810.0
2025-09-19,V039,Douala,Marché Congo,Palm Oil & Condiments,Friday,September,9,0,0,1,0,0,22,2021.0,44460.0
2025-09-20,V039,Douala,Marché Congo,Palm Oil & Condiments,Saturday,September,9,1,0,1,1,0,35,1755.0,61435.0
2025-09-21,V039,Douala,Marché Congo,Palm Oil & Condiments,Sunday,September,9,1,0,1,0,0,15,1997.0,29962.0
2025-09-22,V039,Douala,Marché Congo,Palm Oil & Condiments,Monday,September,9,0,0,1,0,0,13,2075.0,26972.0
2025-09-23,V039,Douala,Marché Congo,Palm Oil & Condiments,Tuesday,September,9,0,0,1,0,0,21,1575.0,33078.0
2025-09-24,V039,Douala,Marché Congo,Palm Oil & Condiments,Wednesday,September,9,0,0,1,0,0,12,1987.0,23840.0
2025-09-25,V039,Douala,Marché Congo,Palm Oil & Condiments,Thursday,September,9,0,0,1,0,0,13,1981.0,25755.0
2025-09-26,V039,Douala,Marché Congo,Palm Oil & Condiments,Friday,September,9,0,0,1,0,0,17,1989.0,33819.0
2025-09-27,V039,Douala,Marché Congo,Palm Oil & Condiments,Saturday,September,9,1,0,1,0,0,23,1779.0,40928.0
2025-09-28,V039,Douala,Marché Congo,Palm Oil & Condiments,Sunday,September,9,1,0,1,0,1,21,1625.0,34122.0
2025-09-29,V039,Douala,Marché Congo,Palm Oil & Condiments,Monday,September,9,0,0,1,0,1,12,2269.0,27226.0
2025-09-30,V039,Douala,Marché Congo,Palm Oil & Condiments,Tuesday,September,9,0,0,1,0,1,14,1777.0,24872.0
2025-10-01,V039,Douala,Marché Congo,Palm Oil & Condiments,Wednesday,October,10,0,0,1,0,0,16,1837.0,29395.0
2025-10-02,V039,Douala,Marché Congo,Palm Oil & Condiments,Thursday,October,10,0,0,1,0,0,17,2399.0,40775.0
2025-10-03,V039,Douala,Marché Congo,Palm Oil & Condiments,Friday,October,10,0,0,1,0,0,24,1805.0,43315.0
2025-10-04,V039,Douala,Marché Congo,Palm Oil & Condiments,Saturday,October,10,1,0,1,1,0,20,1859.0,37179.0
2025-10-05,V039,Douala,Marché Congo,Palm Oil & Condiments,Sunday,October,10,1,0,1,0,0,17,1800.0,30601.0
2025-10-06,V039,Douala,Marché Congo,Palm Oil & Condiments,Monday,October,10,0,0,1,0,0,18,1744.0,31399.0
2025-10-07,V039,Douala,Marché Congo,Palm Oil & Condiments,Tuesday,October,10,0,0,1,0,0,18,1802.0,32433.0
2025-10-08,V039,Douala,Marché Congo,Palm Oil & Condiments,Wednesday,October,10,0,0,1,0,0,19,1697.0,32248.0
2025-10-09,V039,Douala,Marché Congo,Palm Oil & Condiments,Thursday,October,10,0,0,1,0,0,18,1747.0,31446.0
2025-10-10,V039,Douala,Marché Congo,Palm Oil & Condiments,Friday,October,10,0,0,1,0,0,23,1999.0,45988.0
2025-10-11,V039,Douala,Marché Congo,Palm Oil & Condiments,Saturday,October,10,1,0,1,0,0,24,1613.0,38710.0
2025-10-12,V039,Douala,Marché Congo,Palm Oil & Condiments,Sunday,October,10,1,0,1,0,0,15,1938.0,29065.0
2025-10-13,V039,Douala,Marché Congo,Palm Oil & Condiments,Monday,October,10,0,0,1,0,0,12,2023.0,24278.0
2025-10-14,V039,Douala,Marché Congo,Palm Oil & Condiments,Tuesday,October,10,0,0,1,0,0,20,1894.0,37888.0
2025-10-15,V039,Douala,Marché Congo,Palm Oil & Condiments,Wednesday,October,10,0,0,1,0,0,10,2172.0,21718.0
2025-10-16,V039,Douala,Marché Congo,Palm Oil & Condiments,Thursday,October,10,0,0,1,0,0,10,2407.0,24066.0
2025-10-17,V039,Douala,Marché Congo,Palm Oil & Condiments,Friday,October,10,0,0,1,0,0,18,1829.0,32930.0
2025-10-18,V039,Douala,Marché Congo,Palm Oil & Condiments,Saturday,October,10,1,0,1,1,0,34,1829.0,62201.0
2025-10-19,V039,Douala,Marché Congo,Palm Oil & Condiments,Sunday,October,10,1,0,1,0,0,22,1700.0,37398.0
2025-10-20,V039,Douala,Marché Congo,Palm Oil & Condiments,Monday,October,10,0,0,1,0,0,14,1668.0,23355.0
2025-10-21,V039,Douala,Marché Congo,Palm Oil & Condiments,Tuesday,October,10,0,0,1,0,0,13,1989.0,25863.0
2025-10-22,V039,Douala,Marché Congo,Palm Oil & Condiments,Wednesday,October,10,0,0,1,0,0,12,2417.0,29010.0
2025-10-23,V039,Douala,Marché Congo,Palm Oil & Condiments,Thursday,October,10,0,0,1,0,0,18,1448.0,26068.0
2025-10-24,V039,Douala,Marché Congo,Palm Oil & Condiments,Friday,October,10,0,0,1,0,0,19,1463.0,27801.0
2025-10-25,V039,Douala,Marché Congo,Palm Oil & Condiments,Saturday,October,10,1,0,1,0,0,21,1885.0,39589.0
2025-10-26,V039,Douala,Marché Congo,Palm Oil & Condiments,Sunday,October,10,1,0,1,0,0,18,1719.0,30942.0
2025-10-27,V039,Douala,Marché Congo,Palm Oil & Condiments,Monday,October,10,0,0,1,0,0,11,1699.0,18686.0
2025-10-28,V039,Douala,Marché Congo,Palm Oil & Condiments,Tuesday,October,10,0,0,1,0,0,18,1925.0,34650.0
2025-10-29,V039,Douala,Marché Congo,Palm Oil & Condiments,Wednesday,October,10,0,0,1,0,1,21,1919.0,40291.0
2025-10-30,V039,Douala,Marché Congo,Palm Oil & Condiments,Thursday,October,10,0,0,1,0,1,24,1644.0,39459.0
2025-10-31,V039,Douala,Marché Congo,Palm Oil & Condiments,Friday,October,10,0,0,1,0,1,26,1825.0,47446.0
2025-11-01,V039,Douala,Marché Congo,Palm Oil & Condiments,Saturday,November,11,1,0,0,1,0,34,1811.0,61565.0
2025-11-02,V039,Douala,Marché Congo,Palm Oil & Condiments,Sunday,November,11,1,0,0,0,0,17,2083.0,35414.0
2025-11-03,V039,Douala,Marché Congo,Palm Oil & Condiments,Monday,November,11,0,0,0,0,0,15,1691.0,25371.0
2025-11-04,V039,Douala,Marché Congo,Palm Oil & Condiments,Tuesday,November,11,0,0,0,0,0,17,1611.0,27391.0
2025-11-05,V039,Douala,Marché Congo,Palm Oil & Condiments,Wednesday,November,11,0,0,0,0,0,15,2074.0,31103.0
2025-11-06,V039,Douala,Marché Congo,Palm Oil & Condiments,Thursday,November,11,0,0,0,0,0,13,1865.0,24239.0
2025-11-07,V039,Douala,Marché Congo,Palm Oil & Condiments,Friday,November,11,0,0,0,0,0,19,1799.0,34183.0
2025-11-08,V039,Douala,Marché Congo,Palm Oil & Condiments,Saturday,November,11,1,0,0,0,0,21,1929.0,40513.0
2025-11-09,V039,Douala,Marché Congo,Palm Oil & Condiments,Sunday,November,11,1,0,0,0,0,24,1806.0,43342.0
2025-11-10,V039,Douala,Marché Congo,Palm Oil & Condiments,Monday,November,11,0,0,0,0,0,13,1806.0,23472.0
2025-11-11,V039,Douala,Marché Congo,Palm Oil & Condiments,Tuesday,November,11,0,0,0,0,0,20,1795.0,35892.0
2025-11-12,V039,Douala,Marché Congo,Palm Oil & Condiments,Wednesday,November,11,0,0,0,0,0,16,2019.0,32297.0
2025-11-13,V039,Douala,Marché Congo,Palm Oil & Condiments,Thursday,November,11,0,0,0,0,0,25,1479.0,36972.0
2025-11-14,V039,Douala,Marché Congo,Palm Oil & Condiments,Friday,November,11,0,0,0,0,0,15,2172.0,32577.0
2025-11-15,V039,Douala,Marché Congo,Palm Oil & Condiments,Saturday,November,11,1,0,0,1,0,32,1755.0,56148.0
2025-11-16,V039,Douala,Marché Congo,Palm Oil & Condiments,Sunday,November,11,1,0,0,0,0,17,2075.0,35273.0
2025-11-17,V039,Douala,Marché Congo,Palm Oil & Condiments,Monday,November,11,0,0,0,0,0,15,1741.0,26122.0
2025-11-18,V039,Douala,Marché Congo,Palm Oil & Condiments,Tuesday,November,11,0,0,0,0,0,15,1735.0,26025.0
2025-11-19,V039,Douala,Marché Congo,Palm Oil & Condiments,Wednesday,November,11,0,0,0,0,0,20,1790.0,35798.0
2025-11-20,V039,Douala,Marché Congo,Palm Oil & Condiments,Thursday,November,11,0,0,0,0,0,18,1699.0,30581.0
2025-11-21,V039,Douala,Marché Congo,Palm Oil & Condiments,Friday,November,11,0,0,0,0,0,15,2147.0,32201.0
2025-11-22,V039,Douala,Marché Congo,Palm Oil & Condiments,Saturday,November,11,1,0,0,0,0,23,1911.0,43943.0
2025-11-23,V039,Douala,Marché Congo,Palm Oil & Condiments,Sunday,November,11,1,0,0,0,0,20,1552.0,31030.0
2025-11-24,V039,Douala,Marché Congo,Palm Oil & Condiments,Monday,November,11,0,0,0,0,0,21,1875.0,39381.0
2025-11-25,V039,Douala,Marché Congo,Palm Oil & Condiments,Tuesday,November,11,0,0,0,0,0,15,1898.0,28469.0
2025-11-26,V039,Douala,Marché Congo,Palm Oil & Condiments,Wednesday,November,11,0,0,0,0,0,22,1611.0,35432.0
2025-11-27,V039,Douala,Marché Congo,Palm Oil & Condiments,Thursday,November,11,0,0,0,0,0,13,1717.0,22321.0
2025-11-28,V039,Douala,Marché Congo,Palm Oil & Condiments,Friday,November,11,0,0,0,0,1,22,1552.0,34145.0
2025-11-29,V039,Douala,Marché Congo,Palm Oil & Condiments,Saturday,November,11,1,0,0,0,1,30,1913.0,57391.0
2025-11-30,V039,Douala,Marché Congo,Palm Oil & Condiments,Sunday,November,11,1,0,0,0,1,21,1880.0,39484.0
2025-12-01,V039,Douala,Marché Congo,Palm Oil & Condiments,Monday,December,12,0,0,0,0,0,18,1627.0,29278.0
2025-12-02,V039,Douala,Marché Congo,Palm Oil & Condiments,Tuesday,December,12,0,0,0,0,0,16,1423.0,22775.0
2025-12-03,V039,Douala,Marché Congo,Palm Oil & Condiments,Wednesday,December,12,0,0,0,0,0,19,2040.0,38756.0
2025-12-04,V039,Douala,Marché Congo,Palm Oil & Condiments,Thursday,December,12,0,0,0,0,0,20,1557.0,31141.0
2025-12-05,V039,Douala,Marché Congo,Palm Oil & Condiments,Friday,December,12,0,0,0,0,0,25,1876.0,46900.0
2025-12-06,V039,Douala,Marché Congo,Palm Oil & Condiments,Saturday,December,12,1,0,0,1,0,40,1575.0,62990.0
2025-12-07,V039,Douala,Marché Congo,Palm Oil & Condiments,Sunday,December,12,1,0,0,0,0,19,1923.0,36543.0
2025-12-08,V039,Douala,Marché Congo,Palm Oil & Condiments,Monday,December,12,0,0,0,0,0,15,1832.0,27477.0
2025-12-09,V039,Douala,Marché Congo,Palm Oil & Condiments,Tuesday,December,12,0,0,0,0,0,15,1699.0,25480.0
2025-12-10,V039,Douala,Marché Congo,Palm Oil & Condiments,Wednesday,December,12,0,0,0,0,0,11,2106.0,23161.0
2025-12-11,V039,Douala,Marché Congo,Palm Oil & Condiments,Thursday,December,12,0,0,0,0,0,16,2202.0,35230.0
2025-12-12,V039,Douala,Marché Congo,Palm Oil & Condiments,Friday,December,12,0,0,0,0,0,20,2210.0,44197.0
2025-12-13,V039,Douala,Marché Congo,Palm Oil & Condiments,Saturday,December,12,1,0,0,0,0,17,1986.0,33759.0
2025-12-14,V039,Douala,Marché Congo,Palm Oil & Condiments,Sunday,December,12,1,0,0,0,0,23,1642.0,37758.0
2025-12-15,V039,Douala,Marché Congo,Palm Oil & Condiments,Monday,December,12,0,0,0,0,0,14,1923.0,26915.0
2025-12-16,V039,Douala,Marché Congo,Palm Oil & Condiments,Tuesday,December,12,0,0,0,0,0,15,2072.0,31083.0
2025-12-17,V039,Douala,Marché Congo,Palm Oil & Condiments,Wednesday,December,12,0,0,0,0,0,14,2126.0,29766.0
2025-12-18,V039,Douala,Marché Congo,Palm Oil & Condiments,Thursday,December,12,0,0,0,0,0,17,1835.0,31196.0
2025-12-19,V039,Douala,Marché Congo,Palm Oil & Condiments,Friday,December,12,0,0,0,0,0,18,1806.0,32502.0
2025-12-20,V039,Douala,Marché Congo,Palm Oil & Condiments,Saturday,December,12,1,0,0,1,0,33,1696.0,55977.0
2025-12-21,V039,Douala,Marché Congo,Palm Oil & Condiments,Sunday,December,12,1,0,0,0,0,14,1918.0,26858.0
2025-12-22,V039,Douala,Marché Congo,Palm Oil & Condiments,Monday,December,12,0,0,0,0,0,14,1659.0,23230.0
2025-12-23,V039,Douala,Marché Congo,Palm Oil & Condiments,Tuesday,December,12,0,0,0,0,0,18,1782.0,32073.0
2025-12-24,V039,Douala,Marché Congo,Palm Oil & Condiments,Wednesday,December,12,0,0,0,0,0,15,1705.0,25574.0
2025-12-25,V039,Douala,Marché Congo,Palm Oil & Condiments,Thursday,December,12,0,1,0,0,0,12,2431.0,29170.0
2025-12-26,V039,Douala,Marché Congo,Palm Oil & Condiments,Friday,December,12,0,0,0,0,0,16,1866.0,29857.0
2025-12-27,V039,Douala,Marché Congo,Palm Oil & Condiments,Saturday,December,12,1,0,0,0,0,22,2366.0,52061.0
2025-12-28,V039,Douala,Marché Congo,Palm Oil & Condiments,Sunday,December,12,1,0,0,0,0,25,1820.0,45498.0
2025-12-29,V039,Douala,Marché Congo,Palm Oil & Condiments,Monday,December,12,0,0,0,0,1,13,1777.0,23101.0
2025-12-30,V039,Douala,Marché Congo,Palm Oil & Condiments,Tuesday,December,12,0,0,0,0,1,22,1782.0,39202.0
2025-12-31,V039,Douala,Marché Congo,Palm Oil & Condiments,Wednesday,December,12,0,0,0,0,1,19,2141.0,40685.0
2026-01-01,V039,Douala,Marché Congo,Palm Oil & Condiments,Thursday,January,1,0,1,0,0,0,17,2098.0,35660.0
2026-01-02,V039,Douala,Marché Congo,Palm Oil & Condiments,Friday,January,1,0,0,0,0,0,29,1765.0,51175.0
2026-01-03,V039,Douala,Marché Congo,Palm Oil & Condiments,Saturday,January,1,1,0,0,1,0,49,1853.0,90818.0
2026-01-04,V039,Douala,Marché Congo,Palm Oil & Condiments,Sunday,January,1,1,0,0,0,0,17,1851.0,31473.0
2026-01-05,V039,Douala,Marché Congo,Palm Oil & Condiments,Monday,January,1,0,0,0,0,0,18,1897.0,34138.0
2026-01-06,V039,Douala,Marché Congo,Palm Oil & Condiments,Tuesday,January,1,0,0,0,0,0,16,1790.0,28638.0
2026-01-07,V039,Douala,Marché Congo,Palm Oil & Condiments,Wednesday,January,1,0,0,0,0,0,14,2088.0,29235.0
2026-01-08,V039,Douala,Marché Congo,Palm Oil & Condiments,Thursday,January,1,0,0,0,0,0,16,1874.0,29985.0
2026-01-09,V039,Douala,Marché Congo,Palm Oil & Condiments,Friday,January,1,0,0,0,0,0,22,1705.0,37514.0
2026-01-10,V039,Douala,Marché Congo,Palm Oil & Condiments,Saturday,January,1,1,0,0,0,0,33,1918.0,63294.0
2026-01-11,V039,Douala,Marché Congo,Palm Oil & Condiments,Sunday,January,1,1,0,0,0,0,16,2088.0,33415.0
2026-01-12,V039,Douala,Marché Congo,Palm Oil & Condiments,Monday,January,1,0,0,0,0,0,14,1968.0,27550.0
2026-01-13,V039,Douala,Marché Congo,Palm Oil & Condiments,Tuesday,January,1,0,0,0,0,0,18,1624.0,29239.0
2026-01-14,V039,Douala,Marché Congo,Palm Oil & Condiments,Wednesday,January,1,0,0,0,0,0,11,1675.0,18423.0
2026-01-15,V039,Douala,Marché Congo,Palm Oil & Condiments,Thursday,January,1,0,0,0,0,0,16,1768.0,28292.0
2026-01-16,V039,Douala,Marché Congo,Palm Oil & Condiments,Friday,January,1,0,0,0,0,0,20,1598.0,31968.0
2026-01-17,V039,Douala,Marché Congo,Palm Oil & Condiments,Saturday,January,1,1,0,0,1,0,36,1781.0,64122.0
2026-01-18,V039,Douala,Marché Congo,Palm Oil & Condiments,Sunday,January,1,1,0,0,0,0,21,1970.0,41361.0
2026-01-19,V039,Douala,Marché Congo,Palm Oil & Condiments,Monday,January,1,0,0,0,0,0,14,1702.0,23826.0
2026-01-20,V039,Douala,Marché Congo,Palm Oil & Condiments,Tuesday,January,1,0,0,0,0,0,16,1524.0,24389.0
2026-01-21,V039,Douala,Marché Congo,Palm Oil & Condiments,Wednesday,January,1,0,0,0,0,0,16,1712.0,27385.0
2026-01-22,V039,Douala,Marché Congo,Palm Oil & Condiments,Thursday,January,1,0,0,0,0,0,23,1950.0,44848.0
2026-01-23,V039,Douala,Marché Congo,Palm Oil & Condiments,Friday,January,1,0,0,0,0,0,23,1654.0,38033.0
2026-01-24,V039,Douala,Marché Congo,Palm Oil & Condiments,Saturday,January,1,1,0,0,0,0,29,1887.0,54713.0
2026-01-25,V039,Douala,Marché Congo,Palm Oil & Condiments,Sunday,January,1,1,0,0,0,0,17,1922.0,32673.0
2026-01-26,V039,Douala,Marché Congo,Palm Oil & Condiments,Monday,January,1,0,0,0,0,0,18,1920.0,34568.0
2026-01-27,V039,Douala,Marché Congo,Palm Oil & Condiments,Tuesday,January,1,0,0,0,0,0,14,2029.0,28400.0
2026-01-28,V039,Douala,Marché Congo,Palm Oil & Condiments,Wednesday,January,1,0,0,0,0,0,18,1831.0,32959.0
2026-01-29,V039,Douala,Marché Congo,Palm Oil & Condiments,Thursday,January,1,0,0,0,0,1,14,2107.0,29505.0
2026-01-30,V039,Douala,Marché Congo,Palm Oil & Condiments,Friday,January,1,0,0,0,0,1,15,2010.0,30147.0
2026-01-31,V039,Douala,Marché Congo,Palm Oil & Condiments,Saturday,January,1,1,0,0,0,1,36,1699.0,61164.0
2026-02-01,V039,Douala,Marché Congo,Palm Oil & Condiments,Sunday,February,2,1,0,0,0,0,23,1764.0,40567.0
2026-02-02,V039,Douala,Marché Congo,Palm Oil & Condiments,Monday,February,2,0,0,0,0,0,16,1627.0,26038.0
2026-02-03,V039,Douala,Marché Congo,Palm Oil & Condiments,Tuesday,February,2,0,0,0,0,0,19,1552.0,29484.0
2026-02-04,V039,Douala,Marché Congo,Palm Oil & Condiments,Wednesday,February,2,0,0,0,0,0,18,1584.0,28518.0
2026-02-05,V039,Douala,Marché Congo,Palm Oil & Condiments,Thursday,February,2,0,0,0,0,0,21,1713.0,35972.0
2026-02-06,V039,Douala,Marché Congo,Palm Oil & Condiments,Friday,February,2,0,0,0,0,0,16,1635.0,26154.0
2026-02-07,V039,Douala,Marché Congo,Palm Oil & Condiments,Saturday,February,2,1,0,0,1,0,28,1899.0,53167.0
2026-02-08,V039,Douala,Marché Congo,Palm Oil & Condiments,Sunday,February,2,1,0,0,0,0,15,1831.0,27458.0
2026-02-09,V039,Douala,Marché Congo,Palm Oil & Condiments,Monday,February,2,0,0,0,0,0,12,2233.0,26799.0
2026-02-10,V039,Douala,Marché Congo,Palm Oil & Condiments,Tuesday,February,2,0,0,0,0,0,12,1790.0,21480.0
2026-02-11,V039,Douala,Marché Congo,Palm Oil & Condiments,Wednesday,February,2,0,1,0,0,0,23,1846.0,42449.0
2026-02-12,V039,Douala,Marché Congo,Palm Oil & Condiments,Thursday,February,2,0,0,0,0,0,20,1890.0,37810.0
2026-02-13,V039,Douala,Marché Congo,Palm Oil & Condiments,Friday,February,2,0,0,0,0,0,18,2067.0,37200.0
2026-02-14,V039,Douala,Marché Congo,Palm Oil & Condiments,Saturday,February,2,1,0,0,0,0,23,1514.0,34815.0
2026-02-15,V039,Douala,Marché Congo,Palm Oil & Condiments,Sunday,February,2,1,0,0,0,0,21,2093.0,43956.0
2026-02-16,V039,Douala,Marché Congo,Palm Oil & Condiments,Monday,February,2,0,0,0,0,0,15,1826.0,27395.0
2026-02-17,V039,Douala,Marché Congo,Palm Oil & Condiments,Tuesday,February,2,0,0,0,0,0,13,2050.0,26656.0
2026-02-18,V039,Douala,Marché Congo,Palm Oil & Condiments,Wednesday,February,2,0,0,0,0,0,18,1727.0,31090.0
2026-02-19,V039,Douala,Marché Congo,Palm Oil & Condiments,Thursday,February,2,0,0,0,0,0,18,1836.0,33044.0
2026-02-20,V039,Douala,Marché Congo,Palm Oil & Condiments,Friday,February,2,0,0,0,0,0,22,1660.0,36517.0
2026-02-21,V039,Douala,Marché Congo,Palm Oil & Condiments,Saturday,February,2,1,0,0,1,0,32,1848.0,59134.0
2026-02-22,V039,Douala,Marché Congo,Palm Oil & Condiments,Sunday,February,2,1,0,0,0,0,20,1781.0,35627.0
2026-02-23,V039,Douala,Marché Congo,Palm Oil & Condiments,Monday,February,2,0,0,0,0,0,15,1632.0,24484.0
2026-02-24,V039,Douala,Marché Congo,Palm Oil & Condiments,Tuesday,February,2,0,0,0,0,0,11,2098.0,23073.0
2026-02-25,V039,Douala,Marché Congo,Palm Oil & Condiments,Wednesday,February,2,0,0,0,0,0,15,2160.0,32403.0
2026-02-26,V039,Douala,Marché Congo,Palm Oil & Condiments,Thursday,February,2,0,0,0,0,1,14,1902.0,26630.0
2026-02-27,V039,Douala,Marché Congo,Palm Oil & Condiments,Friday,February,2,0,0,0,0,1,15,2122.0,31832.0
2026-02-28,V039,Douala,Marché Congo,Palm Oil & Condiments,Saturday,February,2,1,0,0,0,1,33,1841.0,60754.0
2026-03-01,V039,Douala,Marché Congo,Palm Oil & Condiments,Sunday,March,3,1,0,0,0,0,22,2054.0,45193.0
2026-03-02,V039,Douala,Marché Congo,Palm Oil & Condiments,Monday,March,3,0,0,0,0,0,15,1746.0,26191.0
2026-03-03,V039,Douala,Marché Congo,Palm Oil & Condiments,Tuesday,March,3,0,0,0,0,0,14,1620.0,22683.0
2026-03-04,V039,Douala,Marché Congo,Palm Oil & Condiments,Wednesday,March,3,0,0,0,0,0,14,2273.0,31823.0
2026-03-05,V039,Douala,Marché Congo,Palm Oil & Condiments,Thursday,March,3,0,0,0,0,0,17,1796.0,30527.0
2026-03-06,V039,Douala,Marché Congo,Palm Oil & Condiments,Friday,March,3,0,0,0,0,0,15,2252.0,33780.0
2026-03-07,V039,Douala,Marché Congo,Palm Oil & Condiments,Saturday,March,3,1,0,0,1,0,36,1589.0,57198.0
2026-03-08,V039,Douala,Marché Congo,Palm Oil & Condiments,Sunday,March,3,1,1,0,0,0,26,1608.0,41806.0
2026-03-09,V039,Douala,Marché Congo,Palm Oil & Condiments,Monday,March,3,0,0,0,0,0,13,1790.0,23264.0
2026-03-10,V039,Douala,Marché Congo,Palm Oil & Condiments,Tuesday,March,3,0,0,0,0,0,17,1893.0,32175.0
2026-03-11,V039,Douala,Marché Congo,Palm Oil & Condiments,Wednesday,March,3,0,0,0,0,0,16,1720.0,27513.0
2026-03-12,V039,Douala,Marché Congo,Palm Oil & Condiments,Thursday,March,3,0,0,0,0,0,24,1800.0,43202.0
2026-03-13,V039,Douala,Marché Congo,Palm Oil & Condiments,Friday,March,3,0,0,0,0,0,18,1902.0,34233.0
2026-03-14,V039,Douala,Marché Congo,Palm Oil & Condiments,Saturday,March,3,1,0,0,0,0,40,1814.0,72561.0
2026-03-15,V039,Douala,Marché Congo,Palm Oil & Condiments,Sunday,March,3,1,0,0,0,0,15,2148.0,32219.0
2026-03-16,V039,Douala,Marché Congo,Palm Oil & Condiments,Monday,March,3,0,0,0,0,0,11,1743.0,19176.0
2026-03-17,V039,Douala,Marché Congo,Palm Oil & Condiments,Tuesday,March,3,0,0,0,0,0,16,1969.0,31505.0
2026-03-18,V039,Douala,Marché Congo,Palm Oil & Condiments,Wednesday,March,3,0,0,0,0,0,13,2227.0,28950.0
2026-03-19,V039,Douala,Marché Congo,Palm Oil & Condiments,Thursday,March,3,0,0,0,0,0,18,1749.0,31480.0
2026-03-20,V039,Douala,Marché Congo,Palm Oil & Condiments,Friday,March,3,0,0,0,0,0,22,1551.0,34116.0
2026-03-21,V039,Douala,Marché Congo,Palm Oil & Condiments,Saturday,March,3,1,0,0,1,0,26,1800.0,46792.0
2026-03-22,V039,Douala,Marché Congo,Palm Oil & Condiments,Sunday,March,3,1,0,0,0,0,23,1816.0,41773.0
2026-03-23,V039,Douala,Marché Congo,Palm Oil & Condiments,Monday,March,3,0,0,0,0,0,11,2341.0,25749.0
2026-03-24,V039,Douala,Marché Congo,Palm Oil & Condiments,Tuesday,March,3,0,0,0,0,0,19,1882.0,35753.0
2026-03-25,V039,Douala,Marché Congo,Palm Oil & Condiments,Wednesday,March,3,0,0,0,0,0,19,1683.0,31976.0
2026-03-26,V039,Douala,Marché Congo,Palm Oil & Condiments,Thursday,March,3,0,0,0,0,0,14,1961.0,27449.0
2026-03-27,V039,Douala,Marché Congo,Palm Oil & Condiments,Friday,March,3,0,0,0,0,0,24,1990.0,47765.0
2026-03-28,V039,Douala,Marché Congo,Palm Oil & Condiments,Saturday,March,3,1,0,0,0,0,36,1878.0,67620.0
2026-03-29,V039,Douala,Marché Congo,Palm Oil & Condiments,Sunday,March,3,1,0,0,0,1,18,1853.0,33349.0
2026-03-30,V039,Douala,Marché Congo,Palm Oil & Condiments,Monday,March,3,0,0,0,0,1,21,2171.0,45585.0
2026-03-31,V039,Douala,Marché Congo,Palm Oil & Condiments,Tuesday,March,3,0,0,0,0,1,18,1744.0,31397.0
2025-09-01,V040,Douala,Marché Sandaga,Cosmetics & Hair Products,Monday,September,9,0,0,1,0,0,18,1775.0,31947.0
2025-09-02,V040,Douala,Marché Sandaga,Cosmetics & Hair Products,Tuesday,September,9,0,0,1,0,0,19,2017.0,38320.0
2025-09-03,V040,Douala,Marché Sandaga,Cosmetics & Hair Products,Wednesday,September,9,0,0,1,0,0,23,1859.0,42756.0
2025-09-04,V040,Douala,Marché Sandaga,Cosmetics & Hair Products,Thursday,September,9,0,0,1,0,0,25,1804.0,45106.0
2025-09-05,V040,Douala,Marché Sandaga,Cosmetics & Hair Products,Friday,September,9,0,0,1,0,0,36,1850.0,66605.0
2025-09-06,V040,Douala,Marché Sandaga,Cosmetics & Hair Products,Saturday,September,9,1,0,1,1,0,62,1872.0,116034.0
2025-09-07,V040,Douala,Marché Sandaga,Cosmetics & Hair Products,Sunday,September,9,1,0,1,0,0,30,1743.0,52281.0
2025-09-08,V040,Douala,Marché Sandaga,Cosmetics & Hair Products,Monday,September,9,0,0,1,0,0,24,1600.0,38391.0
2025-09-09,V040,Douala,Marché Sandaga,Cosmetics & Hair Products,Tuesday,September,9,0,0,1,0,0,25,1815.0,45368.0
2025-09-10,V040,Douala,Marché Sandaga,Cosmetics & Hair Products,Wednesday,September,9,0,0,1,0,0,19,1839.0,34934.0
2025-09-11,V040,Douala,Marché Sandaga,Cosmetics & Hair Products,Thursday,September,9,0,0,1,0,0,27,1572.0,42446.0
2025-09-12,V040,Douala,Marché Sandaga,Cosmetics & Hair Products,Friday,September,9,0,0,1,0,0,21,1744.0,36628.0
2025-09-13,V040,Douala,Marché Sandaga,Cosmetics & Hair Products,Saturday,September,9,1,0,1,0,0,43,1829.0,78667.0
2025-09-14,V040,Douala,Marché Sandaga,Cosmetics & Hair Products,Sunday,September,9,1,0,1,0,0,22,1693.0,37251.0
2025-09-15,V040,Douala,Marché Sandaga,Cosmetics & Hair Products,Monday,September,9,0,0,1,0,0,18,1836.0,33052.0
2025-09-16,V040,Douala,Marché Sandaga,Cosmetics & Hair Products,Tuesday,September,9,0,0,1,0,0,18,2002.0,36036.0
2025-09-17,V040,Douala,Marché Sandaga,Cosmetics & Hair Products,Wednesday,September,9,0,0,1,0,0,33,1852.0,61128.0
2025-09-18,V040,Douala,Marché Sandaga,Cosmetics & Hair Products,Thursday,September,9,0,0,1,0,0,26,1832.0,47643.0
2025-09-19,V040,Douala,Marché Sandaga,Cosmetics & Hair Products,Friday,September,9,0,0,1,0,0,35,1819.0,63677.0
2025-09-20,V040,Douala,Marché Sandaga,Cosmetics & Hair Products,Saturday,September,9,1,0,1,1,0,43,1830.0,78702.0
2025-09-21,V040,Douala,Marché Sandaga,Cosmetics & Hair Products,Sunday,September,9,1,0,1,0,0,45,1775.0,79883.0
2025-09-22,V040,Douala,Marché Sandaga,Cosmetics & Hair Products,Monday,September,9,0,0,1,0,0,22,1712.0,37671.0
2025-09-23,V040,Douala,Marché Sandaga,Cosmetics & Hair Products,Tuesday,September,9,0,0,1,0,0,21,1967.0,41299.0
2025-09-24,V040,Douala,Marché Sandaga,Cosmetics & Hair Products,Wednesday,September,9,0,0,1,0,0,24,1861.0,44674.0
2025-09-25,V040,Douala,Marché Sandaga,Cosmetics & Hair Products,Thursday,September,9,0,0,1,0,0,19,1589.0,30193.0
2025-09-26,V040,Douala,Marché Sandaga,Cosmetics & Hair Products,Friday,September,9,0,0,1,0,0,20,2138.0,42753.0
2025-09-27,V040,Douala,Marché Sandaga,Cosmetics & Hair Products,Saturday,September,9,1,0,1,0,0,30,2033.0,60986.0
2025-09-28,V040,Douala,Marché Sandaga,Cosmetics & Hair Products,Sunday,September,9,1,0,1,0,1,43,1748.0,75152.0
2025-09-29,V040,Douala,Marché Sandaga,Cosmetics & Hair Products,Monday,September,9,0,0,1,0,1,27,1682.0,45419.0
2025-09-30,V040,Douala,Marché Sandaga,Cosmetics & Hair Products,Tuesday,September,9,0,0,1,0,1,20,1860.0,37209.0
2025-10-01,V040,Douala,Marché Sandaga,Cosmetics & Hair Products,Wednesday,October,10,0,0,1,0,0,19,1958.0,37195.0
2025-10-02,V040,Douala,Marché Sandaga,Cosmetics & Hair Products,Thursday,October,10,0,0,1,0,0,26,1704.0,44312.0
2025-10-03,V040,Douala,Marché Sandaga,Cosmetics & Hair Products,Friday,October,10,0,0,1,0,0,29,1805.0,52333.0
2025-10-04,V040,Douala,Marché Sandaga,Cosmetics & Hair Products,Saturday,October,10,1,0,1,1,0,40,1848.0,73908.0
2025-10-05,V040,Douala,Marché Sandaga,Cosmetics & Hair Products,Sunday,October,10,1,0,1,0,0,22,1996.0,43909.0
2025-10-06,V040,Douala,Marché Sandaga,Cosmetics & Hair Products,Monday,October,10,0,0,1,0,0,24,1674.0,40168.0
2025-10-07,V040,Douala,Marché Sandaga,Cosmetics & Hair Products,Tuesday,October,10,0,0,1,0,0,19,1935.0,36772.0
2025-10-08,V040,Douala,Marché Sandaga,Cosmetics & Hair Products,Wednesday,October,10,0,0,1,0,0,19,1611.0,30617.0
2025-10-09,V040,Douala,Marché Sandaga,Cosmetics & Hair Products,Thursday,October,10,0,0,1,0,0,29,1948.0,56484.0
2025-10-10,V040,Douala,Marché Sandaga,Cosmetics & Hair Products,Friday,October,10,0,0,1,0,0,40,1964.0,78545.0
2025-10-11,V040,Douala,Marché Sandaga,Cosmetics & Hair Products,Saturday,October,10,1,0,1,0,0,44,1876.0,82529.0
2025-10-12,V040,Douala,Marché Sandaga,Cosmetics & Hair Products,Sunday,October,10,1,0,1,0,0,32,1614.0,51650.0
2025-10-13,V040,Douala,Marché Sandaga,Cosmetics & Hair Products,Monday,October,10,0,0,1,0,0,16,1868.0,29891.0
2025-10-14,V040,Douala,Marché Sandaga,Cosmetics & Hair Products,Tuesday,October,10,0,0,1,0,0,31,1921.0,59555.0
2025-10-15,V040,Douala,Marché Sandaga,Cosmetics & Hair Products,Wednesday,October,10,0,0,1,0,0,22,1685.0,37077.0
2025-10-16,V040,Douala,Marché Sandaga,Cosmetics & Hair Products,Thursday,October,10,0,0,1,0,0,32,1708.0,54668.0
2025-10-17,V040,Douala,Marché Sandaga,Cosmetics & Hair Products,Friday,October,10,0,0,1,0,0,20,2000.0,40004.0
2025-10-18,V040,Douala,Marché Sandaga,Cosmetics & Hair Products,Saturday,October,10,1,0,1,1,0,58,1866.0,108214.0
2025-10-19,V040,Douala,Marché Sandaga,Cosmetics & Hair Products,Sunday,October,10,1,0,1,0,0,27,1959.0,52897.0
2025-10-20,V040,Douala,Marché Sandaga,Cosmetics & Hair Products,Monday,October,10,0,0,1,0,0,17,2347.0,39901.0
2025-10-21,V040,Douala,Marché Sandaga,Cosmetics & Hair Products,Tuesday,October,10,0,0,1,0,0,22,1785.0,39261.0
2025-10-22,V040,Douala,Marché Sandaga,Cosmetics & Hair Products,Wednesday,October,10,0,0,1,0,0,18,2041.0,36735.0
2025-10-23,V040,Douala,Marché Sandaga,Cosmetics & Hair Products,Thursday,October,10,0,0,1,0,0,27,1668.0,45036.0
2025-10-24,V040,Douala,Marché Sandaga,Cosmetics & Hair Products,Friday,October,10,0,0,1,0,0,36,1758.0,63286.0
2025-10-25,V040,Douala,Marché Sandaga,Cosmetics & Hair Products,Saturday,October,10,1,0,1,0,0,40,1776.0,71022.0
2025-10-26,V040,Douala,Marché Sandaga,Cosmetics & Hair Products,Sunday,October,10,1,0,1,0,0,27,1864.0,50333.0
2025-10-27,V040,Douala,Marché Sandaga,Cosmetics & Hair Products,Monday,October,10,0,0,1,0,0,23,1833.0,42149.0
2025-10-28,V040,Douala,Marché Sandaga,Cosmetics & Hair Products,Tuesday,October,10,0,0,1,0,0,28,1950.0,54610.0
2025-10-29,V040,Douala,Marché Sandaga,Cosmetics & Hair Products,Wednesday,October,10,0,0,1,0,1,34,1839.0,62519.0
2025-10-30,V040,Douala,Marché Sandaga,Cosmetics & Hair Products,Thursday,October,10,0,0,1,0,1,29,1817.0,52698.0
2025-10-31,V040,Douala,Marché Sandaga,Cosmetics & Hair Products,Friday,October,10,0,0,1,0,1,25,2007.0,50181.0
2025-11-01,V040,Douala,Marché Sandaga,Cosmetics & Hair Products,Saturday,November,11,1,0,0,1,0,53,1777.0,94185.0
2025-11-02,V040,Douala,Marché Sandaga,Cosmetics & Hair Products,Sunday,November,11,1,0,0,0,0,34,1991.0,67706.0
2025-11-03,V040,Douala,Marché Sandaga,Cosmetics & Hair Products,Monday,November,11,0,0,0,0,0,20,2090.0,41801.0
2025-11-04,V040,Douala,Marché Sandaga,Cosmetics & Hair Products,Tuesday,November,11,0,0,0,0,0,31,1683.0,52168.0
2025-11-05,V040,Douala,Marché Sandaga,Cosmetics & Hair Products,Wednesday,November,11,0,0,0,0,0,27,1880.0,50768.0
2025-11-06,V040,Douala,Marché Sandaga,Cosmetics & Hair Products,Thursday,November,11,0,0,0,0,0,23,1865.0,42900.0
2025-11-07,V040,Douala,Marché Sandaga,Cosmetics & Hair Products,Friday,November,11,0,0,0,0,0,28,1842.0,51567.0
2025-11-08,V040,Douala,Marché Sandaga,Cosmetics & Hair Products,Saturday,November,11,1,0,0,0,0,32,2010.0,64323.0
2025-11-09,V040,Douala,Marché Sandaga,Cosmetics & Hair Products,Sunday,November,11,1,0,0,0,0,34,1804.0,61331.0
2025-11-10,V040,Douala,Marché Sandaga,Cosmetics & Hair Products,Monday,November,11,0,0,0,0,0,31,1863.0,57767.0
2025-11-11,V040,Douala,Marché Sandaga,Cosmetics & Hair Products,Tuesday,November,11,0,0,0,0,0,19,1675.0,31826.0
2025-11-12,V040,Douala,Marché Sandaga,Cosmetics & Hair Products,Wednesday,November,11,0,0,0,0,0,32,1712.0,54787.0
2025-11-13,V040,Douala,Marché Sandaga,Cosmetics & Hair Products,Thursday,November,11,0,0,0,0,0,38,1683.0,63973.0
2025-11-14,V040,Douala,Marché Sandaga,Cosmetics & Hair Products,Friday,November,11,0,0,0,0,0,31,1623.0,50323.0
2025-11-15,V040,Douala,Marché Sandaga,Cosmetics & Hair Products,Saturday,November,11,1,0,0,1,0,47,1743.0,81904.0
2025-11-16,V040,Douala,Marché Sandaga,Cosmetics & Hair Products,Sunday,November,11,1,0,0,0,0,31,1936.0,60008.0
2025-11-17,V040,Douala,Marché Sandaga,Cosmetics & Hair Products,Monday,November,11,0,0,0,0,0,28,1872.0,52425.0
2025-11-18,V040,Douala,Marché Sandaga,Cosmetics & Hair Products,Tuesday,November,11,0,0,0,0,0,33,1894.0,62496.0
2025-11-19,V040,Douala,Marché Sandaga,Cosmetics & Hair Products,Wednesday,November,11,0,0,0,0,0,20,1935.0,38693.0
2025-11-20,V040,Douala,Marché Sandaga,Cosmetics & Hair Products,Thursday,November,11,0,0,0,0,0,32,2008.0,64248.0
2025-11-21,V040,Douala,Marché Sandaga,Cosmetics & Hair Products,Friday,November,11,0,0,0,0,0,42,1684.0,70714.0
2025-11-22,V040,Douala,Marché Sandaga,Cosmetics & Hair Products,Saturday,November,11,1,0,0,0,0,38,1879.0,71421.0
2025-11-23,V040,Douala,Marché Sandaga,Cosmetics & Hair Products,Sunday,November,11,1,0,0,0,0,30,1937.0,58099.0
2025-11-24,V040,Douala,Marché Sandaga,Cosmetics & Hair Products,Monday,November,11,0,0,0,0,0,39,1757.0,68525.0
2025-11-25,V040,Douala,Marché Sandaga,Cosmetics & Hair Products,Tuesday,November,11,0,0,0,0,0,18,1995.0,35903.0
2025-11-26,V040,Douala,Marché Sandaga,Cosmetics & Hair Products,Wednesday,November,11,0,0,0,0,0,24,1995.0,47880.0
2025-11-27,V040,Douala,Marché Sandaga,Cosmetics & Hair Products,Thursday,November,11,0,0,0,0,0,21,1783.0,37444.0
2025-11-28,V040,Douala,Marché Sandaga,Cosmetics & Hair Products,Friday,November,11,0,0,0,0,1,47,1759.0,82692.0
2025-11-29,V040,Douala,Marché Sandaga,Cosmetics & Hair Products,Saturday,November,11,1,0,0,0,1,45,1862.0,83771.0
2025-11-30,V040,Douala,Marché Sandaga,Cosmetics & Hair Products,Sunday,November,11,1,0,0,0,1,38,1749.0,66475.0
2025-12-01,V040,Douala,Marché Sandaga,Cosmetics & Hair Products,Monday,December,12,0,0,0,0,0,17,1996.0,33930.0
2025-12-02,V040,Douala,Marché Sandaga,Cosmetics & Hair Products,Tuesday,December,12,0,0,0,0,0,22,1899.0,41785.0
2025-12-03,V040,Douala,Marché Sandaga,Cosmetics & Hair Products,Wednesday,December,12,0,0,0,0,0,25,1836.0,45909.0
2025-12-04,V040,Douala,Marché Sandaga,Cosmetics & Hair Products,Thursday,December,12,0,0,0,0,0,27,2053.0,55420.0
2025-12-05,V040,Douala,Marché Sandaga,Cosmetics & Hair Products,Friday,December,12,0,0,0,0,0,23,1955.0,44971.0
2025-12-06,V040,Douala,Marché Sandaga,Cosmetics & Hair Products,Saturday,December,12,1,0,0,1,0,55,1845.0,101498.0
2025-12-07,V040,Douala,Marché Sandaga,Cosmetics & Hair Products,Sunday,December,12,1,0,0,0,0,31,1834.0,56847.0
2025-12-08,V040,Douala,Marché Sandaga,Cosmetics & Hair Products,Monday,December,12,0,0,0,0,0,28,1608.0,45034.0
2025-12-09,V040,Douala,Marché Sandaga,Cosmetics & Hair Products,Tuesday,December,12,0,0,0,0,0,30,1689.0,50681.0
2025-12-10,V040,Douala,Marché Sandaga,Cosmetics & Hair Products,Wednesday,December,12,0,0,0,0,0,28,1618.0,45315.0
2025-12-11,V040,Douala,Marché Sandaga,Cosmetics & Hair Products,Thursday,December,12,0,0,0,0,0,23,2162.0,49725.0
2025-12-12,V040,Douala,Marché Sandaga,Cosmetics & Hair Products,Friday,December,12,0,0,0,0,0,51,1831.0,93391.0
2025-12-13,V040,Douala,Marché Sandaga,Cosmetics & Hair Products,Saturday,December,12,1,0,0,0,0,42,1929.0,80999.0
2025-12-14,V040,Douala,Marché Sandaga,Cosmetics & Hair Products,Sunday,December,12,1,0,0,0,0,45,1890.0,85051.0
2025-12-15,V040,Douala,Marché Sandaga,Cosmetics & Hair Products,Monday,December,12,0,0,0,0,0,18,2205.0,39693.0
2025-12-16,V040,Douala,Marché Sandaga,Cosmetics & Hair Products,Tuesday,December,12,0,0,0,0,0,25,1910.0,47758.0
2025-12-17,V040,Douala,Marché Sandaga,Cosmetics & Hair Products,Wednesday,December,12,0,0,0,0,0,19,1848.0,35114.0
2025-12-18,V040,Douala,Marché Sandaga,Cosmetics & Hair Products,Thursday,December,12,0,0,0,0,0,27,1849.0,49933.0
2025-12-19,V040,Douala,Marché Sandaga,Cosmetics & Hair Products,Friday,December,12,0,0,0,0,0,24,1801.0,43230.0
2025-12-20,V040,Douala,Marché Sandaga,Cosmetics & Hair Products,Saturday,December,12,1,0,0,1,0,40,1729.0,69160.0
2025-12-21,V040,Douala,Marché Sandaga,Cosmetics & Hair Products,Sunday,December,12,1,0,0,0,0,30,1727.0,51821.0
2025-12-22,V040,Douala,Marché Sandaga,Cosmetics & Hair Products,Monday,December,12,0,0,0,0,0,23,1854.0,42651.0
2025-12-23,V040,Douala,Marché Sandaga,Cosmetics & Hair Products,Tuesday,December,12,0,0,0,0,0,29,1941.0,56275.0
2025-12-24,V040,Douala,Marché Sandaga,Cosmetics & Hair Products,Wednesday,December,12,0,0,0,0,0,22,1730.0,38062.0
2025-12-25,V040,Douala,Marché Sandaga,Cosmetics & Hair Products,Thursday,December,12,0,1,0,0,0,25,1937.0,48435.0
2025-12-26,V040,Douala,Marché Sandaga,Cosmetics & Hair Products,Friday,December,12,0,0,0,0,0,27,1672.0,45152.0
2025-12-27,V040,Douala,Marché Sandaga,Cosmetics & Hair Products,Saturday,December,12,1,0,0,0,0,32,1921.0,61473.0
2025-12-28,V040,Douala,Marché Sandaga,Cosmetics & Hair Products,Sunday,December,12,1,0,0,0,0,24,1892.0,45402.0
2025-12-29,V040,Douala,Marché Sandaga,Cosmetics & Hair Products,Monday,December,12,0,0,0,0,1,28,1703.0,47682.0
2025-12-30,V040,Douala,Marché Sandaga,Cosmetics & Hair Products,Tuesday,December,12,0,0,0,0,1,21,1931.0,40542.0
2025-12-31,V040,Douala,Marché Sandaga,Cosmetics & Hair Products,Wednesday,December,12,0,0,0,0,1,40,1722.0,68876.0
2026-01-01,V040,Douala,Marché Sandaga,Cosmetics & Hair Products,Thursday,January,1,0,1,0,0,0,30,1810.0,54312.0
2026-01-02,V040,Douala,Marché Sandaga,Cosmetics & Hair Products,Friday,January,1,0,0,0,0,0,45,1900.0,85501.0
2026-01-03,V040,Douala,Marché Sandaga,Cosmetics & Hair Products,Saturday,January,1,1,0,0,1,0,33,1863.0,61483.0
2026-01-04,V040,Douala,Marché Sandaga,Cosmetics & Hair Products,Sunday,January,1,1,0,0,0,0,29,1945.0,56416.0
2026-01-05,V040,Douala,Marché Sandaga,Cosmetics & Hair Products,Monday,January,1,0,0,0,0,0,28,1811.0,50722.0
2026-01-06,V040,Douala,Marché Sandaga,Cosmetics & Hair Products,Tuesday,January,1,0,0,0,0,0,21,1910.0,40114.0
2026-01-07,V040,Douala,Marché Sandaga,Cosmetics & Hair Products,Wednesday,January,1,0,0,0,0,0,24,1689.0,40533.0
2026-01-08,V040,Douala,Marché Sandaga,Cosmetics & Hair Products,Thursday,January,1,0,0,0,0,0,22,2049.0,45085.0
2026-01-09,V040,Douala,Marché Sandaga,Cosmetics & Hair Products,Friday,January,1,0,0,0,0,0,39,1829.0,71338.0
2026-01-10,V040,Douala,Marché Sandaga,Cosmetics & Hair Products,Saturday,January,1,1,0,0,0,0,35,1647.0,57645.0
2026-01-11,V040,Douala,Marché Sandaga,Cosmetics & Hair Products,Sunday,January,1,1,0,0,0,0,35,1826.0,63922.0
2026-01-12,V040,Douala,Marché Sandaga,Cosmetics & Hair Products,Monday,January,1,0,0,0,0,0,22,1861.0,40951.0
2026-01-13,V040,Douala,Marché Sandaga,Cosmetics & Hair Products,Tuesday,January,1,0,0,0,0,0,22,1926.0,42368.0
2026-01-14,V040,Douala,Marché Sandaga,Cosmetics & Hair Products,Wednesday,January,1,0,0,0,0,0,22,1895.0,41692.0
2026-01-15,V040,Douala,Marché Sandaga,Cosmetics & Hair Products,Thursday,January,1,0,0,0,0,0,24,1833.0,43988.0
2026-01-16,V040,Douala,Marché Sandaga,Cosmetics & Hair Products,Friday,January,1,0,0,0,0,0,31,1927.0,59743.0
2026-01-17,V040,Douala,Marché Sandaga,Cosmetics & Hair Products,Saturday,January,1,1,0,0,1,0,48,1782.0,85539.0
2026-01-18,V040,Douala,Marché Sandaga,Cosmetics & Hair Products,Sunday,January,1,1,0,0,0,0,22,1734.0,38153.0
2026-01-19,V040,Douala,Marché Sandaga,Cosmetics & Hair Products,Monday,January,1,0,0,0,0,0,18,1895.0,34116.0
2026-01-20,V040,Douala,Marché Sandaga,Cosmetics & Hair Products,Tuesday,January,1,0,0,0,0,0,16,1680.0,26875.0
2026-01-21,V040,Douala,Marché Sandaga,Cosmetics & Hair Products,Wednesday,January,1,0,0,0,0,0,21,1932.0,40578.0
2026-01-22,V040,Douala,Marché Sandaga,Cosmetics & Hair Products,Thursday,January,1,0,0,0,0,0,23,2169.0,49896.0
2026-01-23,V040,Douala,Marché Sandaga,Cosmetics & Hair Products,Friday,January,1,0,0,0,0,0,35,1733.0,60670.0
2026-01-24,V040,Douala,Marché Sandaga,Cosmetics & Hair Products,Saturday,January,1,1,0,0,0,0,41,1853.0,75977.0
2026-01-25,V040,Douala,Marché Sandaga,Cosmetics & Hair Products,Sunday,January,1,1,0,0,0,0,31,1861.0,57695.0
2026-01-26,V040,Douala,Marché Sandaga,Cosmetics & Hair Products,Monday,January,1,0,0,0,0,0,29,1682.0,48767.0
2026-01-27,V040,Douala,Marché Sandaga,Cosmetics & Hair Products,Tuesday,January,1,0,0,0,0,0,23,1806.0,41537.0
2026-01-28,V040,Douala,Marché Sandaga,Cosmetics & Hair Products,Wednesday,January,1,0,0,0,0,0,23,1787.0,41112.0
2026-01-29,V040,Douala,Marché Sandaga,Cosmetics & Hair Products,Thursday,January,1,0,0,0,0,1,33,1858.0,61326.0
2026-01-30,V040,Douala,Marché Sandaga,Cosmetics & Hair Products,Friday,January,1,0,0,0,0,1,42,1804.0,75752.0
2026-01-31,V040,Douala,Marché Sandaga,Cosmetics & Hair Products,Saturday,January,1,1,0,0,0,1,44,1908.0,83947.0
2026-02-01,V040,Douala,Marché Sandaga,Cosmetics & Hair Products,Sunday,February,2,1,0,0,0,0,31,1905.0,59070.0
2026-02-02,V040,Douala,Marché Sandaga,Cosmetics & Hair Products,Monday,February,2,0,0,0,0,0,25,1990.0,49752.0
2026-02-03,V040,Douala,Marché Sandaga,Cosmetics & Hair Products,Tuesday,February,2,0,0,0,0,0,25,1878.0,46942.0
2026-02-04,V040,Douala,Marché Sandaga,Cosmetics & Hair Products,Wednesday,February,2,0,0,0,0,0,26,1871.0,48637.0
2026-02-05,V040,Douala,Marché Sandaga,Cosmetics & Hair Products,Thursday,February,2,0,0,0,0,0,25,1695.0,42367.0
2026-02-06,V040,Douala,Marché Sandaga,Cosmetics & Hair Products,Friday,February,2,0,0,0,0,0,29,1763.0,51141.0
2026-02-07,V040,Douala,Marché Sandaga,Cosmetics & Hair Products,Saturday,February,2,1,0,0,1,0,34,1882.0,64000.0
2026-02-08,V040,Douala,Marché Sandaga,Cosmetics & Hair Products,Sunday,February,2,1,0,0,0,0,41,1839.0,75416.0
2026-02-09,V040,Douala,Marché Sandaga,Cosmetics & Hair Products,Monday,February,2,0,0,0,0,0,27,1603.0,43288.0
2026-02-10,V040,Douala,Marché Sandaga,Cosmetics & Hair Products,Tuesday,February,2,0,0,0,0,0,24,1816.0,43590.0
2026-02-11,V040,Douala,Marché Sandaga,Cosmetics & Hair Products,Wednesday,February,2,0,1,0,0,0,33,1958.0,64614.0
2026-02-12,V040,Douala,Marché Sandaga,Cosmetics & Hair Products,Thursday,February,2,0,0,0,0,0,25,1799.0,44980.0
2026-02-13,V040,Douala,Marché Sandaga,Cosmetics & Hair Products,Friday,February,2,0,0,0,0,0,27,1667.0,45017.0
2026-02-14,V040,Douala,Marché Sandaga,Cosmetics & Hair Products,Saturday,February,2,1,0,0,0,0,48,1758.0,84372.0
2026-02-15,V040,Douala,Marché Sandaga,Cosmetics & Hair Products,Sunday,February,2,1,0,0,0,0,41,1771.0,72629.0
2026-02-16,V040,Douala,Marché Sandaga,Cosmetics & Hair Products,Monday,February,2,0,0,0,0,0,19,2148.0,40818.0
2026-02-17,V040,Douala,Marché Sandaga,Cosmetics & Hair Products,Tuesday,February,2,0,0,0,0,0,20,1978.0,39563.0
2026-02-18,V040,Douala,Marché Sandaga,Cosmetics & Hair Products,Wednesday,February,2,0,0,0,0,0,28,1851.0,51823.0
2026-02-19,V040,Douala,Marché Sandaga,Cosmetics & Hair Products,Thursday,February,2,0,0,0,0,0,22,1683.0,37034.0
2026-02-20,V040,Douala,Marché Sandaga,Cosmetics & Hair Products,Friday,February,2,0,0,0,0,0,45,1694.0,76216.0
2026-02-21,V040,Douala,Marché Sandaga,Cosmetics & Hair Products,Saturday,February,2,1,0,0,1,0,40,1772.0,70896.0
2026-02-22,V040,Douala,Marché Sandaga,Cosmetics & Hair Products,Sunday,February,2,1,0,0,0,0,30,1593.0,47781.0
2026-02-23,V040,Douala,Marché Sandaga,Cosmetics & Hair Products,Monday,February,2,0,0,0,0,0,23,1860.0,42778.0
2026-02-24,V040,Douala,Marché Sandaga,Cosmetics & Hair Products,Tuesday,February,2,0,0,0,0,0,23,1760.0,40478.0
2026-02-25,V040,Douala,Marché Sandaga,Cosmetics & Hair Products,Wednesday,February,2,0,0,0,0,0,24,2120.0,50870.0
2026-02-26,V040,Douala,Marché Sandaga,Cosmetics & Hair Products,Thursday,February,2,0,0,0,0,1,41,1770.0,72589.0
2026-02-27,V040,Douala,Marché Sandaga,Cosmetics & Hair Products,Friday,February,2,0,0,0,0,1,52,1704.0,88592.0
2026-02-28,V040,Douala,Marché Sandaga,Cosmetics & Hair Products,Saturday,February,2,1,0,0,0,1,47,1770.0,83175.0
2026-03-01,V040,Douala,Marché Sandaga,Cosmetics & Hair Products,Sunday,March,3,1,0,0,0,0,27,1912.0,51631.0
2026-03-02,V040,Douala,Marché Sandaga,Cosmetics & Hair Products,Monday,March,3,0,0,0,0,0,29,1947.0,56461.0
2026-03-03,V040,Douala,Marché Sandaga,Cosmetics & Hair Products,Tuesday,March,3,0,0,0,0,0,23,2015.0,46335.0
2026-03-04,V040,Douala,Marché Sandaga,Cosmetics & Hair Products,Wednesday,March,3,0,0,0,0,0,21,1962.0,41200.0
2026-03-05,V040,Douala,Marché Sandaga,Cosmetics & Hair Products,Thursday,March,3,0,0,0,0,0,36,1769.0,63695.0
2026-03-06,V040,Douala,Marché Sandaga,Cosmetics & Hair Products,Friday,March,3,0,0,0,0,0,35,1995.0,69813.0
2026-03-07,V040,Douala,Marché Sandaga,Cosmetics & Hair Products,Saturday,March,3,1,0,0,1,0,47,1860.0,87429.0
2026-03-08,V040,Douala,Marché Sandaga,Cosmetics & Hair Products,Sunday,March,3,1,1,0,0,0,48,1630.0,78220.0
2026-03-09,V040,Douala,Marché Sandaga,Cosmetics & Hair Products,Monday,March,3,0,0,0,0,0,16,1729.0,27666.0
2026-03-10,V040,Douala,Marché Sandaga,Cosmetics & Hair Products,Tuesday,March,3,0,0,0,0,0,35,1900.0,66512.0
2026-03-11,V040,Douala,Marché Sandaga,Cosmetics & Hair Products,Wednesday,March,3,0,0,0,0,0,27,1764.0,47628.0
2026-03-12,V040,Douala,Marché Sandaga,Cosmetics & Hair Products,Thursday,March,3,0,0,0,0,0,19,1753.0,33300.0
2026-03-13,V040,Douala,Marché Sandaga,Cosmetics & Hair Products,Friday,March,3,0,0,0,0,0,32,1625.0,52006.0
2026-03-14,V040,Douala,Marché Sandaga,Cosmetics & Hair Products,Saturday,March,3,1,0,0,0,0,37,1917.0,70934.0
2026-03-15,V040,Douala,Marché Sandaga,Cosmetics & Hair Products,Sunday,March,3,1,0,0,0,0,38,1755.0,66697.0
2026-03-16,V040,Douala,Marché Sandaga,Cosmetics & Hair Products,Monday,March,3,0,0,0,0,0,31,1613.0,49988.0
2026-03-17,V040,Douala,Marché Sandaga,Cosmetics & Hair Products,Tuesday,March,3,0,0,0,0,0,25,1610.0,40253.0
2026-03-18,V040,Douala,Marché Sandaga,Cosmetics & Hair Products,Wednesday,March,3,0,0,0,0,0,34,1912.0,65001.0
2026-03-19,V040,Douala,Marché Sandaga,Cosmetics & Hair Products,Thursday,March,3,0,0,0,0,0,24,1812.0,43498.0
2026-03-20,V040,Douala,Marché Sandaga,Cosmetics & Hair Products,Friday,March,3,0,0,0,0,0,35,1654.0,57878.0
2026-03-21,V040,Douala,Marché Sandaga,Cosmetics & Hair Products,Saturday,March,3,1,0,0,1,0,41,1814.0,74373.0
2026-03-22,V040,Douala,Marché Sandaga,Cosmetics & Hair Products,Sunday,March,3,1,0,0,0,0,27,1848.0,49898.0
2026-03-23,V040,Douala,Marché Sandaga,Cosmetics & Hair Products,Monday,March,3,0,0,0,0,0,38,1646.0,62553.0
2026-03-24,V040,Douala,Marché Sandaga,Cosmetics & Hair Products,Tuesday,March,3,0,0,0,0,0,27,1773.0,47878.0
2026-03-25,V040,Douala,Marché Sandaga,Cosmetics & Hair Products,Wednesday,March,3,0,0,0,0,0,27,1869.0,50467.0
2026-03-26,V040,Douala,Marché Sandaga,Cosmetics & Hair Products,Thursday,March,3,0,0,0,0,0,41,1690.0,69310.0
2026-03-27,V040,Douala,Marché Sandaga,Cosmetics & Hair Products,Friday,March,3,0,0,0,0,0,34,1841.0,62582.0
2026-03-28,V040,Douala,Marché Sandaga,Cosmetics & Hair Products,Saturday,March,3,1,0,0,0,0,40,1791.0,71645.0
2026-03-29,V040,Douala,Marché Sandaga,Cosmetics & Hair Products,Sunday,March,3,1,0,0,0,1,38,1722.0,65446.0
2026-03-30,V040,Douala,Marché Sandaga,Cosmetics & Hair Products,Monday,March,3,0,0,0,0,1,27,1975.0,53330.0
2026-03-31,V040,Douala,Marché Sandaga,Cosmetics & Hair Products,Tuesday,March,3,0,0,0,0,1,25,1674.0,41842.0
